date,sales,qty,product,category,region,profit
2023-01-01,19034.0,4,Mouse Wireless,Acessórios,Sudeste,5386.59
2023-01-01,3024.57,1,Webcam HD,Eletrônicos,Sudeste,639.57
2023-01-01,1153.83,3,Webcam HD,Eletrônicos,Sudeste,365.24
2023-01-01,3200.19,4,Smart Monitor 27,Eletrônicos,Sul,840.76
2023-01-01,4852.56,1,Webcam HD,Eletrônicos,Sul,1495.12
2023-01-01,207.63,2,Cadeira Gamer,Home Office,Nordeste,72.27
2023-01-01,1590.79,1,Mouse Wireless,Acessórios,Centro-Oeste,367.77
2023-01-01,852.02,4,Mouse Wireless,Acessórios,Sudeste,196.98
2023-01-01,2350.56,3,Teclado Mecânico,Acessórios,Centro-Oeste,406.73
2023-01-01,4962.32,4,Webcam HD,Eletrônicos,Centro-Oeste,608.64
2023-01-01,2156.8,2,Cadeira Gamer,Home Office,Sul,492.96
2023-01-02,12941.12,3,Mouse Wireless,Acessórios,Sudeste,3495.1
2023-01-02,418.75,1,Mouse Wireless,Acessórios,Sudeste,141.21
2023-01-02,11440.45,4,Mesa Escritório,Home Office,Centro-Oeste,2246.38
2023-01-02,1157.19,2,Mesa Escritório,Home Office,Centro-Oeste,313.67
2023-01-02,10343.97,3,Headset Pro,Eletrônicos,Centro-Oeste,2611.84
2023-01-02,1074.02,4,Mesa Escritório,Home Office,Centro-Oeste,351.56
2023-01-02,3971.83,4,Teclado Mecânico,Acessórios,Sudeste,1147.22
2023-01-02,5296.67,2,Webcam HD,Eletrônicos,Sudeste,1253.6
2023-01-02,506.87,2,Cadeira Gamer,Home Office,Nordeste,157.42
2023-01-02,18814.18,4,Cadeira Gamer,Home Office,Norte,6090.28
2023-01-02,7327.27,2,Notebook Pro X,Eletrônicos,Norte,1330.89
2023-01-02,2120.63,2,Notebook Pro X,Eletrônicos,Nordeste,236.04
2023-01-02,16952.86,4,Mesa Escritório,Home Office,Nordeste,4862.59
2023-01-03,7392.37,4,Mouse Wireless,Acessórios,Norte,1258.43
2023-01-03,5809.58,4,Teclado Mecânico,Acessórios,Sul,1011.26
2023-01-03,465.3,1,Notebook Pro X,Eletrônicos,Centro-Oeste,161.33
2023-01-03,8139.68,4,Cadeira Gamer,Home Office,Sudeste,1411.19
2023-01-03,12287.28,3,Mouse Wireless,Acessórios,Norte,3400.07
2023-01-03,11915.58,3,Webcam HD,Eletrônicos,Nordeste,2996.65
2023-01-03,3712.96,2,Headset Pro,Eletrônicos,Nordeste,478.85
2023-01-03,12795.57,3,Mouse Wireless,Acessórios,Sul,2717.3
2023-01-03,411.44,1,Smart Monitor 27,Eletrônicos,Sudeste,73.13
2023-01-04,3675.07,1,Headset Pro,Eletrônicos,Norte,953.27
2023-01-04,8550.28,3,Teclado Mecânico,Acessórios,Sudeste,1673.56
2023-01-04,10784.7,3,Mesa Escritório,Home Office,Norte,3129.68
2023-01-04,2512.65,2,Cadeira Gamer,Home Office,Sudeste,412.12
2023-01-04,7984.17,3,Webcam HD,Eletrônicos,Sul,1651.81
2023-01-04,4505.5,2,Cadeira Gamer,Home Office,Norte,677.76
2023-01-04,12873.64,4,Cadeira Gamer,Home Office,Sul,2299.09
2023-01-04,14032.12,4,Mesa Escritório,Home Office,Nordeste,1891.99
2023-01-04,6332.63,3,Teclado Mecânico,Acessórios,Sul,1829.42
2023-01-04,18879.93,4,Teclado Mecânico,Acessórios,Sul,4714.63
2023-01-04,2669.95,3,Cadeira Gamer,Home Office,Nordeste,887.56
2023-01-04,1548.61,1,Notebook Pro X,Eletrônicos,Sudeste,195.7
2023-01-05,8856.15,2,Mouse Wireless,Acessórios,Sul,1603.73
2023-01-05,13472.54,3,Webcam HD,Eletrônicos,Nordeste,2418.33
2023-01-05,1433.45,1,Mouse Wireless,Acessórios,Norte,375.45
2023-01-05,4108.27,1,Headset Pro,Eletrônicos,Sul,1294.86
2023-01-05,2720.44,3,Mouse Wireless,Acessórios,Nordeste,635.28
2023-01-05,2376.66,2,Headset Pro,Eletrônicos,Nordeste,308.89
2023-01-05,5184.86,4,Smart Monitor 27,Eletrônicos,Norte,736.63
2023-01-05,10568.3,4,Mouse Wireless,Acessórios,Norte,2914.26
2023-01-06,9723.46,2,Notebook Pro X,Eletrônicos,Sudeste,3311.93
2023-01-06,7023.78,2,Cadeira Gamer,Home Office,Centro-Oeste,1953.09
2023-01-06,1495.72,1,Smart Monitor 27,Eletrônicos,Centro-Oeste,163.36
2023-01-06,4885.41,1,Mouse Wireless,Acessórios,Centro-Oeste,990.56
2023-01-06,4396.1,3,Mesa Escritório,Home Office,Sul,1437.82
2023-01-07,1619.97,2,Cadeira Gamer,Home Office,Nordeste,360.22
2023-01-07,11236.7,4,Headset Pro,Eletrônicos,Sul,2788.66
2023-01-07,11495.81,3,Webcam HD,Eletrônicos,Nordeste,1832.54
2023-01-07,12106.15,3,Mouse Wireless,Acessórios,Sudeste,2634.0
2023-01-07,6408.59,2,Mesa Escritório,Home Office,Centro-Oeste,1499.25
2023-01-07,16047.56,4,Mouse Wireless,Acessórios,Norte,2209.42
2023-01-07,3041.82,3,Cadeira Gamer,Home Office,Nordeste,335.19
2023-01-08,13680.26,4,Headset Pro,Eletrônicos,Centro-Oeste,1424.76
2023-01-08,12199.67,3,Mesa Escritório,Home Office,Norte,2283.37
2023-01-08,2863.19,3,Notebook Pro X,Eletrônicos,Norte,780.89
2023-01-08,10547.93,4,Teclado Mecânico,Acessórios,Centro-Oeste,3263.82
2023-01-08,5313.68,3,Headset Pro,Eletrônicos,Norte,682.11
2023-01-08,8259.29,3,Cadeira Gamer,Home Office,Sul,2262.6
2023-01-08,10001.77,3,Mesa Escritório,Home Office,Norte,3043.59
2023-01-08,2631.52,1,Smart Monitor 27,Eletrônicos,Centro-Oeste,434.75
2023-01-09,19322.22,4,Cadeira Gamer,Home Office,Nordeste,4629.09
2023-01-09,12808.79,4,Teclado Mecânico,Acessórios,Sul,2366.52
2023-01-09,10595.26,3,Cadeira Gamer,Home Office,Sudeste,3302.17
2023-01-09,17786.89,4,Teclado Mecânico,Acessórios,Sudeste,5246.58
2023-01-09,17078.2,4,Mesa Escritório,Home Office,Sudeste,5702.56
2023-01-10,6756.08,2,Mouse Wireless,Acessórios,Sudeste,1656.4
2023-01-10,2388.84,4,Webcam HD,Eletrônicos,Centro-Oeste,635.13
2023-01-10,1491.21,1,Smart Monitor 27,Eletrônicos,Nordeste,262.96
2023-01-10,6980.57,2,Mouse Wireless,Acessórios,Sudeste,1835.82
2023-01-10,962.03,1,Notebook Pro X,Eletrônicos,Sudeste,100.55
2023-01-10,3388.92,2,Mouse Wireless,Acessórios,Sudeste,971.34
2023-01-10,14985.74,4,Webcam HD,Eletrônicos,Norte,4199.53
2023-01-10,11538.85,4,Mouse Wireless,Acessórios,Sudeste,1424.11
2023-01-11,2798.98,2,Webcam HD,Eletrônicos,Sudeste,450.63
2023-01-11,9793.15,2,Headset Pro,Eletrônicos,Centro-Oeste,2171.0
2023-01-11,12770.32,4,Headset Pro,Eletrônicos,Sul,3814.53
2023-01-11,6522.01,2,Teclado Mecânico,Acessórios,Sul,1742.88
2023-01-11,1056.69,1,Webcam HD,Eletrônicos,Centro-Oeste,296.52
2023-01-11,8708.46,3,Teclado Mecânico,Acessórios,Sul,2544.08
2023-01-11,3871.37,4,Teclado Mecânico,Acessórios,Norte,1297.35
2023-01-12,3827.56,2,Notebook Pro X,Eletrônicos,Norte,397.55
2023-01-12,6882.71,4,Webcam HD,Eletrônicos,Sudeste,1639.4
2023-01-12,14465.21,3,Notebook Pro X,Eletrônicos,Sudeste,4531.26
2023-01-12,4793.75,3,Webcam HD,Eletrônicos,Sul,708.17
2023-01-12,1652.92,1,Headset Pro,Eletrônicos,Centro-Oeste,235.33
2023-01-12,2033.99,1,Cadeira Gamer,Home Office,Sudeste,632.68
2023-01-12,8679.9,3,Teclado Mecânico,Acessórios,Nordeste,1078.86
2023-01-12,13554.41,4,Notebook Pro X,Eletrônicos,Sul,2570.75
2023-01-12,7919.45,3,Webcam HD,Eletrônicos,Sul,2529.02
2023-01-13,14061.51,4,Teclado Mecânico,Acessórios,Sul,3875.65
2023-01-13,11235.27,4,Smart Monitor 27,Eletrônicos,Centro-Oeste,1956.37
2023-01-13,8139.11,2,Webcam HD,Eletrônicos,Centro-Oeste,2578.21
2023-01-13,499.81,1,Webcam HD,Eletrônicos,Centro-Oeste,50.63
2023-01-13,16046.59,4,Notebook Pro X,Eletrônicos,Nordeste,4212.08
2023-01-14,705.97,3,Webcam HD,Eletrônicos,Centro-Oeste,172.76
2023-01-14,11734.29,4,Smart Monitor 27,Eletrônicos,Centro-Oeste,1278.87
2023-01-14,859.7,1,Smart Monitor 27,Eletrônicos,Sul,296.99
2023-01-14,5990.17,2,Headset Pro,Eletrônicos,Centro-Oeste,644.69
2023-01-14,1161.16,4,Webcam HD,Eletrônicos,Norte,204.15
2023-01-14,2167.79,3,Smart Monitor 27,Eletrônicos,Sul,499.81
2023-01-14,1430.56,1,Smart Monitor 27,Eletrônicos,Sudeste,488.27
2023-01-15,16903.65,4,Notebook Pro X,Eletrônicos,Sul,2511.8
2023-01-15,5498.22,2,Mesa Escritório,Home Office,Centro-Oeste,1426.01
2023-01-15,3001.81,4,Notebook Pro X,Eletrônicos,Norte,1027.77
2023-01-15,3364.97,2,Mouse Wireless,Acessórios,Sul,1005.44
2023-01-15,6672.75,3,Notebook Pro X,Eletrônicos,Norte,1908.48
2023-01-15,448.44,2,Webcam HD,Eletrônicos,Centro-Oeste,152.77
2023-01-15,6596.22,3,Mesa Escritório,Home Office,Nordeste,1795.0
2023-01-15,949.14,1,Teclado Mecânico,Acessórios,Sul,132.03
2023-01-15,2549.92,2,Webcam HD,Eletrônicos,Nordeste,314.83
2023-01-15,3334.97,1,Mesa Escritório,Home Office,Sul,566.89
2023-01-15,10527.25,4,Mouse Wireless,Acessórios,Norte,2782.12
2023-01-16,7354.39,2,Mouse Wireless,Acessórios,Centro-Oeste,823.17
2023-01-16,3688.53,2,Smart Monitor 27,Eletrônicos,Sudeste,1067.69
2023-01-16,1775.21,1,Webcam HD,Eletrônicos,Sul,218.26
2023-01-16,898.71,3,Teclado Mecânico,Acessórios,Nordeste,282.07
2023-01-16,3836.47,4,Headset Pro,Eletrônicos,Nordeste,400.11
2023-01-16,5017.84,2,Smart Monitor 27,Eletrônicos,Nordeste,1095.73
2023-01-16,2376.9,1,Webcam HD,Eletrônicos,Centro-Oeste,623.8
2023-01-16,6235.33,2,Notebook Pro X,Eletrônicos,Nordeste,1613.54
2023-01-16,2756.76,2,Webcam HD,Eletrônicos,Sul,286.22
2023-01-17,5110.19,2,Mouse Wireless,Acessórios,Norte,1200.1
2023-01-17,898.38,1,Mesa Escritório,Home Office,Nordeste,105.69
2023-01-17,14180.5,3,Headset Pro,Eletrônicos,Nordeste,4492.38
2023-01-17,18828.51,4,Mouse Wireless,Acessórios,Sudeste,4591.68
2023-01-17,5819.0,2,Mesa Escritório,Home Office,Norte,768.84
2023-01-17,2773.52,1,Headset Pro,Eletrônicos,Nordeste,930.15
2023-01-17,12360.27,3,Cadeira Gamer,Home Office,Centro-Oeste,3249.16
2023-01-18,562.77,1,Mesa Escritório,Home Office,Sul,152.37
2023-01-18,3313.04,1,Mouse Wireless,Acessórios,Nordeste,650.51
2023-01-18,428.06,2,Headset Pro,Eletrônicos,Sul,129.97
2023-01-18,2530.58,1,Teclado Mecânico,Acessórios,Norte,691.41
2023-01-18,6363.64,2,Smart Monitor 27,Eletrônicos,Sul,2032.34
2023-01-18,8591.74,4,Headset Pro,Eletrônicos,Sudeste,2937.47
2023-01-19,4350.02,2,Mesa Escritório,Home Office,Nordeste,1053.27
2023-01-19,14860.43,3,Mouse Wireless,Acessórios,Sudeste,3018.96
2023-01-19,2650.16,2,Teclado Mecânico,Acessórios,Nordeste,649.65
2023-01-19,13982.13,3,Notebook Pro X,Eletrônicos,Nordeste,4398.82
2023-01-19,3431.24,1,Mouse Wireless,Acessórios,Centro-Oeste,977.82
2023-01-19,1815.92,3,Mesa Escritório,Home Office,Sudeste,591.33
2023-01-19,5066.3,2,Headset Pro,Eletrônicos,Sul,1000.11
2023-01-19,4488.06,1,Mesa Escritório,Home Office,Sul,885.5
2023-01-20,1641.91,3,Mesa Escritório,Home Office,Norte,295.26
2023-01-20,6832.35,2,Mouse Wireless,Acessórios,Norte,1507.42
2023-01-20,6392.0,2,Headset Pro,Eletrônicos,Centro-Oeste,1355.82
2023-01-20,9155.88,3,Mouse Wireless,Acessórios,Sul,2183.0
2023-01-20,3786.64,1,Mesa Escritório,Home Office,Sudeste,1128.02
2023-01-20,655.98,1,Teclado Mecânico,Acessórios,Centro-Oeste,218.26
2023-01-20,764.08,2,Webcam HD,Eletrônicos,Sudeste,181.38
2023-01-20,3711.47,1,Headset Pro,Eletrônicos,Sudeste,877.69
2023-01-20,2020.89,3,Teclado Mecânico,Acessórios,Nordeste,274.33
2023-01-20,8402.25,2,Webcam HD,Eletrônicos,Centro-Oeste,2661.14
2023-01-20,1024.25,2,Mesa Escritório,Home Office,Nordeste,281.92
2023-01-20,4087.19,2,Notebook Pro X,Eletrônicos,Sul,1320.06
2023-01-20,997.22,2,Webcam HD,Eletrônicos,Centro-Oeste,120.87
2023-01-21,7735.71,4,Notebook Pro X,Eletrônicos,Sudeste,1490.37
2023-01-21,5039.03,4,Smart Monitor 27,Eletrônicos,Norte,1647.38
2023-01-21,3791.55,1,Notebook Pro X,Eletrônicos,Sudeste,735.81
2023-01-21,7380.5,3,Webcam HD,Eletrônicos,Centro-Oeste,1435.49
2023-01-21,6536.06,3,Mesa Escritório,Home Office,Nordeste,2134.6
2023-01-21,6686.44,3,Teclado Mecânico,Acessórios,Nordeste,1092.7
2023-01-21,4792.87,2,Webcam HD,Eletrônicos,Centro-Oeste,546.75
2023-01-22,4131.67,1,Mesa Escritório,Home Office,Norte,1181.88
2023-01-22,8875.52,3,Headset Pro,Eletrônicos,Norte,3022.5
2023-01-22,7322.41,3,Headset Pro,Eletrônicos,Sudeste,883.98
2023-01-22,1195.62,1,Smart Monitor 27,Eletrônicos,Sul,407.47
2023-01-22,19566.85,4,Cadeira Gamer,Home Office,Centro-Oeste,4676.5
2023-01-22,13399.8,3,Notebook Pro X,Eletrônicos,Centro-Oeste,3107.75
2023-01-22,13811.0,3,Smart Monitor 27,Eletrônicos,Nordeste,2254.61
2023-01-22,14548.75,3,Mesa Escritório,Home Office,Sudeste,3357.48
2023-01-22,1162.36,1,Mesa Escritório,Home Office,Centro-Oeste,201.81
2023-01-22,3175.03,1,Mouse Wireless,Acessórios,Centro-Oeste,781.31
2023-01-22,14847.17,4,Headset Pro,Eletrônicos,Sul,4881.95
2023-01-22,9514.03,2,Mouse Wireless,Acessórios,Nordeste,3068.9
2023-01-23,6978.94,4,Mouse Wireless,Acessórios,Sul,993.94
2023-01-23,9488.49,4,Mouse Wireless,Acessórios,Centro-Oeste,1787.04
2023-01-23,2806.19,2,Mouse Wireless,Acessórios,Norte,533.42
2023-01-23,19729.73,4,Webcam HD,Eletrônicos,Centro-Oeste,5416.61
2023-01-23,1470.84,1,Mesa Escritório,Home Office,Norte,298.29
2023-01-23,3455.18,1,Notebook Pro X,Eletrônicos,Centro-Oeste,485.99
2023-01-23,946.76,2,Mouse Wireless,Acessórios,Sul,317.29
2023-01-23,10968.08,3,Cadeira Gamer,Home Office,Nordeste,2778.8
2023-01-23,1010.93,2,Cadeira Gamer,Home Office,Sul,322.66
2023-01-23,964.71,3,Smart Monitor 27,Eletrônicos,Sudeste,102.83
2023-01-23,3910.25,1,Webcam HD,Eletrônicos,Norte,860.62
2023-01-23,2511.13,3,Notebook Pro X,Eletrônicos,Centro-Oeste,624.1
2023-01-24,8325.81,2,Mouse Wireless,Acessórios,Nordeste,2017.1
2023-01-24,2396.6,1,Webcam HD,Eletrônicos,Sudeste,488.2
2023-01-24,166.99,1,Smart Monitor 27,Eletrônicos,Sul,19.85
2023-01-24,16332.86,4,Webcam HD,Eletrônicos,Norte,5715.35
2023-01-24,9149.02,2,Notebook Pro X,Eletrônicos,Norte,2253.29
2023-01-24,4729.35,1,Webcam HD,Eletrônicos,Norte,1477.51
2023-01-24,1281.32,1,Smart Monitor 27,Eletrônicos,Nordeste,193.81
2023-01-24,4774.85,1,Mesa Escritório,Home Office,Sul,1201.08
2023-01-24,8806.56,2,Mouse Wireless,Acessórios,Norte,2547.3
2023-01-24,3709.99,2,Smart Monitor 27,Eletrônicos,Centro-Oeste,476.32
2023-01-24,5082.02,2,Headset Pro,Eletrônicos,Centro-Oeste,1113.23
2023-01-24,7946.4,3,Teclado Mecânico,Acessórios,Sul,2487.58
2023-01-24,9686.14,2,Teclado Mecânico,Acessórios,Nordeste,1182.7
2023-01-25,756.67,1,Webcam HD,Eletrônicos,Norte,81.11
2023-01-25,11834.62,3,Notebook Pro X,Eletrônicos,Norte,3075.11
2023-01-25,3430.57,3,Mouse Wireless,Acessórios,Norte,460.02
2023-01-25,19617.07,4,Webcam HD,Eletrônicos,Centro-Oeste,4943.93
2023-01-25,4043.99,2,Cadeira Gamer,Home Office,Centro-Oeste,846.69
2023-01-25,10978.04,3,Teclado Mecânico,Acessórios,Norte,2600.28
2023-01-25,3939.9,1,Headset Pro,Eletrônicos,Sul,784.57
2023-01-25,7996.95,3,Smart Monitor 27,Eletrônicos,Centro-Oeste,2194.45
2023-01-25,820.66,1,Notebook Pro X,Eletrônicos,Sul,272.17
2023-01-25,7735.39,2,Headset Pro,Eletrônicos,Norte,901.63
2023-01-25,4902.16,1,Smart Monitor 27,Eletrônicos,Centro-Oeste,1093.94
2023-01-25,1124.74,1,Notebook Pro X,Eletrônicos,Nordeste,275.46
2023-01-25,1415.19,3,Notebook Pro X,Eletrônicos,Centro-Oeste,187.12
2023-01-26,3377.29,4,Headset Pro,Eletrônicos,Sul,454.94
2023-01-26,3929.32,4,Headset Pro,Eletrônicos,Centro-Oeste,1077.13
2023-01-26,4494.26,1,Webcam HD,Eletrônicos,Sudeste,981.95
2023-01-26,4868.24,1,Mesa Escritório,Home Office,Nordeste,1219.42
2023-01-26,900.77,3,Mouse Wireless,Acessórios,Sul,128.12
2023-01-26,7213.34,4,Headset Pro,Eletrônicos,Centro-Oeste,778.69
2023-01-26,1382.23,2,Headset Pro,Eletrônicos,Sul,297.45
2023-01-26,8963.33,2,Cadeira Gamer,Home Office,Sul,1184.84
2023-01-26,6965.87,2,Cadeira Gamer,Home Office,Norte,765.05
2023-01-26,2457.61,1,Mouse Wireless,Acessórios,Centro-Oeste,668.34
2023-01-26,17522.14,4,Teclado Mecânico,Acessórios,Nordeste,5786.13
2023-01-27,8709.35,2,Mesa Escritório,Home Office,Nordeste,1054.96
2023-01-27,3012.46,3,Cadeira Gamer,Home Office,Norte,458.91
2023-01-27,13883.41,3,Cadeira Gamer,Home Office,Sul,2207.87
2023-01-27,7630.71,4,Smart Monitor 27,Eletrônicos,Sudeste,1645.44
2023-01-27,405.47,1,Headset Pro,Eletrônicos,Sul,55.52
2023-01-28,10401.33,3,Webcam HD,Eletrônicos,Centro-Oeste,3235.96
2023-01-28,8122.07,3,Webcam HD,Eletrônicos,Centro-Oeste,1029.82
2023-01-28,3670.64,2,Teclado Mecânico,Acessórios,Sul,731.52
2023-01-28,5677.17,4,Headset Pro,Eletrônicos,Nordeste,1103.19
2023-01-28,5726.86,2,Smart Monitor 27,Eletrônicos,Sudeste,1776.34
2023-01-28,3409.47,2,Headset Pro,Eletrônicos,Nordeste,443.03
2023-01-28,1780.34,1,Cadeira Gamer,Home Office,Sudeste,388.99
2023-01-29,9837.7,3,Webcam HD,Eletrônicos,Nordeste,2163.27
2023-01-29,10927.29,4,Smart Monitor 27,Eletrônicos,Sul,2695.87
2023-01-29,11896.09,4,Cadeira Gamer,Home Office,Norte,2868.32
2023-01-29,2981.0,2,Notebook Pro X,Eletrônicos,Sudeste,568.69
2023-01-29,6154.04,2,Mouse Wireless,Acessórios,Nordeste,991.34
2023-01-29,14801.77,3,Headset Pro,Eletrônicos,Centro-Oeste,3721.81
2023-01-29,136.92,1,Teclado Mecânico,Acessórios,Sudeste,21.4
2023-01-29,2610.39,2,Mouse Wireless,Acessórios,Centro-Oeste,365.9
2023-01-29,1591.95,3,Smart Monitor 27,Eletrônicos,Nordeste,479.92
2023-01-29,17976.6,4,Mouse Wireless,Acessórios,Sul,2158.24
2023-01-29,568.16,3,Webcam HD,Eletrônicos,Norte,155.81
2023-01-29,2595.96,4,Cadeira Gamer,Home Office,Nordeste,517.8
2023-01-29,18380.95,4,Teclado Mecânico,Acessórios,Nordeste,1862.45
2023-01-29,2727.45,2,Mouse Wireless,Acessórios,Nordeste,389.27
2023-01-30,9307.88,2,Teclado Mecânico,Acessórios,Centro-Oeste,2226.36
2023-01-30,9741.74,4,Notebook Pro X,Eletrônicos,Sudeste,3016.49
2023-01-30,1016.51,1,Teclado Mecânico,Acessórios,Sul,183.91
2023-01-30,3232.75,3,Mouse Wireless,Acessórios,Centro-Oeste,918.3
2023-01-30,2650.8,4,Webcam HD,Eletrônicos,Sudeste,669.74
2023-01-30,2110.89,4,Headset Pro,Eletrônicos,Norte,478.17
2023-01-30,7372.76,3,Webcam HD,Eletrônicos,Sul,1718.94
2023-01-31,3498.72,2,Webcam HD,Eletrônicos,Sul,467.44
2023-01-31,8369.15,3,Mouse Wireless,Acessórios,Nordeste,1258.99
2023-01-31,16273.54,4,Webcam HD,Eletrônicos,Sudeste,2663.33
2023-01-31,113.28,1,Teclado Mecânico,Acessórios,Centro-Oeste,14.63
2023-01-31,7232.17,3,Mesa Escritório,Home Office,Sudeste,1467.84
2023-02-01,4170.04,1,Notebook Pro X,Eletrônicos,Sul,1423.05
2023-02-01,9342.79,2,Smart Monitor 27,Eletrônicos,Centro-Oeste,3248.79
2023-02-01,1976.08,2,Smart Monitor 27,Eletrônicos,Nordeste,230.46
2023-02-01,14543.29,4,Mouse Wireless,Acessórios,Sudeste,1629.19
2023-02-01,784.88,1,Cadeira Gamer,Home Office,Sudeste,234.54
2023-02-02,1013.38,1,Notebook Pro X,Eletrônicos,Nordeste,161.05
2023-02-02,5326.04,2,Notebook Pro X,Eletrônicos,Nordeste,1010.39
2023-02-02,2982.7,1,Webcam HD,Eletrônicos,Nordeste,807.55
2023-02-02,9007.04,4,Teclado Mecânico,Acessórios,Sudeste,1749.49
2023-02-02,9474.29,3,Smart Monitor 27,Eletrônicos,Nordeste,2225.94
2023-02-02,7689.99,3,Teclado Mecânico,Acessórios,Nordeste,1215.43
2023-02-02,2018.26,1,Mesa Escritório,Home Office,Centro-Oeste,470.18
2023-02-03,4888.9,4,Teclado Mecânico,Acessórios,Sul,1152.37
2023-02-03,9410.35,2,Mouse Wireless,Acessórios,Norte,2417.77
2023-02-03,13996.87,4,Teclado Mecânico,Acessórios,Nordeste,1983.11
2023-02-03,9415.07,3,Notebook Pro X,Eletrônicos,Sudeste,2197.15
2023-02-03,8725.32,3,Headset Pro,Eletrônicos,Norte,3048.83
2023-02-03,1627.44,1,Mouse Wireless,Acessórios,Nordeste,263.84
2023-02-03,2403.98,3,Mesa Escritório,Home Office,Sudeste,363.33
2023-02-03,7672.1,2,Notebook Pro X,Eletrônicos,Nordeste,2448.87
2023-02-03,604.29,1,Notebook Pro X,Eletrônicos,Centro-Oeste,141.48
2023-02-04,724.69,1,Teclado Mecânico,Acessórios,Centro-Oeste,144.45
2023-02-04,2745.32,1,Mouse Wireless,Acessórios,Nordeste,608.33
2023-02-04,14556.15,4,Headset Pro,Eletrônicos,Norte,4075.86
2023-02-04,9097.11,3,Headset Pro,Eletrônicos,Norte,2195.83
2023-02-04,2667.63,2,Smart Monitor 27,Eletrônicos,Nordeste,497.31
2023-02-04,14398.4,3,Teclado Mecânico,Acessórios,Centro-Oeste,2672.79
2023-02-04,4128.34,2,Webcam HD,Eletrônicos,Norte,889.66
2023-02-04,6226.51,2,Cadeira Gamer,Home Office,Nordeste,2042.07
2023-02-05,1187.79,2,Mouse Wireless,Acessórios,Centro-Oeste,194.8
2023-02-05,17493.63,4,Mesa Escritório,Home Office,Norte,5825.9
2023-02-05,18407.51,4,Headset Pro,Eletrônicos,Sul,5476.62
2023-02-05,3565.47,1,Teclado Mecânico,Acessórios,Sudeste,492.52
2023-02-05,7738.93,4,Mouse Wireless,Acessórios,Nordeste,907.24
2023-02-05,11125.73,3,Webcam HD,Eletrônicos,Sul,3711.45
2023-02-05,9124.72,2,Mouse Wireless,Acessórios,Nordeste,1192.63
2023-02-05,4925.72,1,Cadeira Gamer,Home Office,Centro-Oeste,1525.62
2023-02-05,8407.41,2,Smart Monitor 27,Eletrônicos,Norte,1538.86
2023-02-05,5284.61,2,Webcam HD,Eletrônicos,Centro-Oeste,1309.63
2023-02-05,1958.6,1,Mesa Escritório,Home Office,Sul,560.28
2023-02-05,8067.96,2,Webcam HD,Eletrônicos,Nordeste,816.14
2023-02-06,6153.08,3,Cadeira Gamer,Home Office,Norte,1441.97
2023-02-06,13867.52,3,Cadeira Gamer,Home Office,Nordeste,3001.28
2023-02-06,11141.27,3,Mesa Escritório,Home Office,Sudeste,2373.7
2023-02-06,782.85,3,Smart Monitor 27,Eletrônicos,Nordeste,256.92
2023-02-06,1928.59,2,Mouse Wireless,Acessórios,Centro-Oeste,433.15
2023-02-06,532.02,2,Teclado Mecânico,Acessórios,Norte,94.63
2023-02-06,2944.88,1,Smart Monitor 27,Eletrônicos,Norte,759.97
2023-02-06,4568.54,4,Headset Pro,Eletrônicos,Sudeste,1045.25
2023-02-06,4809.24,1,Cadeira Gamer,Home Office,Nordeste,659.66
2023-02-06,8634.19,2,Headset Pro,Eletrônicos,Norte,2018.39
2023-02-06,10243.02,4,Webcam HD,Eletrônicos,Norte,2548.94
2023-02-06,2046.86,1,Cadeira Gamer,Home Office,Sudeste,423.08
2023-02-06,18001.86,4,Headset Pro,Eletrônicos,Centro-Oeste,2723.41
2023-02-07,1950.86,1,Notebook Pro X,Eletrônicos,Sudeste,603.09
2023-02-07,1265.92,3,Headset Pro,Eletrônicos,Norte,372.03
2023-02-07,8056.42,3,Mouse Wireless,Acessórios,Norte,1882.09
2023-02-07,2063.74,1,Cadeira Gamer,Home Office,Norte,495.11
2023-02-07,1813.83,3,Headset Pro,Eletrônicos,Sul,333.0
2023-02-08,11372.72,3,Mouse Wireless,Acessórios,Nordeste,1911.48
2023-02-08,9766.79,3,Smart Monitor 27,Eletrônicos,Sul,1974.68
2023-02-08,14690.29,3,Mesa Escritório,Home Office,Sudeste,4553.22
2023-02-08,9986.18,3,Headset Pro,Eletrônicos,Nordeste,1066.26
2023-02-08,4032.16,3,Teclado Mecânico,Acessórios,Sudeste,600.91
2023-02-08,589.74,3,Webcam HD,Eletrônicos,Sul,74.32
2023-02-08,8670.82,3,Mesa Escritório,Home Office,Sul,2790.83
2023-02-08,5068.38,4,Teclado Mecânico,Acessórios,Norte,632.84
2023-02-08,19779.08,4,Headset Pro,Eletrônicos,Centro-Oeste,4960.58
2023-02-08,8336.15,2,Teclado Mecânico,Acessórios,Nordeste,1661.36
2023-02-08,791.3,1,Mesa Escritório,Home Office,Norte,159.52
2023-02-09,2103.73,4,Headset Pro,Eletrônicos,Sul,543.41
2023-02-09,1118.64,1,Teclado Mecânico,Acessórios,Sul,119.28
2023-02-09,4394.58,1,Cadeira Gamer,Home Office,Norte,1145.8
2023-02-09,8948.18,2,Teclado Mecânico,Acessórios,Sul,2723.48
2023-02-09,6982.97,4,Mouse Wireless,Acessórios,Centro-Oeste,2138.72
2023-02-09,8977.34,3,Webcam HD,Eletrônicos,Norte,1499.36
2023-02-09,1791.44,1,Notebook Pro X,Eletrônicos,Sul,525.71
2023-02-09,2237.02,1,Notebook Pro X,Eletrônicos,Sudeste,388.38
2023-02-09,19501.13,4,Webcam HD,Eletrônicos,Centro-Oeste,5751.66
2023-02-09,4355.49,1,Teclado Mecânico,Acessórios,Norte,966.3
2023-02-09,4816.44,2,Mesa Escritório,Home Office,Centro-Oeste,700.92
2023-02-10,7833.13,3,Mesa Escritório,Home Office,Sudeste,2235.74
2023-02-10,6408.09,2,Smart Monitor 27,Eletrônicos,Nordeste,1053.95
2023-02-10,6521.53,2,Cadeira Gamer,Home Office,Nordeste,1339.69
2023-02-10,5351.76,2,Cadeira Gamer,Home Office,Sudeste,764.87
2023-02-10,10342.8,3,Mouse Wireless,Acessórios,Centro-Oeste,3161.24
2023-02-10,2707.92,4,Cadeira Gamer,Home Office,Sudeste,661.08
2023-02-11,5630.94,2,Cadeira Gamer,Home Office,Centro-Oeste,1480.12
2023-02-11,7257.99,2,Notebook Pro X,Eletrônicos,Centro-Oeste,919.19
2023-02-11,1541.48,2,Notebook Pro X,Eletrônicos,Centro-Oeste,500.99
2023-02-11,7375.41,2,Notebook Pro X,Eletrônicos,Sudeste,1199.85
2023-02-11,3358.68,1,Cadeira Gamer,Home Office,Nordeste,483.12
2023-02-11,4206.72,1,Smart Monitor 27,Eletrônicos,Centro-Oeste,845.95
2023-02-11,5285.39,2,Notebook Pro X,Eletrônicos,Sudeste,590.6
2023-02-11,19189.09,4,Smart Monitor 27,Eletrônicos,Nordeste,2803.39
2023-02-11,3055.45,1,Smart Monitor 27,Eletrônicos,Centro-Oeste,492.96
2023-02-11,4201.69,1,Smart Monitor 27,Eletrônicos,Sul,879.41
2023-02-12,3635.51,1,Headset Pro,Eletrônicos,Sul,918.33
2023-02-12,4865.29,2,Mouse Wireless,Acessórios,Centro-Oeste,1293.77
2023-02-12,1523.01,2,Teclado Mecânico,Acessórios,Norte,336.49
2023-02-12,505.59,2,Teclado Mecânico,Acessórios,Centro-Oeste,83.71
2023-02-12,12670.49,3,Mouse Wireless,Acessórios,Norte,3948.15
2023-02-12,9073.59,3,Notebook Pro X,Eletrônicos,Sudeste,1665.56
2023-02-12,4847.53,2,Webcam HD,Eletrônicos,Sudeste,902.1
2023-02-12,14672.5,4,Notebook Pro X,Eletrônicos,Norte,3284.77
2023-02-13,4704.88,2,Cadeira Gamer,Home Office,Sudeste,559.8
2023-02-13,8034.28,2,Headset Pro,Eletrônicos,Sul,2198.77
2023-02-13,251.49,2,Webcam HD,Eletrônicos,Sudeste,31.63
2023-02-13,548.75,1,Notebook Pro X,Eletrônicos,Sul,180.72
2023-02-13,3971.07,1,Teclado Mecânico,Acessórios,Sul,1082.67
2023-02-13,1007.15,1,Teclado Mecânico,Acessórios,Sul,237.16
2023-02-13,15264.49,4,Webcam HD,Eletrônicos,Sul,3964.76
2023-02-13,3328.04,1,Notebook Pro X,Eletrônicos,Sul,908.78
2023-02-13,9809.65,2,Webcam HD,Eletrônicos,Nordeste,3196.39
2023-02-13,4735.71,4,Mouse Wireless,Acessórios,Sudeste,1642.9
2023-02-13,3382.6,1,Cadeira Gamer,Home Office,Sul,375.61
2023-02-13,18534.87,4,Webcam HD,Eletrônicos,Centro-Oeste,2690.22
2023-02-14,9171.79,2,Webcam HD,Eletrônicos,Norte,995.01
2023-02-14,3682.02,1,Cadeira Gamer,Home Office,Norte,545.49
2023-02-14,19432.74,4,Smart Monitor 27,Eletrônicos,Sudeste,6530.7
2023-02-14,7501.63,2,Mouse Wireless,Acessórios,Norte,853.09
2023-02-14,4990.78,3,Mesa Escritório,Home Office,Sudeste,1533.31
2023-02-14,3285.82,1,Cadeira Gamer,Home Office,Nordeste,628.16
2023-02-14,2763.11,4,Mesa Escritório,Home Office,Sul,329.47
2023-02-14,2698.3,1,Smart Monitor 27,Eletrônicos,Nordeste,567.34
2023-02-14,1260.74,3,Headset Pro,Eletrônicos,Sudeste,225.45
2023-02-15,15898.17,4,Teclado Mecânico,Acessórios,Centro-Oeste,2856.71
2023-02-15,5297.65,2,Cadeira Gamer,Home Office,Centro-Oeste,1095.05
2023-02-15,4966.01,4,Teclado Mecânico,Acessórios,Sul,526.89
2023-02-15,9905.34,2,Headset Pro,Eletrônicos,Nordeste,991.12
2023-02-15,2691.79,1,Cadeira Gamer,Home Office,Centro-Oeste,901.12
2023-02-16,14969.63,3,Mouse Wireless,Acessórios,Centro-Oeste,2809.47
2023-02-16,1067.73,2,Mesa Escritório,Home Office,Sul,116.81
2023-02-16,12699.11,4,Mesa Escritório,Home Office,Sudeste,4043.64
2023-02-16,6154.82,3,Mouse Wireless,Acessórios,Nordeste,756.58
2023-02-16,6493.95,3,Smart Monitor 27,Eletrônicos,Norte,1846.85
2023-02-16,232.79,2,Webcam HD,Eletrônicos,Centro-Oeste,50.48
2023-02-16,6029.88,4,Notebook Pro X,Eletrônicos,Sudeste,1049.66
2023-02-17,1458.6,1,Mouse Wireless,Acessórios,Nordeste,477.82
2023-02-17,6588.27,3,Teclado Mecânico,Acessórios,Sul,1291.84
2023-02-17,2838.98,4,Smart Monitor 27,Eletrônicos,Centro-Oeste,962.71
2023-02-17,3953.09,1,Smart Monitor 27,Eletrônicos,Norte,483.67
2023-02-17,9826.84,2,Headset Pro,Eletrônicos,Nordeste,3154.9
2023-02-17,9561.07,4,Mouse Wireless,Acessórios,Nordeste,2422.32
2023-02-17,3742.43,1,Smart Monitor 27,Eletrônicos,Sul,435.04
2023-02-17,18877.54,4,Notebook Pro X,Eletrônicos,Sul,4953.69
2023-02-17,4170.15,1,Mouse Wireless,Acessórios,Nordeste,542.47
2023-02-18,1180.38,1,Mesa Escritório,Home Office,Sudeste,173.06
2023-02-18,12445.22,3,Mouse Wireless,Acessórios,Sul,3735.96
2023-02-18,9697.21,2,Webcam HD,Eletrônicos,Sul,3112.28
2023-02-18,9079.93,3,Cadeira Gamer,Home Office,Sul,2099.81
2023-02-18,6124.76,3,Cadeira Gamer,Home Office,Centro-Oeste,1773.48
2023-02-18,9964.09,2,Teclado Mecânico,Acessórios,Centro-Oeste,3231.94
2023-02-19,6304.79,2,Mouse Wireless,Acessórios,Sul,1809.27
2023-02-19,3005.41,1,Mouse Wireless,Acessórios,Norte,736.39
2023-02-19,4682.83,2,Webcam HD,Eletrônicos,Centro-Oeste,926.23
2023-02-19,2203.87,3,Headset Pro,Eletrônicos,Centro-Oeste,710.06
2023-02-19,4275.75,1,Notebook Pro X,Eletrônicos,Centro-Oeste,465.44
2023-02-19,9932.06,3,Headset Pro,Eletrônicos,Nordeste,2360.99
2023-02-19,4436.45,3,Cadeira Gamer,Home Office,Sudeste,723.86
2023-02-20,14036.0,4,Notebook Pro X,Eletrônicos,Sudeste,1574.78
2023-02-20,994.25,2,Smart Monitor 27,Eletrônicos,Centro-Oeste,154.15
2023-02-20,4482.95,1,Mesa Escritório,Home Office,Sudeste,1559.48
2023-02-20,5052.44,2,Smart Monitor 27,Eletrônicos,Nordeste,1112.28
2023-02-20,4541.92,1,Teclado Mecânico,Acessórios,Sudeste,1102.91
2023-02-20,13689.12,4,Smart Monitor 27,Eletrônicos,Nordeste,3305.0
2023-02-20,3696.16,1,Mesa Escritório,Home Office,Sul,851.28
2023-02-20,13305.66,4,Notebook Pro X,Eletrônicos,Centro-Oeste,4159.95
2023-02-20,2657.88,3,Notebook Pro X,Eletrônicos,Centro-Oeste,487.73
2023-02-20,3517.61,1,Cadeira Gamer,Home Office,Centro-Oeste,949.88
2023-02-21,3508.66,4,Webcam HD,Eletrônicos,Nordeste,1123.54
2023-02-21,4761.61,2,Mesa Escritório,Home Office,Norte,1522.61
2023-02-21,1462.92,2,Notebook Pro X,Eletrônicos,Sudeste,268.86
2023-02-21,9105.27,2,Teclado Mecânico,Acessórios,Norte,913.08
2023-02-21,8354.91,2,Headset Pro,Eletrônicos,Sul,1895.45
2023-02-21,3139.05,3,Smart Monitor 27,Eletrônicos,Sul,379.9
2023-02-21,14723.44,3,Notebook Pro X,Eletrônicos,Sudeste,3797.96
2023-02-21,5837.42,3,Smart Monitor 27,Eletrônicos,Norte,596.98
2023-02-21,3921.24,1,Cadeira Gamer,Home Office,Sudeste,497.0
2023-02-21,380.59,2,Cadeira Gamer,Home Office,Nordeste,79.19
2023-02-22,6064.62,3,Webcam HD,Eletrônicos,Centro-Oeste,878.61
2023-02-22,602.3,1,Mesa Escritório,Home Office,Centro-Oeste,201.35
2023-02-22,15508.74,4,Webcam HD,Eletrônicos,Sul,5223.72
2023-02-22,14280.17,4,Headset Pro,Eletrônicos,Sul,1668.46
2023-02-22,4841.02,2,Teclado Mecânico,Acessórios,Norte,554.2
2023-02-22,1296.54,4,Mesa Escritório,Home Office,Nordeste,412.15
2023-02-23,2212.27,3,Mouse Wireless,Acessórios,Centro-Oeste,640.6
2023-02-23,1264.7,3,Webcam HD,Eletrônicos,Sudeste,386.21
2023-02-23,7483.05,3,Webcam HD,Eletrônicos,Sudeste,2189.56
2023-02-23,210.09,2,Webcam HD,Eletrônicos,Sul,29.36
2023-02-23,9971.82,2,Smart Monitor 27,Eletrônicos,Norte,2059.63
2023-02-23,4285.63,1,Mesa Escritório,Home Office,Sul,993.22
2023-02-23,3499.04,1,Headset Pro,Eletrônicos,Sul,543.02
2023-02-23,7773.66,2,Mouse Wireless,Acessórios,Sul,1224.46
2023-02-24,4819.86,1,Headset Pro,Eletrônicos,Sudeste,519.7
2023-02-24,4723.72,1,Headset Pro,Eletrônicos,Nordeste,968.04
2023-02-24,14478.45,3,Smart Monitor 27,Eletrônicos,Norte,4199.09
2023-02-24,4921.49,1,Headset Pro,Eletrônicos,Sul,995.78
2023-02-24,14598.68,4,Notebook Pro X,Eletrônicos,Norte,4181.93
2023-02-24,757.67,3,Notebook Pro X,Eletrônicos,Sudeste,199.2
2023-02-24,11429.91,4,Headset Pro,Eletrônicos,Centro-Oeste,2490.38
2023-02-25,4036.3,4,Notebook Pro X,Eletrônicos,Norte,1280.14
2023-02-25,852.92,1,Headset Pro,Eletrônicos,Nordeste,182.03
2023-02-25,7658.04,2,Teclado Mecânico,Acessórios,Sudeste,1964.71
2023-02-25,6165.69,4,Cadeira Gamer,Home Office,Sul,2022.09
2023-02-25,6243.17,2,Cadeira Gamer,Home Office,Centro-Oeste,1867.55
2023-02-25,106.04,1,Teclado Mecânico,Acessórios,Centro-Oeste,26.46
2023-02-25,6918.54,2,Teclado Mecânico,Acessórios,Sudeste,1436.13
2023-02-25,2410.29,2,Smart Monitor 27,Eletrônicos,Nordeste,337.94
2023-02-25,5903.32,2,Notebook Pro X,Eletrônicos,Centro-Oeste,987.32
2023-02-25,8891.64,4,Smart Monitor 27,Eletrônicos,Norte,3077.29
2023-02-25,156.94,1,Smart Monitor 27,Eletrônicos,Sul,18.54
2023-02-25,8152.68,4,Mouse Wireless,Acessórios,Sul,2801.87
2023-02-26,13276.88,4,Smart Monitor 27,Eletrônicos,Centro-Oeste,3840.54
2023-02-26,15685.08,4,Notebook Pro X,Eletrônicos,Sul,1723.86
2023-02-26,7541.78,2,Mouse Wireless,Acessórios,Centro-Oeste,1029.31
2023-02-26,19738.59,4,Teclado Mecânico,Acessórios,Nordeste,2677.02
2023-02-26,9854.19,4,Headset Pro,Eletrônicos,Sudeste,1503.62
2023-02-26,2842.28,1,Smart Monitor 27,Eletrônicos,Nordeste,291.17
2023-02-26,1819.36,4,Webcam HD,Eletrônicos,Sul,424.93
2023-02-26,1818.07,1,Notebook Pro X,Eletrônicos,Norte,196.9
2023-02-26,7412.91,4,Cadeira Gamer,Home Office,Norte,1338.21
2023-02-26,5761.9,2,Webcam HD,Eletrônicos,Sudeste,1569.35
2023-02-27,3242.21,3,Cadeira Gamer,Home Office,Sudeste,459.97
2023-02-27,4762.59,1,Headset Pro,Eletrônicos,Sul,624.16
2023-02-27,764.32,3,Mesa Escritório,Home Office,Centro-Oeste,255.32
2023-02-27,9310.28,3,Webcam HD,Eletrônicos,Sul,1626.59
2023-02-27,17470.99,4,Teclado Mecânico,Acessórios,Sudeste,4866.05
2023-02-27,7877.54,2,Teclado Mecânico,Acessórios,Sudeste,1993.53
2023-02-28,13453.8,3,Cadeira Gamer,Home Office,Sul,3187.18
2023-02-28,7881.56,2,Headset Pro,Eletrônicos,Sul,1735.72
2023-02-28,8038.12,3,Teclado Mecânico,Acessórios,Sudeste,2273.96
2023-02-28,10954.95,3,Teclado Mecânico,Acessórios,Sul,2720.33
2023-02-28,3527.08,4,Notebook Pro X,Eletrônicos,Norte,1121.42
2023-02-28,3424.37,2,Webcam HD,Eletrônicos,Sul,744.96
2023-02-28,992.38,1,Cadeira Gamer,Home Office,Centro-Oeste,295.16
2023-02-28,941.83,3,Teclado Mecânico,Acessórios,Sul,132.25
2023-02-28,7248.18,2,Mesa Escritório,Home Office,Nordeste,1138.79
2023-02-28,11032.58,4,Mouse Wireless,Acessórios,Nordeste,2463.79
2023-02-28,4311.03,4,Teclado Mecânico,Acessórios,Sul,1164.22
2023-03-01,3292.6,3,Mesa Escritório,Home Office,Sudeste,1021.08
2023-03-01,4354.54,1,Mouse Wireless,Acessórios,Nordeste,1227.07
2023-03-01,4246.6,1,Notebook Pro X,Eletrônicos,Nordeste,1092.19
2023-03-01,7672.36,4,Mesa Escritório,Home Office,Nordeste,2661.64
2023-03-01,11048.69,4,Mouse Wireless,Acessórios,Norte,2524.61
2023-03-01,2249.22,1,Mesa Escritório,Home Office,Norte,632.74
2023-03-01,12281.3,4,Notebook Pro X,Eletrônicos,Sudeste,3063.34
2023-03-01,8665.73,4,Teclado Mecânico,Acessórios,Norte,1466.3
2023-03-01,4472.66,3,Notebook Pro X,Eletrônicos,Centro-Oeste,848.86
2023-03-01,9457.61,3,Headset Pro,Eletrônicos,Centro-Oeste,2439.02
2023-03-02,11707.2,3,Cadeira Gamer,Home Office,Sudeste,2356.98
2023-03-02,1960.89,2,Webcam HD,Eletrônicos,Sul,312.54
2023-03-02,5223.63,2,Notebook Pro X,Eletrônicos,Nordeste,1061.74
2023-03-02,5024.32,2,Teclado Mecânico,Acessórios,Centro-Oeste,812.97
2023-03-02,8338.41,4,Mesa Escritório,Home Office,Sudeste,2069.84
2023-03-03,3346.84,1,Headset Pro,Eletrônicos,Sul,414.39
2023-03-03,2016.3,1,Teclado Mecânico,Acessórios,Norte,690.29
2023-03-03,8608.27,2,Webcam HD,Eletrônicos,Sul,880.26
2023-03-03,3890.02,1,Smart Monitor 27,Eletrônicos,Norte,516.28
2023-03-03,1261.44,1,Smart Monitor 27,Eletrônicos,Sul,200.15
2023-03-03,920.27,2,Webcam HD,Eletrônicos,Sudeste,131.08
2023-03-03,4598.02,2,Mouse Wireless,Acessórios,Norte,1229.27
2023-03-03,2211.35,1,Webcam HD,Eletrônicos,Sudeste,358.63
2023-03-03,14244.18,3,Mesa Escritório,Home Office,Centro-Oeste,2323.68
2023-03-03,1842.67,2,Headset Pro,Eletrônicos,Norte,201.16
2023-03-03,1847.99,1,Mesa Escritório,Home Office,Sul,431.28
2023-03-04,3556.39,1,Headset Pro,Eletrônicos,Sudeste,752.5
2023-03-04,13063.59,3,Notebook Pro X,Eletrônicos,Centro-Oeste,1978.61
2023-03-04,267.52,1,Notebook Pro X,Eletrônicos,Sudeste,92.74
2023-03-04,2702.73,1,Teclado Mecânico,Acessórios,Norte,903.12
2023-03-04,3236.01,1,Mouse Wireless,Acessórios,Norte,505.39
2023-03-05,533.92,1,Notebook Pro X,Eletrônicos,Sudeste,67.18
2023-03-05,911.12,3,Teclado Mecânico,Acessórios,Sul,124.9
2023-03-05,2451.5,1,Headset Pro,Eletrônicos,Norte,665.56
2023-03-05,9527.76,2,Teclado Mecânico,Acessórios,Centro-Oeste,2475.12
2023-03-05,2942.55,1,Cadeira Gamer,Home Office,Nordeste,481.27
2023-03-05,7486.04,3,Cadeira Gamer,Home Office,Nordeste,1996.65
2023-03-05,2864.53,4,Notebook Pro X,Eletrônicos,Sudeste,381.49
2023-03-05,14211.74,4,Teclado Mecânico,Acessórios,Sudeste,2138.35
2023-03-05,2687.01,3,Notebook Pro X,Eletrônicos,Centro-Oeste,395.23
2023-03-06,3460.81,4,Notebook Pro X,Eletrônicos,Centro-Oeste,549.02
2023-03-06,2904.1,3,Headset Pro,Eletrônicos,Norte,793.27
2023-03-06,14685.88,3,Webcam HD,Eletrônicos,Sudeste,2842.81
2023-03-06,5072.31,2,Teclado Mecânico,Acessórios,Norte,1290.71
2023-03-06,17346.33,4,Mesa Escritório,Home Office,Sudeste,5067.38
2023-03-06,13984.95,3,Notebook Pro X,Eletrônicos,Sudeste,3809.24
2023-03-06,3042.99,1,Notebook Pro X,Eletrônicos,Nordeste,1020.07
2023-03-06,4059.87,2,Cadeira Gamer,Home Office,Nordeste,1066.97
2023-03-06,3616.02,2,Cadeira Gamer,Home Office,Centro-Oeste,505.6
2023-03-06,1344.96,4,Teclado Mecânico,Acessórios,Sul,463.06
2023-03-06,4967.35,1,Notebook Pro X,Eletrônicos,Nordeste,1431.13
2023-03-07,1514.56,1,Cadeira Gamer,Home Office,Sudeste,192.77
2023-03-07,4160.58,2,Smart Monitor 27,Eletrônicos,Nordeste,756.22
2023-03-07,4494.09,2,Teclado Mecânico,Acessórios,Sul,1462.12
2023-03-07,4009.29,1,Teclado Mecânico,Acessórios,Sudeste,837.52
2023-03-07,5822.38,3,Teclado Mecânico,Acessórios,Sul,1014.36
2023-03-07,384.65,3,Notebook Pro X,Eletrônicos,Nordeste,69.68
2023-03-07,12352.7,4,Mouse Wireless,Acessórios,Norte,2975.27
2023-03-07,6011.8,3,Teclado Mecânico,Acessórios,Centro-Oeste,1275.54
2023-03-07,2773.87,1,Mesa Escritório,Home Office,Centro-Oeste,585.58
2023-03-08,5953.2,2,Teclado Mecânico,Acessórios,Sul,846.02
2023-03-08,6271.01,2,Cadeira Gamer,Home Office,Sudeste,1353.74
2023-03-08,8272.75,3,Cadeira Gamer,Home Office,Centro-Oeste,2795.11
2023-03-08,4895.98,2,Headset Pro,Eletrônicos,Norte,520.98
2023-03-08,1267.4,2,Webcam HD,Eletrônicos,Sudeste,173.95
2023-03-08,11771.38,4,Notebook Pro X,Eletrônicos,Sul,2747.45
2023-03-08,6097.17,3,Mesa Escritório,Home Office,Nordeste,1447.19
2023-03-08,7237.61,2,Webcam HD,Eletrônicos,Nordeste,2452.69
2023-03-08,4129.73,1,Mouse Wireless,Acessórios,Centro-Oeste,857.81
2023-03-08,13090.5,4,Smart Monitor 27,Eletrônicos,Norte,4247.97
2023-03-09,18569.88,4,Headset Pro,Eletrônicos,Sudeste,2136.78
2023-03-09,2448.0,1,Headset Pro,Eletrônicos,Nordeste,363.87
2023-03-09,4961.54,2,Notebook Pro X,Eletrônicos,Norte,814.66
2023-03-09,13533.88,4,Smart Monitor 27,Eletrônicos,Sul,4498.68
2023-03-09,10967.56,4,Teclado Mecânico,Acessórios,Centro-Oeste,1950.33
2023-03-09,14465.66,4,Teclado Mecânico,Acessórios,Sudeste,2892.79
2023-03-09,2126.39,1,Notebook Pro X,Eletrônicos,Sudeste,277.43
2023-03-09,2111.37,3,Notebook Pro X,Eletrônicos,Nordeste,664.77
2023-03-09,8019.9,3,Mouse Wireless,Acessórios,Norte,2223.61
2023-03-09,15950.78,4,Notebook Pro X,Eletrônicos,Norte,2333.71
2023-03-09,19273.37,4,Cadeira Gamer,Home Office,Sudeste,4257.22
2023-03-09,12291.51,3,Webcam HD,Eletrônicos,Centro-Oeste,2376.9
2023-03-09,3202.44,1,Mesa Escritório,Home Office,Nordeste,1081.95
2023-03-10,8228.05,2,Cadeira Gamer,Home Office,Norte,2641.63
2023-03-10,3989.34,1,Cadeira Gamer,Home Office,Sudeste,1043.82
2023-03-10,8456.16,4,Mesa Escritório,Home Office,Sul,2621.12
2023-03-10,15490.92,4,Mesa Escritório,Home Office,Norte,3704.8
2023-03-10,11773.73,3,Teclado Mecânico,Acessórios,Sudeste,1986.25
2023-03-10,12812.26,3,Cadeira Gamer,Home Office,Norte,3431.84
2023-03-10,568.12,1,Smart Monitor 27,Eletrônicos,Sul,145.42
2023-03-10,2177.33,1,Mouse Wireless,Acessórios,Sudeste,301.01
2023-03-10,3710.68,1,Smart Monitor 27,Eletrônicos,Norte,1171.46
2023-03-10,8169.76,3,Webcam HD,Eletrônicos,Norte,1181.44
2023-03-10,3245.66,1,Notebook Pro X,Eletrônicos,Sudeste,817.17
2023-03-11,2015.44,1,Smart Monitor 27,Eletrônicos,Sul,501.08
2023-03-11,1589.39,2,Cadeira Gamer,Home Office,Sudeste,268.03
2023-03-11,10518.62,3,Smart Monitor 27,Eletrônicos,Nordeste,2115.08
2023-03-11,4568.75,2,Teclado Mecânico,Acessórios,Sul,1284.41
2023-03-11,14871.46,3,Mouse Wireless,Acessórios,Nordeste,1964.5
2023-03-11,9167.33,3,Notebook Pro X,Eletrônicos,Nordeste,1689.6
2023-03-11,5773.55,4,Cadeira Gamer,Home Office,Centro-Oeste,691.99
2023-03-11,13047.68,4,Webcam HD,Eletrônicos,Nordeste,3248.06
2023-03-11,1684.52,1,Teclado Mecânico,Acessórios,Sul,263.9
2023-03-11,3124.06,1,Mouse Wireless,Acessórios,Sudeste,657.94
2023-03-11,1725.21,4,Smart Monitor 27,Eletrônicos,Nordeste,517.72
2023-03-11,9710.47,3,Mesa Escritório,Home Office,Centro-Oeste,1629.29
2023-03-11,13157.2,4,Webcam HD,Eletrônicos,Norte,3068.78
2023-03-11,2338.61,1,Mesa Escritório,Home Office,Sudeste,345.13
2023-03-12,5863.6,3,Teclado Mecânico,Acessórios,Nordeste,1118.4
2023-03-12,11040.56,3,Teclado Mecânico,Acessórios,Norte,2388.09
2023-03-12,11777.31,4,Headset Pro,Eletrônicos,Nordeste,1439.09
2023-03-12,958.98,1,Headset Pro,Eletrônicos,Norte,261.32
2023-03-12,935.34,1,Notebook Pro X,Eletrônicos,Sul,189.28
2023-03-12,4613.64,2,Webcam HD,Eletrônicos,Norte,1333.53
2023-03-13,13432.27,4,Mouse Wireless,Acessórios,Sudeste,4014.4
2023-03-13,7897.52,4,Teclado Mecânico,Acessórios,Sul,1026.34
2023-03-13,2540.52,3,Notebook Pro X,Eletrônicos,Nordeste,884.41
2023-03-13,15464.56,4,Cadeira Gamer,Home Office,Sul,2488.47
2023-03-13,5305.39,2,Mesa Escritório,Home Office,Centro-Oeste,1357.63
2023-03-14,15203.3,4,Notebook Pro X,Eletrônicos,Nordeste,2005.75
2023-03-14,10334.03,4,Mesa Escritório,Home Office,Norte,1444.97
2023-03-14,277.19,1,Notebook Pro X,Eletrônicos,Nordeste,48.72
2023-03-14,3548.41,2,Cadeira Gamer,Home Office,Sul,692.75
2023-03-14,9382.19,2,Smart Monitor 27,Eletrônicos,Centro-Oeste,2237.19
2023-03-14,12431.71,3,Notebook Pro X,Eletrônicos,Nordeste,2112.47
2023-03-15,17517.4,4,Webcam HD,Eletrônicos,Norte,2460.16
2023-03-15,5070.24,2,Smart Monitor 27,Eletrônicos,Sudeste,1764.64
2023-03-15,2016.11,1,Smart Monitor 27,Eletrônicos,Norte,454.21
2023-03-15,670.2,1,Mouse Wireless,Acessórios,Centro-Oeste,203.98
2023-03-15,10212.27,3,Notebook Pro X,Eletrônicos,Nordeste,2380.69
2023-03-15,8098.07,2,Notebook Pro X,Eletrônicos,Norte,2409.24
2023-03-15,16447.21,4,Notebook Pro X,Eletrônicos,Norte,2970.89
2023-03-15,2850.81,3,Mouse Wireless,Acessórios,Nordeste,780.37
2023-03-15,9581.76,2,Notebook Pro X,Eletrônicos,Sul,2330.86
2023-03-15,8260.31,2,Teclado Mecânico,Acessórios,Sudeste,1099.7
2023-03-15,3274.53,2,Notebook Pro X,Eletrônicos,Sul,823.85
2023-03-15,3070.64,1,Cadeira Gamer,Home Office,Norte,894.18
2023-03-15,1655.9,1,Headset Pro,Eletrônicos,Centro-Oeste,560.03
2023-03-15,1634.47,2,Headset Pro,Eletrônicos,Norte,313.63
2023-03-16,226.48,1,Cadeira Gamer,Home Office,Norte,30.3
2023-03-16,1967.32,4,Smart Monitor 27,Eletrônicos,Sul,578.75
2023-03-16,8876.96,4,Teclado Mecânico,Acessórios,Norte,1579.69
2023-03-16,8785.83,2,Mesa Escritório,Home Office,Centro-Oeste,1488.65
2023-03-16,9720.15,3,Smart Monitor 27,Eletrônicos,Sul,1497.0
2023-03-16,6105.02,2,Headset Pro,Eletrônicos,Norte,1167.28
2023-03-16,1201.84,3,Headset Pro,Eletrônicos,Norte,354.77
2023-03-16,2275.2,2,Smart Monitor 27,Eletrônicos,Nordeste,503.16
2023-03-16,766.25,2,Cadeira Gamer,Home Office,Sudeste,209.77
2023-03-16,2208.65,1,Notebook Pro X,Eletrônicos,Norte,315.1
2023-03-16,694.79,1,Cadeira Gamer,Home Office,Centro-Oeste,122.16
2023-03-16,2913.17,3,Mouse Wireless,Acessórios,Norte,795.02
2023-03-17,12810.52,4,Mouse Wireless,Acessórios,Nordeste,2014.12
2023-03-17,3114.58,1,Webcam HD,Eletrônicos,Norte,549.92
2023-03-17,13252.18,4,Mouse Wireless,Acessórios,Sudeste,4134.73
2023-03-17,1480.96,2,Mouse Wireless,Acessórios,Sudeste,476.35
2023-03-17,6609.94,2,Headset Pro,Eletrônicos,Norte,1246.36
2023-03-18,1933.49,2,Teclado Mecânico,Acessórios,Nordeste,380.45
2023-03-18,154.05,1,Teclado Mecânico,Acessórios,Sul,31.43
2023-03-18,6453.14,3,Notebook Pro X,Eletrônicos,Nordeste,1920.35
2023-03-18,3825.42,1,Mouse Wireless,Acessórios,Sul,513.67
2023-03-18,9398.54,3,Headset Pro,Eletrônicos,Sul,1699.96
2023-03-18,2563.77,2,Mouse Wireless,Acessórios,Sudeste,881.86
2023-03-18,833.24,2,Cadeira Gamer,Home Office,Sudeste,92.21
2023-03-18,637.71,1,Mesa Escritório,Home Office,Nordeste,151.13
2023-03-18,7640.21,3,Webcam HD,Eletrônicos,Centro-Oeste,1272.13
2023-03-18,2492.38,1,Smart Monitor 27,Eletrônicos,Sudeste,342.73
2023-03-19,14852.2,4,Smart Monitor 27,Eletrônicos,Sudeste,3252.7
2023-03-19,3109.0,1,Mouse Wireless,Acessórios,Sul,979.0
2023-03-19,7893.16,2,Mesa Escritório,Home Office,Sudeste,2549.66
2023-03-19,600.53,1,Cadeira Gamer,Home Office,Sudeste,158.94
2023-03-19,3471.86,1,Mouse Wireless,Acessórios,Sul,727.01
2023-03-19,1468.9,1,Cadeira Gamer,Home Office,Sudeste,488.53
2023-03-19,18074.54,4,Headset Pro,Eletrônicos,Centro-Oeste,3892.7
2023-03-19,7583.15,3,Mesa Escritório,Home Office,Sul,1490.75
2023-03-20,4848.51,4,Headset Pro,Eletrônicos,Centro-Oeste,1562.91
2023-03-20,7920.6,3,Notebook Pro X,Eletrônicos,Norte,1089.42
2023-03-20,19770.2,4,Teclado Mecânico,Acessórios,Norte,4167.92
2023-03-20,1216.79,4,Smart Monitor 27,Eletrônicos,Norte,147.47
2023-03-20,9987.82,3,Cadeira Gamer,Home Office,Sul,3001.67
2023-03-20,477.99,3,Teclado Mecânico,Acessórios,Centro-Oeste,162.1
2023-03-20,1999.22,1,Smart Monitor 27,Eletrônicos,Norte,430.8
2023-03-20,7254.18,4,Webcam HD,Eletrônicos,Sul,2130.29
2023-03-20,11822.49,3,Mouse Wireless,Acessórios,Norte,2231.03
2023-03-20,1164.28,2,Cadeira Gamer,Home Office,Sudeste,308.62
2023-03-21,8716.22,4,Mouse Wireless,Acessórios,Norte,1051.65
2023-03-21,19370.06,4,Smart Monitor 27,Eletrônicos,Centro-Oeste,3367.7
2023-03-21,4865.71,4,Webcam HD,Eletrônicos,Sul,1673.79
2023-03-21,3323.6,3,Smart Monitor 27,Eletrônicos,Sudeste,433.22
2023-03-21,2754.99,2,Headset Pro,Eletrônicos,Centro-Oeste,323.2
2023-03-21,2698.48,1,Notebook Pro X,Eletrônicos,Centro-Oeste,298.15
2023-03-21,3357.71,2,Teclado Mecânico,Acessórios,Nordeste,440.9
2023-03-21,14705.56,3,Teclado Mecânico,Acessórios,Sul,3683.31
2023-03-21,4609.46,1,Notebook Pro X,Eletrônicos,Sul,1061.06
2023-03-21,13266.98,4,Headset Pro,Eletrônicos,Sudeste,1751.56
2023-03-21,1928.88,3,Smart Monitor 27,Eletrônicos,Norte,481.51
2023-03-21,1923.62,1,Headset Pro,Eletrônicos,Norte,400.15
2023-03-22,902.05,1,Webcam HD,Eletrônicos,Norte,151.95
2023-03-22,2781.43,4,Notebook Pro X,Eletrônicos,Sudeste,415.46
2023-03-22,324.61,2,Cadeira Gamer,Home Office,Nordeste,113.0
2023-03-22,8196.28,2,Mouse Wireless,Acessórios,Sudeste,2584.64
2023-03-22,1366.31,1,Mouse Wireless,Acessórios,Norte,322.46
2023-03-22,3799.71,1,Headset Pro,Eletrônicos,Sul,817.45
2023-03-22,15064.56,4,Notebook Pro X,Eletrônicos,Centro-Oeste,3607.26
2023-03-22,9945.58,3,Mesa Escritório,Home Office,Centro-Oeste,1435.72
2023-03-22,7581.24,2,Smart Monitor 27,Eletrônicos,Norte,1268.59
2023-03-22,1246.21,4,Cadeira Gamer,Home Office,Norte,175.97
2023-03-22,3457.96,1,Smart Monitor 27,Eletrônicos,Norte,425.22
2023-03-22,2292.41,2,Notebook Pro X,Eletrônicos,Centro-Oeste,519.15
2023-03-22,7110.72,4,Cadeira Gamer,Home Office,Sudeste,1445.99
2023-03-22,2992.7,1,Mouse Wireless,Acessórios,Norte,679.61
2023-03-23,2528.07,3,Mouse Wireless,Acessórios,Sul,312.06
2023-03-23,12871.31,4,Cadeira Gamer,Home Office,Nordeste,3736.29
2023-03-23,2664.47,3,Cadeira Gamer,Home Office,Centro-Oeste,638.17
2023-03-23,5234.91,4,Webcam HD,Eletrônicos,Norte,1474.23
2023-03-23,1461.72,1,Headset Pro,Eletrônicos,Nordeste,217.05
2023-03-23,16081.39,4,Mesa Escritório,Home Office,Centro-Oeste,2428.43
2023-03-23,7475.01,2,Mesa Escritório,Home Office,Centro-Oeste,2270.76
2023-03-23,3063.96,3,Webcam HD,Eletrônicos,Nordeste,578.62
2023-03-23,2739.61,1,Notebook Pro X,Eletrônicos,Centro-Oeste,632.96
2023-03-23,7657.71,2,Notebook Pro X,Eletrônicos,Centro-Oeste,833.37
2023-03-24,2184.31,2,Cadeira Gamer,Home Office,Sul,741.61
2023-03-24,3424.06,1,Mesa Escritório,Home Office,Sul,989.78
2023-03-24,4792.38,3,Cadeira Gamer,Home Office,Sudeste,1529.55
2023-03-24,711.1,1,Headset Pro,Eletrônicos,Sudeste,139.62
2023-03-24,14552.59,4,Smart Monitor 27,Eletrônicos,Nordeste,4679.37
2023-03-25,4036.95,2,Webcam HD,Eletrônicos,Sul,820.13
2023-03-25,3896.1,4,Cadeira Gamer,Home Office,Sudeste,417.93
2023-03-25,3683.83,2,Mesa Escritório,Home Office,Nordeste,1099.81
2023-03-25,8285.61,4,Mouse Wireless,Acessórios,Sudeste,2639.51
2023-03-25,3247.4,1,Webcam HD,Eletrônicos,Nordeste,377.39
2023-03-25,4818.6,4,Cadeira Gamer,Home Office,Norte,1328.66
2023-03-25,12228.36,4,Headset Pro,Eletrônicos,Centro-Oeste,3290.86
2023-03-26,4266.36,3,Teclado Mecânico,Acessórios,Centro-Oeste,1306.63
2023-03-26,3218.8,1,Cadeira Gamer,Home Office,Norte,441.78
2023-03-26,6951.07,4,Cadeira Gamer,Home Office,Sul,2059.08
2023-03-26,2256.45,2,Smart Monitor 27,Eletrônicos,Nordeste,691.11
2023-03-26,6770.93,3,Mesa Escritório,Home Office,Sul,926.69
2023-03-26,11111.93,3,Smart Monitor 27,Eletrônicos,Sul,1766.4
2023-03-27,3031.3,1,Mesa Escritório,Home Office,Sudeste,860.64
2023-03-27,11084.15,3,Teclado Mecânico,Acessórios,Nordeste,1938.18
2023-03-27,2164.12,1,Webcam HD,Eletrônicos,Norte,560.6
2023-03-27,3893.75,4,Notebook Pro X,Eletrônicos,Centro-Oeste,1057.07
2023-03-27,12645.09,3,Mouse Wireless,Acessórios,Sudeste,2477.91
2023-03-27,4756.53,1,Notebook Pro X,Eletrônicos,Sudeste,716.97
2023-03-27,7499.81,4,Webcam HD,Eletrônicos,Sul,1377.17
2023-03-27,3531.23,1,Mouse Wireless,Acessórios,Norte,870.28
2023-03-28,3518.59,1,Smart Monitor 27,Eletrônicos,Nordeste,1169.59
2023-03-28,14127.98,3,Mouse Wireless,Acessórios,Sudeste,2328.63
2023-03-28,2410.31,2,Notebook Pro X,Eletrônicos,Sul,468.15
2023-03-28,4047.59,4,Headset Pro,Eletrônicos,Centro-Oeste,1216.95
2023-03-28,9386.06,2,Headset Pro,Eletrônicos,Nordeste,2595.29
2023-03-28,989.89,2,Cadeira Gamer,Home Office,Centro-Oeste,279.14
2023-03-28,9112.02,2,Mouse Wireless,Acessórios,Centro-Oeste,2688.53
2023-03-28,15404.05,4,Webcam HD,Eletrônicos,Nordeste,2152.36
2023-03-28,2974.45,4,Headset Pro,Eletrônicos,Sul,594.02
2023-03-28,13276.32,4,Mesa Escritório,Home Office,Nordeste,4502.71
2023-03-29,1274.06,4,Mouse Wireless,Acessórios,Sul,138.96
2023-03-29,3930.59,3,Mouse Wireless,Acessórios,Centro-Oeste,1283.59
2023-03-29,19506.76,4,Notebook Pro X,Eletrônicos,Norte,3760.94
2023-03-29,6911.18,3,Headset Pro,Eletrônicos,Sudeste,2033.11
2023-03-29,3465.08,4,Smart Monitor 27,Eletrônicos,Nordeste,1085.52
2023-03-29,1221.0,3,Notebook Pro X,Eletrônicos,Sul,398.79
2023-03-29,1795.01,1,Cadeira Gamer,Home Office,Centro-Oeste,320.94
2023-03-29,5405.95,3,Smart Monitor 27,Eletrônicos,Sudeste,1756.71
2023-03-29,7378.0,2,Mesa Escritório,Home Office,Sul,1749.18
2023-03-29,11379.3,4,Webcam HD,Eletrônicos,Nordeste,3803.02
2023-03-29,8313.11,2,Smart Monitor 27,Eletrônicos,Norte,2468.4
2023-03-29,7362.05,2,Headset Pro,Eletrônicos,Nordeste,2542.29
2023-03-30,3305.46,1,Notebook Pro X,Eletrônicos,Nordeste,494.25
2023-03-30,7029.96,4,Teclado Mecânico,Acessórios,Centro-Oeste,1245.53
2023-03-30,3081.78,1,Smart Monitor 27,Eletrônicos,Sudeste,577.45
2023-03-30,207.97,1,Mesa Escritório,Home Office,Centro-Oeste,58.23
2023-03-30,3989.21,3,Webcam HD,Eletrônicos,Sudeste,1247.24
2023-03-30,8313.05,3,Smart Monitor 27,Eletrônicos,Nordeste,2869.08
2023-03-31,14567.16,4,Headset Pro,Eletrônicos,Sul,1703.15
2023-03-31,5578.62,2,Smart Monitor 27,Eletrônicos,Sudeste,1412.65
2023-03-31,4691.35,2,Notebook Pro X,Eletrônicos,Sul,1037.6
2023-03-31,790.7,1,Teclado Mecânico,Acessórios,Sul,210.36
2023-03-31,3378.21,1,Mouse Wireless,Acessórios,Sul,728.25
2023-03-31,9419.18,4,Notebook Pro X,Eletrônicos,Norte,2706.33
2023-04-01,7833.79,3,Mesa Escritório,Home Office,Centro-Oeste,2362.68
2023-04-01,9785.01,2,Notebook Pro X,Eletrônicos,Sudeste,2920.8
2023-04-01,1086.68,1,Smart Monitor 27,Eletrônicos,Sudeste,178.93
2023-04-01,11079.02,4,Cadeira Gamer,Home Office,Norte,3208.55
2023-04-01,10579.96,4,Smart Monitor 27,Eletrônicos,Centro-Oeste,1599.91
2023-04-01,3332.18,1,Teclado Mecânico,Acessórios,Centro-Oeste,467.86
2023-04-01,2540.2,2,Mouse Wireless,Acessórios,Nordeste,540.58
2023-04-01,7557.15,2,Notebook Pro X,Eletrônicos,Sudeste,1809.9
2023-04-01,839.0,2,Mouse Wireless,Acessórios,Norte,181.21
2023-04-01,5935.65,4,Smart Monitor 27,Eletrônicos,Sudeste,1173.37
2023-04-01,1850.46,3,Smart Monitor 27,Eletrônicos,Sudeste,488.88
2023-04-01,2047.17,1,Teclado Mecânico,Acessórios,Sudeste,252.52
2023-04-02,3175.46,3,Notebook Pro X,Eletrônicos,Norte,465.78
2023-04-02,6027.9,4,Cadeira Gamer,Home Office,Centro-Oeste,1797.6
2023-04-02,5818.26,4,Headset Pro,Eletrônicos,Centro-Oeste,1036.16
2023-04-02,2040.26,1,Smart Monitor 27,Eletrônicos,Centro-Oeste,670.78
2023-04-02,10595.73,4,Mouse Wireless,Acessórios,Norte,2245.24
2023-04-02,7973.96,2,Cadeira Gamer,Home Office,Sul,1428.86
2023-04-02,5637.58,3,Mesa Escritório,Home Office,Norte,1828.25
2023-04-02,14757.77,3,Teclado Mecânico,Acessórios,Norte,1994.92
2023-04-02,263.58,1,Teclado Mecânico,Acessórios,Sul,50.32
2023-04-03,16052.43,4,Notebook Pro X,Eletrônicos,Sudeste,5488.95
2023-04-03,13271.52,3,Teclado Mecânico,Acessórios,Norte,3993.41
2023-04-03,3332.73,2,Headset Pro,Eletrônicos,Sul,1156.81
2023-04-03,4922.14,1,Cadeira Gamer,Home Office,Norte,1314.11
2023-04-03,1682.75,1,Mesa Escritório,Home Office,Nordeste,587.74
2023-04-03,4389.4,2,Smart Monitor 27,Eletrônicos,Norte,616.97
2023-04-03,10396.86,3,Mesa Escritório,Home Office,Sudeste,1281.49
2023-04-03,14499.33,4,Headset Pro,Eletrônicos,Centro-Oeste,4676.97
2023-04-03,3914.47,2,Teclado Mecânico,Acessórios,Nordeste,1344.09
2023-04-04,18396.88,4,Notebook Pro X,Eletrônicos,Sul,2349.04
2023-04-04,6561.26,4,Mesa Escritório,Home Office,Nordeste,1428.99
2023-04-04,9879.52,3,Mouse Wireless,Acessórios,Centro-Oeste,1763.64
2023-04-04,10086.56,4,Webcam HD,Eletrônicos,Norte,3097.2
2023-04-04,10698.52,4,Mesa Escritório,Home Office,Sul,1723.37
2023-04-04,16589.17,4,Smart Monitor 27,Eletrônicos,Sul,2076.29
2023-04-04,2158.58,1,Webcam HD,Eletrônicos,Norte,704.43
2023-04-04,6920.16,3,Mouse Wireless,Acessórios,Sul,1987.52
2023-04-04,2233.98,1,Cadeira Gamer,Home Office,Sul,545.79
2023-04-04,4223.09,1,Mouse Wireless,Acessórios,Sul,919.88
2023-04-04,4033.43,3,Webcam HD,Eletrônicos,Centro-Oeste,434.72
2023-04-04,3413.27,1,Notebook Pro X,Eletrônicos,Sul,618.74
2023-04-04,474.82,4,Smart Monitor 27,Eletrônicos,Sul,128.4
2023-04-05,3310.88,1,Notebook Pro X,Eletrônicos,Norte,1151.97
2023-04-05,4405.36,3,Headset Pro,Eletrônicos,Sul,1148.57
2023-04-05,17381.18,4,Teclado Mecânico,Acessórios,Sudeste,2674.66
2023-04-05,3425.87,3,Webcam HD,Eletrônicos,Norte,371.01
2023-04-05,2100.7,1,Cadeira Gamer,Home Office,Norte,608.81
2023-04-05,17475.61,4,Teclado Mecânico,Acessórios,Sudeste,5094.42
2023-04-05,1168.68,3,Teclado Mecânico,Acessórios,Sudeste,379.48
2023-04-05,13635.77,3,Headset Pro,Eletrônicos,Norte,3650.06
2023-04-05,2785.49,3,Mouse Wireless,Acessórios,Sul,549.97
2023-04-05,4711.51,2,Webcam HD,Eletrônicos,Norte,1489.5
2023-04-06,3927.93,2,Notebook Pro X,Eletrônicos,Norte,1351.99
2023-04-06,4894.89,2,Mesa Escritório,Home Office,Nordeste,511.52
2023-04-06,14902.12,4,Notebook Pro X,Eletrônicos,Sudeste,4910.53
2023-04-06,2173.57,3,Mesa Escritório,Home Office,Norte,601.91
2023-04-06,9125.55,2,Smart Monitor 27,Eletrônicos,Nordeste,2632.63
2023-04-06,4213.36,1,Webcam HD,Eletrônicos,Sul,1455.5
2023-04-06,7321.38,2,Smart Monitor 27,Eletrônicos,Centro-Oeste,1289.94
2023-04-06,8130.34,3,Webcam HD,Eletrônicos,Centro-Oeste,2103.91
2023-04-06,2606.58,4,Cadeira Gamer,Home Office,Sul,719.21
2023-04-06,434.87,1,Headset Pro,Eletrônicos,Centro-Oeste,72.11
2023-04-06,160.78,1,Mouse Wireless,Acessórios,Sul,34.92
2023-04-06,4140.22,1,Smart Monitor 27,Eletrônicos,Nordeste,490.87
2023-04-07,11034.62,3,Notebook Pro X,Eletrônicos,Sul,2755.37
2023-04-07,13572.56,3,Headset Pro,Eletrônicos,Nordeste,4249.11
2023-04-07,1719.0,1,Webcam HD,Eletrônicos,Centro-Oeste,318.19
2023-04-07,4032.47,4,Webcam HD,Eletrônicos,Centro-Oeste,482.86
2023-04-07,4206.95,1,Webcam HD,Eletrônicos,Norte,720.74
2023-04-07,11823.01,4,Webcam HD,Eletrônicos,Centro-Oeste,4124.57
2023-04-07,5818.82,2,Notebook Pro X,Eletrônicos,Centro-Oeste,1540.28
2023-04-07,16694.92,4,Smart Monitor 27,Eletrônicos,Nordeste,4169.47
2023-04-07,3714.07,1,Smart Monitor 27,Eletrônicos,Centro-Oeste,859.1
2023-04-07,3379.08,1,Teclado Mecânico,Acessórios,Centro-Oeste,1038.47
2023-04-07,19134.16,4,Headset Pro,Eletrônicos,Nordeste,2033.68
2023-04-07,6627.28,3,Mesa Escritório,Home Office,Nordeste,1187.85
2023-04-07,9502.89,4,Mesa Escritório,Home Office,Centro-Oeste,1277.01
2023-04-08,1815.28,2,Webcam HD,Eletrônicos,Centro-Oeste,258.94
2023-04-08,3193.41,1,Teclado Mecânico,Acessórios,Norte,791.72
2023-04-08,3234.07,1,Mouse Wireless,Acessórios,Nordeste,870.31
2023-04-08,2442.81,4,Mesa Escritório,Home Office,Nordeste,479.1
2023-04-08,4856.75,1,Mouse Wireless,Acessórios,Nordeste,804.61
2023-04-08,12172.76,4,Notebook Pro X,Eletrônicos,Centro-Oeste,3480.17
2023-04-08,1417.9,1,Mouse Wireless,Acessórios,Sul,286.05
2023-04-09,114.31,1,Mouse Wireless,Acessórios,Sul,12.57
2023-04-09,647.36,2,Notebook Pro X,Eletrônicos,Nordeste,87.4
2023-04-09,9604.98,4,Cadeira Gamer,Home Office,Centro-Oeste,2042.18
2023-04-09,2462.0,1,Webcam HD,Eletrônicos,Sudeste,366.9
2023-04-09,6877.78,3,Notebook Pro X,Eletrônicos,Sul,1503.29
2023-04-09,2631.21,1,Mesa Escritório,Home Office,Norte,266.74
2023-04-09,685.07,2,Webcam HD,Eletrônicos,Nordeste,211.23
2023-04-09,2517.3,4,Smart Monitor 27,Eletrônicos,Nordeste,464.98
2023-04-09,2248.84,1,Mouse Wireless,Acessórios,Sul,347.73
2023-04-09,3076.19,2,Webcam HD,Eletrônicos,Sudeste,1024.18
2023-04-10,2107.02,4,Teclado Mecânico,Acessórios,Nordeste,535.74
2023-04-10,10819.35,4,Headset Pro,Eletrônicos,Sul,3461.82
2023-04-10,13151.07,3,Headset Pro,Eletrônicos,Sul,2937.77
2023-04-10,959.35,3,Mesa Escritório,Home Office,Sudeste,204.0
2023-04-10,4338.55,3,Headset Pro,Eletrônicos,Nordeste,861.83
2023-04-10,14705.26,4,Teclado Mecânico,Acessórios,Sudeste,4713.99
2023-04-10,3598.76,1,Mesa Escritório,Home Office,Centro-Oeste,906.8
2023-04-10,6215.86,4,Smart Monitor 27,Eletrônicos,Sudeste,1738.0
2023-04-10,16495.49,4,Headset Pro,Eletrônicos,Norte,1656.0
2023-04-10,330.93,3,Notebook Pro X,Eletrônicos,Sudeste,92.46
2023-04-10,1175.01,3,Webcam HD,Eletrônicos,Centro-Oeste,294.87
2023-04-10,2715.6,2,Headset Pro,Eletrônicos,Nordeste,723.23
2023-04-10,2335.56,1,Webcam HD,Eletrônicos,Centro-Oeste,449.04
2023-04-11,6458.53,3,Headset Pro,Eletrônicos,Centro-Oeste,1858.73
2023-04-11,2080.77,1,Cadeira Gamer,Home Office,Sul,375.1
2023-04-11,4714.46,1,Smart Monitor 27,Eletrônicos,Norte,1259.43
2023-04-11,3267.61,1,Cadeira Gamer,Home Office,Nordeste,1052.2
2023-04-11,149.64,1,Smart Monitor 27,Eletrônicos,Norte,38.76
2023-04-11,1334.23,2,Notebook Pro X,Eletrônicos,Norte,184.9
2023-04-11,10942.4,3,Mesa Escritório,Home Office,Sudeste,1424.04
2023-04-12,425.57,1,Mouse Wireless,Acessórios,Norte,99.37
2023-04-12,16472.25,4,Mouse Wireless,Acessórios,Sudeste,4508.79
2023-04-12,6182.8,4,Teclado Mecânico,Acessórios,Sul,1369.49
2023-04-12,2056.91,1,Smart Monitor 27,Eletrônicos,Sudeste,673.71
2023-04-12,5674.7,2,Notebook Pro X,Eletrônicos,Sul,1054.31
2023-04-12,12305.83,3,Smart Monitor 27,Eletrônicos,Sudeste,1437.89
2023-04-13,8548.04,2,Headset Pro,Eletrônicos,Nordeste,1717.94
2023-04-13,1449.37,1,Headset Pro,Eletrônicos,Norte,255.93
2023-04-13,5984.8,2,Mouse Wireless,Acessórios,Nordeste,937.04
2023-04-13,16519.48,4,Cadeira Gamer,Home Office,Sul,5193.57
2023-04-13,11462.46,3,Teclado Mecânico,Acessórios,Nordeste,1429.58
2023-04-13,8858.32,3,Smart Monitor 27,Eletrônicos,Centro-Oeste,1707.82
2023-04-13,234.36,1,Headset Pro,Eletrônicos,Centro-Oeste,46.46
2023-04-13,7741.24,4,Headset Pro,Eletrônicos,Centro-Oeste,1097.05
2023-04-13,3264.13,1,Mesa Escritório,Home Office,Nordeste,362.95
2023-04-14,4738.56,1,Teclado Mecânico,Acessórios,Nordeste,876.36
2023-04-14,6529.06,2,Mouse Wireless,Acessórios,Centro-Oeste,1692.5
2023-04-14,5972.36,3,Smart Monitor 27,Eletrônicos,Centro-Oeste,1779.34
2023-04-14,4874.9,3,Mesa Escritório,Home Office,Nordeste,1312.71
2023-04-14,2702.32,1,Mouse Wireless,Acessórios,Centro-Oeste,838.88
2023-04-15,11369.89,4,Headset Pro,Eletrônicos,Norte,1436.19
2023-04-15,788.71,1,Teclado Mecânico,Acessórios,Norte,174.62
2023-04-15,19558.06,4,Mesa Escritório,Home Office,Nordeste,4556.6
2023-04-15,1982.61,1,Smart Monitor 27,Eletrônicos,Norte,217.59
2023-04-15,9271.25,2,Webcam HD,Eletrônicos,Sudeste,1887.05
2023-04-15,643.28,3,Mesa Escritório,Home Office,Norte,185.94
2023-04-15,7471.41,3,Webcam HD,Eletrônicos,Nordeste,990.05
2023-04-15,1338.16,2,Teclado Mecânico,Acessórios,Norte,453.61
2023-04-15,2422.63,1,Cadeira Gamer,Home Office,Sudeste,511.25
2023-04-15,8301.73,2,Cadeira Gamer,Home Office,Centro-Oeste,2872.43
2023-04-15,3073.7,1,Cadeira Gamer,Home Office,Nordeste,423.85
2023-04-15,1989.01,1,Smart Monitor 27,Eletrônicos,Sudeste,368.16
2023-04-16,855.31,1,Headset Pro,Eletrônicos,Centro-Oeste,203.93
2023-04-16,1849.7,2,Notebook Pro X,Eletrônicos,Nordeste,299.15
2023-04-16,6774.49,3,Smart Monitor 27,Eletrônicos,Sudeste,1189.49
2023-04-16,14296.67,4,Mouse Wireless,Acessórios,Norte,2062.91
2023-04-16,1778.0,1,Mesa Escritório,Home Office,Centro-Oeste,297.92
2023-04-16,16681.49,4,Webcam HD,Eletrônicos,Norte,3940.28
2023-04-16,2944.29,1,Mesa Escritório,Home Office,Centro-Oeste,396.89
2023-04-16,2512.67,3,Notebook Pro X,Eletrônicos,Norte,764.33
2023-04-17,11801.11,3,Mesa Escritório,Home Office,Nordeste,3347.32
2023-04-17,6309.38,2,Headset Pro,Eletrônicos,Sudeste,1529.04
2023-04-17,4722.17,2,Webcam HD,Eletrônicos,Sudeste,1334.98
2023-04-17,1173.41,4,Headset Pro,Eletrônicos,Sudeste,256.84
2023-04-17,18176.08,4,Notebook Pro X,Eletrônicos,Norte,2419.11
2023-04-17,13668.98,3,Webcam HD,Eletrônicos,Centro-Oeste,3834.64
2023-04-17,2346.49,1,Cadeira Gamer,Home Office,Sudeste,256.93
2023-04-17,7947.0,2,Mouse Wireless,Acessórios,Centro-Oeste,1042.69
2023-04-18,5805.04,4,Notebook Pro X,Eletrônicos,Sul,1853.39
2023-04-18,19404.31,4,Mesa Escritório,Home Office,Centro-Oeste,6544.65
2023-04-18,9813.68,2,Headset Pro,Eletrônicos,Centro-Oeste,2167.37
2023-04-18,10041.85,4,Teclado Mecânico,Acessórios,Sul,1763.47
2023-04-18,6001.36,4,Notebook Pro X,Eletrônicos,Centro-Oeste,905.04
2023-04-19,5982.15,3,Webcam HD,Eletrônicos,Nordeste,1362.85
2023-04-19,1875.11,1,Headset Pro,Eletrônicos,Centro-Oeste,527.71
2023-04-19,4905.62,1,Mesa Escritório,Home Office,Sul,990.43
2023-04-19,9151.12,3,Webcam HD,Eletrônicos,Norte,2268.12
2023-04-19,14353.89,3,Webcam HD,Eletrônicos,Sul,2154.79
2023-04-19,391.41,1,Teclado Mecânico,Acessórios,Sudeste,39.45
2023-04-19,4250.15,1,Smart Monitor 27,Eletrônicos,Nordeste,1373.96
2023-04-19,4884.92,3,Headset Pro,Eletrônicos,Centro-Oeste,801.18
2023-04-19,2601.12,1,Notebook Pro X,Eletrônicos,Centro-Oeste,667.57
2023-04-19,11090.24,3,Smart Monitor 27,Eletrônicos,Norte,3223.37
2023-04-19,6939.68,2,Mesa Escritório,Home Office,Centro-Oeste,1947.81
2023-04-19,5366.82,2,Notebook Pro X,Eletrônicos,Nordeste,1385.37
2023-04-20,16468.04,4,Notebook Pro X,Eletrônicos,Nordeste,3019.44
2023-04-20,3397.36,3,Mesa Escritório,Home Office,Centro-Oeste,1152.94
2023-04-20,14861.03,3,Headset Pro,Eletrônicos,Norte,2231.57
2023-04-20,8319.0,2,Mouse Wireless,Acessórios,Sudeste,1444.63
2023-04-20,949.18,3,Headset Pro,Eletrônicos,Sul,176.02
2023-04-20,3728.33,1,Cadeira Gamer,Home Office,Nordeste,505.98
2023-04-20,18766.98,4,Smart Monitor 27,Eletrônicos,Sul,5732.97
2023-04-20,3853.97,1,Smart Monitor 27,Eletrônicos,Norte,1200.44
2023-04-20,1223.16,2,Headset Pro,Eletrônicos,Centro-Oeste,244.36
2023-04-21,2947.28,2,Mouse Wireless,Acessórios,Norte,801.22
2023-04-21,1270.34,3,Mouse Wireless,Acessórios,Centro-Oeste,237.82
2023-04-21,9591.72,3,Mouse Wireless,Acessórios,Norte,2342.88
2023-04-21,1817.4,4,Notebook Pro X,Eletrônicos,Centro-Oeste,615.7
2023-04-21,13073.48,3,Mouse Wireless,Acessórios,Norte,3535.55
2023-04-21,2553.06,1,Teclado Mecânico,Acessórios,Sul,762.42
2023-04-22,3245.85,4,Smart Monitor 27,Eletrônicos,Sul,900.81
2023-04-22,6187.69,4,Teclado Mecânico,Acessórios,Centro-Oeste,978.25
2023-04-22,6199.2,3,Mouse Wireless,Acessórios,Norte,1073.26
2023-04-22,8340.01,4,Webcam HD,Eletrônicos,Nordeste,2723.25
2023-04-22,2957.96,1,Mouse Wireless,Acessórios,Nordeste,918.62
2023-04-22,3238.33,1,Mesa Escritório,Home Office,Norte,1116.4
2023-04-22,1151.68,1,Mesa Escritório,Home Office,Centro-Oeste,234.98
2023-04-22,702.31,1,Cadeira Gamer,Home Office,Sudeste,226.26
2023-04-22,13043.92,3,Cadeira Gamer,Home Office,Sul,2784.7
2023-04-22,12645.76,4,Cadeira Gamer,Home Office,Centro-Oeste,1491.49
2023-04-23,4739.09,2,Webcam HD,Eletrônicos,Sul,751.92
2023-04-23,4039.4,1,Smart Monitor 27,Eletrônicos,Sul,961.88
2023-04-23,2063.32,3,Mouse Wireless,Acessórios,Centro-Oeste,679.24
2023-04-23,5719.62,4,Smart Monitor 27,Eletrônicos,Sul,1282.19
2023-04-23,8843.52,2,Mesa Escritório,Home Office,Sudeste,2705.63
2023-04-23,1098.68,3,Cadeira Gamer,Home Office,Nordeste,315.5
2023-04-24,3078.88,3,Teclado Mecânico,Acessórios,Sul,910.59
2023-04-24,2906.46,2,Notebook Pro X,Eletrônicos,Norte,804.35
2023-04-24,8874.02,3,Smart Monitor 27,Eletrônicos,Centro-Oeste,1923.37
2023-04-24,2618.87,2,Teclado Mecânico,Acessórios,Sudeste,746.97
2023-04-24,4661.35,1,Cadeira Gamer,Home Office,Centro-Oeste,1429.54
2023-04-24,4274.78,3,Webcam HD,Eletrônicos,Nordeste,1328.08
2023-04-24,11607.46,4,Webcam HD,Eletrônicos,Sudeste,3793.32
2023-04-24,6677.12,3,Teclado Mecânico,Acessórios,Centro-Oeste,2186.66
2023-04-24,18751.89,4,Cadeira Gamer,Home Office,Centro-Oeste,5040.23
2023-04-24,3466.39,1,Smart Monitor 27,Eletrônicos,Nordeste,774.58
2023-04-24,4657.84,1,Mouse Wireless,Acessórios,Centro-Oeste,1448.88
2023-04-24,364.14,3,Mouse Wireless,Acessórios,Sudeste,51.61
2023-04-24,4390.01,1,Webcam HD,Eletrônicos,Centro-Oeste,639.63
2023-04-25,2940.17,4,Cadeira Gamer,Home Office,Sudeste,790.99
2023-04-25,1560.46,1,Webcam HD,Eletrônicos,Sudeste,197.15
2023-04-25,9624.79,3,Headset Pro,Eletrônicos,Sudeste,3367.39
2023-04-25,1864.25,1,Mesa Escritório,Home Office,Sul,632.35
2023-04-25,17370.08,4,Mesa Escritório,Home Office,Centro-Oeste,3803.91
2023-04-25,4494.1,4,Teclado Mecânico,Acessórios,Nordeste,863.66
2023-04-25,456.47,4,Mouse Wireless,Acessórios,Sul,143.67
2023-04-25,2140.87,1,Teclado Mecânico,Acessórios,Sudeste,654.13
2023-04-25,10878.91,3,Smart Monitor 27,Eletrônicos,Nordeste,2097.35
2023-04-25,4828.36,2,Headset Pro,Eletrônicos,Norte,1545.26
2023-04-25,4001.58,1,Cadeira Gamer,Home Office,Sudeste,1154.48
2023-04-25,1546.98,1,Cadeira Gamer,Home Office,Sul,207.53
2023-04-26,14876.51,4,Notebook Pro X,Eletrônicos,Sudeste,2661.51
2023-04-26,1423.09,4,Headset Pro,Eletrônicos,Sul,385.02
2023-04-26,2152.31,2,Webcam HD,Eletrônicos,Centro-Oeste,694.24
2023-04-26,1242.94,4,Mouse Wireless,Acessórios,Sul,331.51
2023-04-26,646.41,1,Mouse Wireless,Acessórios,Nordeste,148.01
2023-04-26,2357.39,4,Notebook Pro X,Eletrônicos,Sul,641.24
2023-04-26,1957.56,1,Smart Monitor 27,Eletrônicos,Nordeste,360.85
2023-04-26,7151.95,2,Mouse Wireless,Acessórios,Sudeste,2411.72
2023-04-26,7545.11,3,Mouse Wireless,Acessórios,Nordeste,1517.11
2023-04-26,4539.72,1,Cadeira Gamer,Home Office,Norte,756.63
2023-04-26,2374.07,1,Mouse Wireless,Acessórios,Sudeste,809.26
2023-04-27,7670.63,2,Smart Monitor 27,Eletrônicos,Nordeste,1639.44
2023-04-27,15549.26,4,Webcam HD,Eletrônicos,Norte,3581.37
2023-04-27,8599.87,2,Smart Monitor 27,Eletrônicos,Centro-Oeste,2096.98
2023-04-27,7747.55,2,Teclado Mecânico,Acessórios,Sul,2338.12
2023-04-27,1981.04,2,Teclado Mecânico,Acessórios,Sul,413.79
2023-04-27,6148.85,4,Notebook Pro X,Eletrônicos,Nordeste,1803.37
2023-04-27,2387.98,2,Notebook Pro X,Eletrônicos,Sul,621.99
2023-04-27,426.53,4,Cadeira Gamer,Home Office,Norte,74.62
2023-04-27,11148.29,4,Smart Monitor 27,Eletrônicos,Sul,3565.38
2023-04-27,646.85,3,Smart Monitor 27,Eletrônicos,Sul,209.99
2023-04-27,3070.12,1,Smart Monitor 27,Eletrônicos,Centro-Oeste,530.47
2023-04-27,2050.23,1,Headset Pro,Eletrônicos,Centro-Oeste,360.28
2023-04-27,10738.99,3,Headset Pro,Eletrônicos,Sudeste,3590.52
2023-04-27,4943.96,2,Mesa Escritório,Home Office,Nordeste,1418.23
2023-04-28,1533.75,4,Headset Pro,Eletrônicos,Sul,520.63
2023-04-28,1271.88,1,Mouse Wireless,Acessórios,Sul,295.95
2023-04-28,11071.85,4,Webcam HD,Eletrônicos,Sudeste,3772.09
2023-04-28,15627.79,4,Headset Pro,Eletrônicos,Centro-Oeste,2363.63
2023-04-28,2119.16,2,Mesa Escritório,Home Office,Norte,286.51
2023-04-28,8502.51,2,Smart Monitor 27,Eletrônicos,Sudeste,1520.14
2023-04-28,2460.35,3,Cadeira Gamer,Home Office,Sul,744.95
2023-04-28,18165.85,4,Teclado Mecânico,Acessórios,Norte,2560.84
2023-04-28,4120.6,3,Mouse Wireless,Acessórios,Sul,767.66
2023-04-28,7011.87,4,Headset Pro,Eletrônicos,Sudeste,1972.05
2023-04-28,4461.69,1,Webcam HD,Eletrônicos,Centro-Oeste,1235.58
2023-04-29,1643.57,2,Mesa Escritório,Home Office,Norte,167.58
2023-04-29,4912.92,4,Mesa Escritório,Home Office,Sul,546.03
2023-04-29,4793.88,1,Headset Pro,Eletrônicos,Centro-Oeste,1114.17
2023-04-29,5507.74,3,Mouse Wireless,Acessórios,Centro-Oeste,1857.58
2023-04-29,947.14,2,Mesa Escritório,Home Office,Nordeste,159.76
2023-04-29,7656.37,2,Webcam HD,Eletrônicos,Nordeste,1812.38
2023-04-30,8666.82,2,Webcam HD,Eletrônicos,Sudeste,1909.59
2023-04-30,344.9,1,Webcam HD,Eletrônicos,Centro-Oeste,107.23
2023-04-30,19901.63,4,Headset Pro,Eletrônicos,Sul,4613.36
2023-04-30,3857.06,3,Mouse Wireless,Acessórios,Sul,1312.01
2023-04-30,12876.16,4,Notebook Pro X,Eletrônicos,Norte,2891.46
2023-04-30,14349.77,4,Mouse Wireless,Acessórios,Sudeste,4954.77
2023-04-30,1173.68,1,Smart Monitor 27,Eletrônicos,Sudeste,252.04
2023-05-01,2888.6,3,Mesa Escritório,Home Office,Norte,443.37
2023-05-01,9815.54,2,Smart Monitor 27,Eletrônicos,Centro-Oeste,1448.06
2023-05-01,11062.2,3,Teclado Mecânico,Acessórios,Centro-Oeste,2088.1
2023-05-01,4804.66,1,Cadeira Gamer,Home Office,Norte,1106.83
2023-05-01,9677.12,2,Teclado Mecânico,Acessórios,Norte,1917.99
2023-05-01,4873.62,2,Webcam HD,Eletrônicos,Centro-Oeste,1362.58
2023-05-02,10099.03,3,Headset Pro,Eletrônicos,Nordeste,1420.68
2023-05-02,15366.15,4,Teclado Mecânico,Acessórios,Sudeste,4821.92
2023-05-02,637.22,4,Smart Monitor 27,Eletrônicos,Sudeste,65.16
2023-05-02,1947.23,1,Mouse Wireless,Acessórios,Norte,463.44
2023-05-02,9625.15,3,Mouse Wireless,Acessórios,Norte,1496.89
2023-05-03,5243.9,2,Cadeira Gamer,Home Office,Nordeste,1584.02
2023-05-03,4401.28,2,Webcam HD,Eletrônicos,Nordeste,472.22
2023-05-03,13451.25,3,Smart Monitor 27,Eletrônicos,Nordeste,1346.61
2023-05-03,6062.14,4,Cadeira Gamer,Home Office,Centro-Oeste,1209.15
2023-05-03,14336.25,3,Mesa Escritório,Home Office,Nordeste,3206.57
2023-05-03,3828.94,1,Webcam HD,Eletrônicos,Sudeste,738.72
2023-05-03,2178.15,4,Headset Pro,Eletrônicos,Sul,235.58
2023-05-03,14278.65,3,Webcam HD,Eletrônicos,Sudeste,3488.0
2023-05-03,6295.99,2,Mesa Escritório,Home Office,Norte,2191.7
2023-05-03,2863.96,1,Cadeira Gamer,Home Office,Norte,543.14
2023-05-03,17006.52,4,Headset Pro,Eletrônicos,Sul,5536.63
2023-05-03,9198.74,2,Notebook Pro X,Eletrônicos,Sudeste,1153.99
2023-05-04,3546.54,3,Notebook Pro X,Eletrônicos,Sul,389.17
2023-05-04,9571.94,2,Headset Pro,Eletrônicos,Norte,1311.78
2023-05-04,5936.58,4,Teclado Mecânico,Acessórios,Sudeste,2004.28
2023-05-04,3623.88,1,Teclado Mecânico,Acessórios,Norte,872.74
2023-05-04,2631.82,1,Cadeira Gamer,Home Office,Nordeste,762.42
2023-05-04,2414.07,3,Mouse Wireless,Acessórios,Norte,500.98
2023-05-04,14212.91,3,Headset Pro,Eletrônicos,Norte,4592.75
2023-05-04,3839.23,1,Mesa Escritório,Home Office,Sudeste,1174.0
2023-05-04,10151.78,4,Headset Pro,Eletrônicos,Centro-Oeste,1534.65
2023-05-04,1351.01,1,Webcam HD,Eletrônicos,Norte,234.97
2023-05-04,17158.59,4,Webcam HD,Eletrônicos,Nordeste,2604.14
2023-05-04,1885.34,1,Webcam HD,Eletrônicos,Centro-Oeste,327.69
2023-05-04,7751.73,3,Mesa Escritório,Home Office,Sul,1568.59
2023-05-04,16604.24,4,Mesa Escritório,Home Office,Centro-Oeste,1858.19
2023-05-05,7784.28,2,Cadeira Gamer,Home Office,Sul,1464.62
2023-05-05,3371.26,4,Headset Pro,Eletrônicos,Centro-Oeste,1075.33
2023-05-05,967.43,3,Smart Monitor 27,Eletrônicos,Centro-Oeste,166.89
2023-05-05,284.1,1,Teclado Mecânico,Acessórios,Sudeste,37.49
2023-05-05,5413.81,2,Mesa Escritório,Home Office,Norte,1340.5
2023-05-05,10641.2,4,Cadeira Gamer,Home Office,Sudeste,1209.46
2023-05-05,2165.49,2,Webcam HD,Eletrônicos,Centro-Oeste,326.76
2023-05-05,1589.32,1,Webcam HD,Eletrônicos,Centro-Oeste,250.48
2023-05-06,7347.58,2,Mesa Escritório,Home Office,Norte,2510.75
2023-05-06,7370.9,2,Smart Monitor 27,Eletrônicos,Norte,1917.61
2023-05-06,4257.28,1,Smart Monitor 27,Eletrônicos,Centro-Oeste,875.54
2023-05-06,8981.2,2,Smart Monitor 27,Eletrônicos,Sul,2734.84
2023-05-06,16408.88,4,Mouse Wireless,Acessórios,Nordeste,2385.91
2023-05-06,3502.25,2,Webcam HD,Eletrônicos,Centro-Oeste,1225.39
2023-05-06,19703.22,4,Notebook Pro X,Eletrônicos,Norte,5685.6
2023-05-07,5988.25,2,Mesa Escritório,Home Office,Nordeste,1588.4
2023-05-07,6392.7,3,Webcam HD,Eletrônicos,Sudeste,1844.02
2023-05-07,3679.5,4,Mesa Escritório,Home Office,Sudeste,1086.03
2023-05-07,1417.35,1,Headset Pro,Eletrônicos,Nordeste,364.41
2023-05-07,2800.2,2,Smart Monitor 27,Eletrônicos,Sudeste,701.14
2023-05-07,12790.33,4,Headset Pro,Eletrônicos,Sudeste,1694.53
2023-05-07,602.33,1,Smart Monitor 27,Eletrônicos,Sudeste,137.61
2023-05-07,943.24,1,Mesa Escritório,Home Office,Norte,323.63
2023-05-07,12464.34,3,Cadeira Gamer,Home Office,Nordeste,3419.0
2023-05-08,12111.72,3,Webcam HD,Eletrônicos,Sudeste,1580.67
2023-05-08,7344.01,2,Webcam HD,Eletrônicos,Sul,2316.47
2023-05-08,251.2,1,Teclado Mecânico,Acessórios,Sudeste,28.38
2023-05-08,1792.18,1,Mouse Wireless,Acessórios,Nordeste,329.59
2023-05-08,3483.6,4,Cadeira Gamer,Home Office,Norte,451.89
2023-05-08,3662.58,1,Cadeira Gamer,Home Office,Norte,880.92
2023-05-08,8374.85,3,Cadeira Gamer,Home Office,Centro-Oeste,1490.69
2023-05-08,1797.75,2,Headset Pro,Eletrônicos,Centro-Oeste,533.12
2023-05-08,18168.82,4,Notebook Pro X,Eletrônicos,Centro-Oeste,1889.84
2023-05-08,12633.26,3,Headset Pro,Eletrônicos,Nordeste,1299.39
2023-05-08,6235.94,2,Webcam HD,Eletrônicos,Centro-Oeste,1938.25
2023-05-09,11356.02,4,Notebook Pro X,Eletrônicos,Norte,2558.19
2023-05-09,5555.02,2,Mesa Escritório,Home Office,Norte,1898.48
2023-05-09,6615.06,3,Mesa Escritório,Home Office,Sul,1172.25
2023-05-09,17307.75,4,Mesa Escritório,Home Office,Nordeste,2506.4
2023-05-09,14402.45,4,Mouse Wireless,Acessórios,Sudeste,4869.71
2023-05-09,2981.61,4,Teclado Mecânico,Acessórios,Norte,943.16
2023-05-09,13672.19,4,Mouse Wireless,Acessórios,Nordeste,3503.6
2023-05-09,8739.86,2,Notebook Pro X,Eletrônicos,Nordeste,2343.82
2023-05-09,447.37,1,Webcam HD,Eletrônicos,Sudeste,79.73
2023-05-09,8704.67,3,Mesa Escritório,Home Office,Nordeste,2682.84
2023-05-09,9531.5,3,Webcam HD,Eletrônicos,Nordeste,1542.94
2023-05-10,4063.52,4,Headset Pro,Eletrônicos,Nordeste,426.46
2023-05-10,1603.21,1,Smart Monitor 27,Eletrônicos,Centro-Oeste,301.79
2023-05-10,4681.47,1,Cadeira Gamer,Home Office,Nordeste,972.04
2023-05-10,8328.74,4,Cadeira Gamer,Home Office,Nordeste,975.2
2023-05-10,5531.06,3,Teclado Mecânico,Acessórios,Norte,669.15
2023-05-10,3458.68,1,Mesa Escritório,Home Office,Nordeste,633.33
2023-05-10,2212.93,2,Headset Pro,Eletrônicos,Sudeste,432.32
2023-05-10,3244.5,1,Cadeira Gamer,Home Office,Nordeste,869.1
2023-05-10,2008.01,3,Teclado Mecânico,Acessórios,Nordeste,592.86
2023-05-10,15118.42,4,Notebook Pro X,Eletrônicos,Norte,1894.99
2023-05-10,1693.74,1,Smart Monitor 27,Eletrônicos,Sudeste,567.94
2023-05-10,4903.81,1,Headset Pro,Eletrônicos,Norte,573.14
2023-05-11,605.29,1,Mesa Escritório,Home Office,Sudeste,143.42
2023-05-11,8310.58,4,Mouse Wireless,Acessórios,Nordeste,2364.12
2023-05-11,5905.4,2,Teclado Mecânico,Acessórios,Nordeste,892.37
2023-05-11,2048.3,1,Mesa Escritório,Home Office,Sul,340.16
2023-05-11,5264.54,2,Mouse Wireless,Acessórios,Nordeste,1500.61
2023-05-11,3017.12,2,Webcam HD,Eletrônicos,Nordeste,797.09
2023-05-11,1610.63,2,Webcam HD,Eletrônicos,Norte,400.79
2023-05-11,1411.08,3,Webcam HD,Eletrônicos,Sul,476.74
2023-05-11,6626.51,3,Mesa Escritório,Home Office,Sudeste,1815.33
2023-05-11,9467.64,3,Smart Monitor 27,Eletrônicos,Centro-Oeste,2481.72
2023-05-11,6487.99,2,Smart Monitor 27,Eletrônicos,Centro-Oeste,1790.35
2023-05-11,2658.75,2,Headset Pro,Eletrônicos,Nordeste,715.22
2023-05-11,3393.07,1,Teclado Mecânico,Acessórios,Nordeste,834.32
2023-05-11,4285.11,3,Cadeira Gamer,Home Office,Nordeste,1068.78
2023-05-12,673.62,1,Headset Pro,Eletrônicos,Norte,142.99
2023-05-12,4729.21,1,Cadeira Gamer,Home Office,Norte,1343.73
2023-05-12,530.97,4,Mesa Escritório,Home Office,Sudeste,155.61
2023-05-12,14142.34,4,Teclado Mecânico,Acessórios,Norte,3818.83
2023-05-12,12698.74,4,Teclado Mecânico,Acessórios,Norte,2494.07
2023-05-12,4020.59,3,Webcam HD,Eletrônicos,Nordeste,854.63
2023-05-12,1180.37,1,Notebook Pro X,Eletrônicos,Sudeste,332.19
2023-05-12,2047.7,2,Cadeira Gamer,Home Office,Centro-Oeste,549.02
2023-05-13,2540.4,1,Teclado Mecânico,Acessórios,Nordeste,725.81
2023-05-13,1107.73,2,Headset Pro,Eletrônicos,Centro-Oeste,318.02
2023-05-13,12165.68,3,Cadeira Gamer,Home Office,Norte,3836.2
2023-05-13,8914.31,4,Notebook Pro X,Eletrônicos,Centro-Oeste,2503.69
2023-05-13,9963.37,2,Teclado Mecânico,Acessórios,Nordeste,1567.17
2023-05-13,9674.02,3,Cadeira Gamer,Home Office,Sudeste,1552.73
2023-05-13,4398.88,4,Mesa Escritório,Home Office,Sudeste,1159.1
2023-05-13,4399.6,1,Mesa Escritório,Home Office,Sudeste,1252.48
2023-05-13,733.71,3,Notebook Pro X,Eletrônicos,Nordeste,138.67
2023-05-13,2853.9,2,Cadeira Gamer,Home Office,Nordeste,462.02
2023-05-14,7046.43,3,Teclado Mecânico,Acessórios,Nordeste,1995.43
2023-05-14,6051.54,2,Mesa Escritório,Home Office,Centro-Oeste,1505.02
2023-05-14,9524.61,2,Mesa Escritório,Home Office,Centro-Oeste,2949.04
2023-05-14,3956.19,2,Webcam HD,Eletrônicos,Sul,883.71
2023-05-14,8300.53,3,Mouse Wireless,Acessórios,Centro-Oeste,1245.67
2023-05-14,5233.39,2,Mouse Wireless,Acessórios,Sul,854.82
2023-05-14,7965.3,3,Smart Monitor 27,Eletrônicos,Centro-Oeste,932.85
2023-05-14,4389.46,2,Mouse Wireless,Acessórios,Centro-Oeste,665.24
2023-05-14,8213.48,3,Notebook Pro X,Eletrônicos,Norte,1373.4
2023-05-14,18339.04,4,Mesa Escritório,Home Office,Norte,5775.99
2023-05-14,7916.39,2,Notebook Pro X,Eletrônicos,Centro-Oeste,1690.83
2023-05-14,4381.24,1,Teclado Mecânico,Acessórios,Centro-Oeste,1136.88
2023-05-15,5094.43,2,Teclado Mecânico,Acessórios,Nordeste,1190.86
2023-05-15,14063.33,3,Mesa Escritório,Home Office,Sudeste,1631.37
2023-05-15,5100.79,2,Smart Monitor 27,Eletrônicos,Centro-Oeste,1511.23
2023-05-15,414.75,2,Notebook Pro X,Eletrônicos,Norte,72.69
2023-05-15,8389.6,4,Smart Monitor 27,Eletrônicos,Nordeste,1823.74
2023-05-15,18571.37,4,Smart Monitor 27,Eletrônicos,Centro-Oeste,2346.46
2023-05-15,10780.51,3,Notebook Pro X,Eletrônicos,Nordeste,1109.02
2023-05-15,1375.16,1,Cadeira Gamer,Home Office,Norte,192.35
2023-05-15,10521.92,4,Mouse Wireless,Acessórios,Sudeste,3121.12
2023-05-15,13418.7,4,Mesa Escritório,Home Office,Sul,4299.66
2023-05-16,1923.35,3,Webcam HD,Eletrônicos,Centro-Oeste,331.39
2023-05-16,18521.4,4,Teclado Mecânico,Acessórios,Centro-Oeste,3904.8
2023-05-16,5448.43,2,Notebook Pro X,Eletrônicos,Norte,1030.96
2023-05-16,1426.55,3,Webcam HD,Eletrônicos,Nordeste,453.87
2023-05-16,1608.2,1,Teclado Mecânico,Acessórios,Nordeste,528.21
2023-05-16,15812.61,4,Smart Monitor 27,Eletrônicos,Nordeste,4080.51
2023-05-16,2577.61,1,Teclado Mecânico,Acessórios,Sul,864.22
2023-05-16,1661.18,1,Cadeira Gamer,Home Office,Nordeste,541.36
2023-05-17,12484.41,3,Cadeira Gamer,Home Office,Centro-Oeste,2337.36
2023-05-17,4308.2,1,Notebook Pro X,Eletrônicos,Nordeste,1159.92
2023-05-17,1789.43,1,Teclado Mecânico,Acessórios,Centro-Oeste,385.55
2023-05-17,4504.26,2,Mesa Escritório,Home Office,Nordeste,1137.94
2023-05-17,2350.03,1,Mouse Wireless,Acessórios,Sudeste,476.52
2023-05-17,14001.41,4,Notebook Pro X,Eletrônicos,Sul,2203.82
2023-05-17,6615.25,3,Cadeira Gamer,Home Office,Sudeste,1886.38
2023-05-17,3621.82,1,Mesa Escritório,Home Office,Centro-Oeste,1025.34
2023-05-17,3108.51,2,Headset Pro,Eletrônicos,Centro-Oeste,731.56
2023-05-17,387.46,2,Webcam HD,Eletrônicos,Norte,54.8
2023-05-18,3850.59,3,Mesa Escritório,Home Office,Nordeste,726.1
2023-05-18,11810.02,4,Cadeira Gamer,Home Office,Norte,1530.62
2023-05-18,6155.98,2,Webcam HD,Eletrônicos,Centro-Oeste,993.19
2023-05-18,3882.82,3,Teclado Mecânico,Acessórios,Sudeste,648.04
2023-05-18,2351.63,2,Cadeira Gamer,Home Office,Sul,799.47
2023-05-18,19730.43,4,Mouse Wireless,Acessórios,Sudeste,4018.77
2023-05-18,2201.83,1,Teclado Mecânico,Acessórios,Sul,517.93
2023-05-18,4236.27,2,Webcam HD,Eletrônicos,Sul,1221.74
2023-05-18,2550.55,1,Notebook Pro X,Eletrônicos,Nordeste,517.74
2023-05-18,5839.01,2,Webcam HD,Eletrônicos,Sul,616.22
2023-05-18,1996.3,3,Smart Monitor 27,Eletrônicos,Nordeste,501.89
2023-05-18,18689.29,4,Cadeira Gamer,Home Office,Nordeste,3920.53
2023-05-18,13964.64,4,Cadeira Gamer,Home Office,Norte,2116.52
2023-05-18,3847.52,1,Mouse Wireless,Acessórios,Nordeste,1037.77
2023-05-19,4762.07,1,Headset Pro,Eletrônicos,Sul,1400.63
2023-05-19,7969.03,2,Headset Pro,Eletrônicos,Sul,934.46
2023-05-19,2099.78,1,Notebook Pro X,Eletrônicos,Nordeste,674.88
2023-05-19,10422.88,3,Teclado Mecânico,Acessórios,Nordeste,1702.25
2023-05-19,3683.45,1,Smart Monitor 27,Eletrônicos,Norte,1010.44
2023-05-19,16787.91,4,Teclado Mecânico,Acessórios,Sudeste,5126.14
2023-05-19,4387.35,4,Mouse Wireless,Acessórios,Sudeste,578.46
2023-05-19,7957.27,2,Mesa Escritório,Home Office,Centro-Oeste,1693.49
2023-05-19,12362.8,3,Smart Monitor 27,Eletrônicos,Norte,2486.68
2023-05-19,7154.75,3,Notebook Pro X,Eletrônicos,Norte,850.88
2023-05-19,6548.19,2,Webcam HD,Eletrônicos,Sul,680.21
2023-05-19,4388.07,4,Webcam HD,Eletrônicos,Norte,512.28
2023-05-19,4896.75,2,Mesa Escritório,Home Office,Sudeste,712.14
2023-05-19,19374.09,4,Teclado Mecânico,Acessórios,Nordeste,2259.82
2023-05-20,463.12,1,Cadeira Gamer,Home Office,Nordeste,89.78
2023-05-20,4947.17,1,Cadeira Gamer,Home Office,Norte,781.09
2023-05-20,2839.39,1,Cadeira Gamer,Home Office,Sudeste,511.92
2023-05-20,1329.05,3,Teclado Mecânico,Acessórios,Centro-Oeste,375.2
2023-05-20,1746.79,4,Webcam HD,Eletrônicos,Norte,336.07
2023-05-20,5731.38,3,Headset Pro,Eletrônicos,Norte,638.07
2023-05-20,10718.86,3,Mouse Wireless,Acessórios,Centro-Oeste,1094.3
2023-05-20,12521.11,3,Smart Monitor 27,Eletrônicos,Sudeste,3888.82
2023-05-20,126.04,1,Mesa Escritório,Home Office,Sul,37.95
2023-05-20,608.03,1,Smart Monitor 27,Eletrônicos,Sudeste,68.2
2023-05-20,15423.69,4,Headset Pro,Eletrônicos,Centro-Oeste,3793.12
2023-05-20,2653.26,1,Notebook Pro X,Eletrônicos,Nordeste,497.62
2023-05-20,10552.96,4,Cadeira Gamer,Home Office,Centro-Oeste,1425.51
2023-05-21,9420.96,3,Mouse Wireless,Acessórios,Sul,2690.28
2023-05-21,10038.51,3,Smart Monitor 27,Eletrônicos,Nordeste,1874.6
2023-05-21,7549.78,2,Mouse Wireless,Acessórios,Nordeste,2469.21
2023-05-21,9199.55,3,Teclado Mecânico,Acessórios,Centro-Oeste,1916.18
2023-05-21,8913.45,2,Notebook Pro X,Eletrônicos,Centro-Oeste,2181.14
2023-05-21,7631.02,2,Teclado Mecânico,Acessórios,Sudeste,1348.6
2023-05-21,3610.35,1,Webcam HD,Eletrônicos,Sudeste,605.58
2023-05-21,11934.7,4,Teclado Mecânico,Acessórios,Centro-Oeste,1746.56
2023-05-21,1153.07,1,Smart Monitor 27,Eletrônicos,Sudeste,237.78
2023-05-22,15016.77,4,Cadeira Gamer,Home Office,Sul,3596.24
2023-05-22,7022.33,2,Teclado Mecânico,Acessórios,Sul,1374.27
2023-05-22,4617.61,2,Mouse Wireless,Acessórios,Norte,1568.25
2023-05-22,1432.54,1,Mouse Wireless,Acessórios,Sul,391.21
2023-05-22,9660.4,3,Webcam HD,Eletrônicos,Sudeste,2773.1
2023-05-22,1690.11,1,Notebook Pro X,Eletrônicos,Sudeste,282.89
2023-05-22,9477.05,4,Smart Monitor 27,Eletrônicos,Sudeste,1607.44
2023-05-22,9050.96,3,Mouse Wireless,Acessórios,Nordeste,1503.9
2023-05-22,11718.82,3,Headset Pro,Eletrônicos,Norte,3579.07
2023-05-22,15312.69,4,Headset Pro,Eletrônicos,Centro-Oeste,2249.9
2023-05-22,15563.79,4,Cadeira Gamer,Home Office,Sul,4466.18
2023-05-22,2218.5,1,Webcam HD,Eletrônicos,Sul,239.13
2023-05-22,4180.86,3,Teclado Mecânico,Acessórios,Nordeste,852.1
2023-05-22,5170.57,4,Mesa Escritório,Home Office,Sul,1237.5
2023-05-23,6735.1,2,Smart Monitor 27,Eletrônicos,Sudeste,1217.42
2023-05-23,4340.88,4,Notebook Pro X,Eletrônicos,Sudeste,992.11
2023-05-23,13544.13,3,Notebook Pro X,Eletrônicos,Norte,4727.43
2023-05-23,1124.41,2,Headset Pro,Eletrônicos,Sudeste,322.71
2023-05-23,2925.84,1,Mesa Escritório,Home Office,Centro-Oeste,341.78
2023-05-23,16602.38,4,Teclado Mecânico,Acessórios,Norte,5408.61
2023-05-23,3766.1,1,Notebook Pro X,Eletrônicos,Sul,1136.11
2023-05-23,256.04,2,Mouse Wireless,Acessórios,Sul,55.42
2023-05-23,893.16,3,Smart Monitor 27,Eletrônicos,Sudeste,181.13
2023-05-23,4809.68,1,Notebook Pro X,Eletrônicos,Nordeste,1553.18
2023-05-23,3940.32,1,Webcam HD,Eletrônicos,Centro-Oeste,951.76
2023-05-23,1479.27,3,Webcam HD,Eletrônicos,Nordeste,263.38
2023-05-24,368.07,2,Mesa Escritório,Home Office,Nordeste,121.15
2023-05-24,3835.28,1,Teclado Mecânico,Acessórios,Sul,420.86
2023-05-24,7821.05,3,Webcam HD,Eletrônicos,Sul,792.56
2023-05-24,9481.83,3,Smart Monitor 27,Eletrônicos,Norte,2997.28
2023-05-24,4027.82,2,Mesa Escritório,Home Office,Nordeste,472.59
2023-05-24,3807.98,1,Notebook Pro X,Eletrônicos,Norte,801.86
2023-05-24,1556.67,2,Cadeira Gamer,Home Office,Sul,380.93
2023-05-24,12098.3,4,Smart Monitor 27,Eletrônicos,Nordeste,4017.19
2023-05-24,3840.56,2,Notebook Pro X,Eletrônicos,Sul,977.93
2023-05-24,3411.05,3,Mouse Wireless,Acessórios,Nordeste,1190.14
2023-05-25,17276.49,4,Mesa Escritório,Home Office,Nordeste,3719.48
2023-05-25,6012.95,2,Mesa Escritório,Home Office,Centro-Oeste,681.49
2023-05-25,12542.63,3,Notebook Pro X,Eletrônicos,Centro-Oeste,2390.72
2023-05-25,3856.6,2,Teclado Mecânico,Acessórios,Nordeste,1293.59
2023-05-25,3195.05,1,Cadeira Gamer,Home Office,Sudeste,362.95
2023-05-25,10547.9,3,Cadeira Gamer,Home Office,Centro-Oeste,2765.23
2023-05-26,1730.82,2,Cadeira Gamer,Home Office,Nordeste,448.26
2023-05-26,8511.02,4,Smart Monitor 27,Eletrônicos,Centro-Oeste,1285.52
2023-05-26,4660.69,2,Teclado Mecânico,Acessórios,Nordeste,1244.12
2023-05-26,4748.85,1,Headset Pro,Eletrônicos,Norte,546.84
2023-05-26,7835.21,2,Notebook Pro X,Eletrônicos,Centro-Oeste,1977.8
2023-05-26,6967.61,3,Notebook Pro X,Eletrônicos,Sul,1489.1
2023-05-26,19234.03,4,Webcam HD,Eletrônicos,Centro-Oeste,4500.45
2023-05-26,19089.29,4,Smart Monitor 27,Eletrônicos,Sudeste,6116.28
2023-05-26,5811.55,2,Cadeira Gamer,Home Office,Norte,983.62
2023-05-26,1939.73,4,Headset Pro,Eletrônicos,Norte,553.1
2023-05-26,7356.52,4,Mesa Escritório,Home Office,Sudeste,831.27
2023-05-26,1703.94,4,Mesa Escritório,Home Office,Sul,268.71
2023-05-26,3073.55,1,Mouse Wireless,Acessórios,Sudeste,984.28
2023-05-26,13937.32,4,Headset Pro,Eletrônicos,Centro-Oeste,3473.1
2023-05-27,7758.65,4,Teclado Mecânico,Acessórios,Nordeste,2327.74
2023-05-27,16131.75,4,Webcam HD,Eletrônicos,Nordeste,5634.97
2023-05-27,4638.05,4,Cadeira Gamer,Home Office,Norte,1265.27
2023-05-27,14608.72,3,Headset Pro,Eletrônicos,Nordeste,3159.17
2023-05-27,11705.9,3,Cadeira Gamer,Home Office,Centro-Oeste,1544.99
2023-05-27,1713.52,4,Smart Monitor 27,Eletrônicos,Sudeste,589.17
2023-05-27,3379.61,1,Notebook Pro X,Eletrônicos,Sul,1091.52
2023-05-27,517.01,1,Webcam HD,Eletrônicos,Nordeste,101.54
2023-05-27,4278.94,2,Headset Pro,Eletrônicos,Centro-Oeste,607.74
2023-05-27,7195.88,3,Smart Monitor 27,Eletrônicos,Centro-Oeste,1202.72
2023-05-27,933.25,2,Smart Monitor 27,Eletrônicos,Sul,195.62
2023-05-27,19472.31,4,Teclado Mecânico,Acessórios,Nordeste,5643.52
2023-05-28,9018.91,4,Notebook Pro X,Eletrônicos,Nordeste,1529.54
2023-05-28,4462.55,4,Headset Pro,Eletrônicos,Centro-Oeste,1149.75
2023-05-28,1239.28,1,Mesa Escritório,Home Office,Sudeste,164.11
2023-05-28,5674.26,3,Mesa Escritório,Home Office,Sudeste,1069.17
2023-05-28,406.57,1,Mouse Wireless,Acessórios,Sudeste,62.05
2023-05-28,9002.73,2,Mesa Escritório,Home Office,Norte,2648.61
2023-05-28,8673.66,2,Headset Pro,Eletrônicos,Norte,1203.31
2023-05-28,1749.17,3,Mesa Escritório,Home Office,Sul,537.57
2023-05-28,8582.1,3,Headset Pro,Eletrônicos,Centro-Oeste,2582.79
2023-05-28,2444.63,1,Smart Monitor 27,Eletrônicos,Nordeste,721.51
2023-05-28,3223.94,4,Cadeira Gamer,Home Office,Nordeste,825.33
2023-05-28,3815.17,4,Smart Monitor 27,Eletrônicos,Sul,1216.47
2023-05-29,14768.25,3,Notebook Pro X,Eletrônicos,Sudeste,2937.8
2023-05-29,1137.59,3,Notebook Pro X,Eletrônicos,Sudeste,232.81
2023-05-29,1034.56,1,Cadeira Gamer,Home Office,Nordeste,193.22
2023-05-29,6738.68,2,Webcam HD,Eletrônicos,Nordeste,1982.94
2023-05-29,3228.92,3,Teclado Mecânico,Acessórios,Centro-Oeste,359.19
2023-05-30,8569.56,3,Teclado Mecânico,Acessórios,Sul,2496.23
2023-05-30,7680.76,4,Mesa Escritório,Home Office,Sul,1142.83
2023-05-30,4814.5,2,Notebook Pro X,Eletrônicos,Sudeste,1271.09
2023-05-30,9870.34,4,Webcam HD,Eletrônicos,Norte,3055.44
2023-05-30,2020.07,3,Teclado Mecânico,Acessórios,Nordeste,605.88
2023-05-30,6833.37,4,Headset Pro,Eletrônicos,Nordeste,1458.91
2023-05-30,2617.87,1,Teclado Mecânico,Acessórios,Centro-Oeste,852.97
2023-05-30,4762.08,1,Mouse Wireless,Acessórios,Sudeste,685.13
2023-05-30,11122.73,3,Mesa Escritório,Home Office,Centro-Oeste,2538.48
2023-05-30,6518.5,2,Smart Monitor 27,Eletrônicos,Nordeste,1026.38
2023-05-30,14005.14,3,Mesa Escritório,Home Office,Centro-Oeste,3997.08
2023-05-31,8691.9,3,Headset Pro,Eletrônicos,Sul,1271.78
2023-05-31,8571.76,2,Cadeira Gamer,Home Office,Norte,1908.86
2023-05-31,8291.97,2,Mesa Escritório,Home Office,Norte,1421.47
2023-05-31,2925.41,1,Notebook Pro X,Eletrônicos,Sudeste,701.2
2023-05-31,1601.41,2,Smart Monitor 27,Eletrônicos,Sul,310.09
2023-05-31,14101.76,3,Headset Pro,Eletrônicos,Sudeste,4561.87
2023-05-31,11312.98,4,Mesa Escritório,Home Office,Nordeste,3521.51
2023-05-31,5263.44,3,Mesa Escritório,Home Office,Sudeste,1827.1
2023-05-31,3541.41,3,Webcam HD,Eletrônicos,Nordeste,547.33
2023-05-31,5315.14,2,Cadeira Gamer,Home Office,Centro-Oeste,1314.08
2023-06-01,3155.04,1,Headset Pro,Eletrônicos,Nordeste,788.98
2023-06-01,3173.91,1,Teclado Mecânico,Acessórios,Sul,912.71
2023-06-01,2800.63,2,Smart Monitor 27,Eletrônicos,Norte,668.19
2023-06-01,559.5,1,Headset Pro,Eletrônicos,Sul,123.95
2023-06-01,9495.33,2,Webcam HD,Eletrônicos,Nordeste,3192.01
2023-06-01,4467.8,4,Cadeira Gamer,Home Office,Norte,712.78
2023-06-01,8972.23,3,Notebook Pro X,Eletrônicos,Sudeste,911.66
2023-06-01,15307.28,4,Mesa Escritório,Home Office,Sul,2121.94
2023-06-02,4413.86,2,Teclado Mecânico,Acessórios,Norte,1100.05
2023-06-02,14047.03,3,Headset Pro,Eletrônicos,Sudeste,2724.44
2023-06-02,8310.02,2,Notebook Pro X,Eletrônicos,Sudeste,1185.65
2023-06-02,3838.18,1,Mesa Escritório,Home Office,Norte,427.43
2023-06-02,2601.85,1,Mouse Wireless,Acessórios,Norte,660.3
2023-06-02,2394.82,1,Notebook Pro X,Eletrônicos,Centro-Oeste,702.61
2023-06-03,9506.94,3,Teclado Mecânico,Acessórios,Centro-Oeste,1612.54
2023-06-03,2247.08,1,Mouse Wireless,Acessórios,Norte,696.13
2023-06-03,4000.44,1,Mesa Escritório,Home Office,Sul,1153.86
2023-06-03,5054.58,4,Headset Pro,Eletrônicos,Nordeste,568.15
2023-06-03,3889.57,1,Headset Pro,Eletrônicos,Centro-Oeste,1278.66
2023-06-03,5908.58,4,Notebook Pro X,Eletrônicos,Sul,847.14
2023-06-03,3092.78,1,Mouse Wireless,Acessórios,Centro-Oeste,463.79
2023-06-03,11336.31,3,Mesa Escritório,Home Office,Norte,1489.27
2023-06-03,1132.83,1,Webcam HD,Eletrônicos,Centro-Oeste,270.88
2023-06-04,4191.82,1,Webcam HD,Eletrônicos,Centro-Oeste,1391.01
2023-06-04,848.42,2,Headset Pro,Eletrônicos,Sudeste,88.9
2023-06-04,8849.8,4,Notebook Pro X,Eletrônicos,Sudeste,1078.68
2023-06-04,1248.69,1,Mesa Escritório,Home Office,Norte,232.59
2023-06-04,1727.81,1,Teclado Mecânico,Acessórios,Sudeste,299.68
2023-06-04,18690.82,4,Webcam HD,Eletrônicos,Norte,3109.67
2023-06-04,3301.58,1,Webcam HD,Eletrônicos,Centro-Oeste,488.89
2023-06-04,17022.94,4,Mouse Wireless,Acessórios,Centro-Oeste,5733.16
2023-06-04,7743.06,3,Headset Pro,Eletrônicos,Sul,1452.62
2023-06-05,5294.62,3,Teclado Mecânico,Acessórios,Norte,1132.55
2023-06-05,7217.29,2,Teclado Mecânico,Acessórios,Sul,1996.02
2023-06-05,6703.98,3,Teclado Mecânico,Acessórios,Nordeste,2001.94
2023-06-05,7063.45,4,Mouse Wireless,Acessórios,Centro-Oeste,845.74
2023-06-05,12788.15,3,Mesa Escritório,Home Office,Nordeste,1563.32
2023-06-06,4683.87,1,Cadeira Gamer,Home Office,Norte,685.87
2023-06-06,9275.15,4,Smart Monitor 27,Eletrônicos,Centro-Oeste,1387.77
2023-06-06,1657.7,3,Mouse Wireless,Acessórios,Nordeste,233.23
2023-06-06,5749.82,4,Mesa Escritório,Home Office,Sul,1065.77
2023-06-06,2288.9,1,Cadeira Gamer,Home Office,Sul,515.87
2023-06-06,249.26,2,Smart Monitor 27,Eletrônicos,Nordeste,28.67
2023-06-06,3780.77,1,Headset Pro,Eletrônicos,Sul,1090.63
2023-06-06,1936.49,2,Headset Pro,Eletrônicos,Norte,336.11
2023-06-06,11428.61,3,Teclado Mecânico,Acessórios,Norte,1301.73
2023-06-06,7097.15,3,Headset Pro,Eletrônicos,Centro-Oeste,2244.41
2023-06-06,8459.47,4,Webcam HD,Eletrônicos,Sudeste,1696.98
2023-06-06,5544.5,3,Mesa Escritório,Home Office,Sul,1604.39
2023-06-07,4693.2,3,Webcam HD,Eletrônicos,Nordeste,594.93
2023-06-07,2067.98,2,Mesa Escritório,Home Office,Norte,302.25
2023-06-07,6117.21,2,Mouse Wireless,Acessórios,Sul,1931.72
2023-06-07,2749.87,4,Mouse Wireless,Acessórios,Norte,780.22
2023-06-07,672.93,1,Smart Monitor 27,Eletrônicos,Centro-Oeste,182.05
2023-06-07,3139.43,2,Webcam HD,Eletrônicos,Norte,781.78
2023-06-07,6395.93,2,Webcam HD,Eletrônicos,Norte,1572.77
2023-06-07,5557.62,2,Webcam HD,Eletrônicos,Sul,1809.58
2023-06-08,11795.78,4,Headset Pro,Eletrônicos,Norte,1491.73
2023-06-08,8629.1,3,Webcam HD,Eletrônicos,Sudeste,2280.3
2023-06-08,6339.6,3,Notebook Pro X,Eletrônicos,Sul,1522.42
2023-06-08,611.9,4,Notebook Pro X,Eletrônicos,Sul,187.63
2023-06-08,3921.94,1,Notebook Pro X,Eletrônicos,Nordeste,489.0
2023-06-08,2373.51,1,Teclado Mecânico,Acessórios,Norte,307.79
2023-06-08,2966.88,1,Mesa Escritório,Home Office,Norte,464.52
2023-06-08,9044.26,3,Teclado Mecânico,Acessórios,Sudeste,2575.05
2023-06-08,12492.1,4,Notebook Pro X,Eletrônicos,Centro-Oeste,3945.84
2023-06-08,2423.99,4,Notebook Pro X,Eletrônicos,Nordeste,346.95
2023-06-08,11297.96,3,Teclado Mecânico,Acessórios,Sul,2715.06
2023-06-09,19677.92,4,Teclado Mecânico,Acessórios,Nordeste,3245.24
2023-06-09,11796.15,3,Mesa Escritório,Home Office,Centro-Oeste,1887.59
2023-06-09,693.43,2,Teclado Mecânico,Acessórios,Sudeste,78.49
2023-06-09,10662.3,4,Smart Monitor 27,Eletrônicos,Sudeste,1648.02
2023-06-09,3108.45,1,Smart Monitor 27,Eletrônicos,Nordeste,507.34
2023-06-09,10424.81,3,Webcam HD,Eletrônicos,Nordeste,3382.18
2023-06-09,12364.23,3,Mouse Wireless,Acessórios,Sudeste,2711.94
2023-06-09,3990.25,1,Headset Pro,Eletrônicos,Norte,556.94
2023-06-09,1708.08,1,Headset Pro,Eletrônicos,Sudeste,260.08
2023-06-09,4189.5,1,Smart Monitor 27,Eletrônicos,Sul,794.26
2023-06-10,3552.21,3,Cadeira Gamer,Home Office,Sudeste,693.56
2023-06-10,2924.71,1,Mouse Wireless,Acessórios,Sudeste,849.54
2023-06-10,2349.71,1,Mesa Escritório,Home Office,Norte,413.13
2023-06-10,546.32,3,Mesa Escritório,Home Office,Nordeste,147.4
2023-06-10,6901.89,2,Mouse Wireless,Acessórios,Centro-Oeste,1607.4
2023-06-10,9383.67,2,Teclado Mecânico,Acessórios,Centro-Oeste,1669.83
2023-06-10,1779.94,2,Headset Pro,Eletrônicos,Sudeste,470.09
2023-06-10,3454.68,2,Teclado Mecânico,Acessórios,Sudeste,1147.04
2023-06-10,870.81,2,Mesa Escritório,Home Office,Nordeste,178.01
2023-06-10,7830.82,3,Smart Monitor 27,Eletrônicos,Sul,2297.51
2023-06-11,3276.36,1,Webcam HD,Eletrônicos,Norte,517.24
2023-06-11,6227.15,3,Smart Monitor 27,Eletrônicos,Nordeste,1920.52
2023-06-11,6665.18,4,Notebook Pro X,Eletrônicos,Centro-Oeste,1396.65
2023-06-11,4053.44,3,Mesa Escritório,Home Office,Norte,512.63
2023-06-11,15100.56,4,Teclado Mecânico,Acessórios,Centro-Oeste,3517.15
2023-06-11,13299.93,4,Cadeira Gamer,Home Office,Nordeste,1563.1
2023-06-11,4533.68,3,Mouse Wireless,Acessórios,Sudeste,1083.92
2023-06-12,1178.43,1,Smart Monitor 27,Eletrônicos,Sudeste,270.53
2023-06-12,5659.0,2,Cadeira Gamer,Home Office,Sul,893.25
2023-06-12,19386.02,4,Mesa Escritório,Home Office,Sudeste,3210.05
2023-06-12,3540.56,3,Webcam HD,Eletrônicos,Nordeste,1138.45
2023-06-12,9506.42,4,Headset Pro,Eletrônicos,Centro-Oeste,1852.84
2023-06-12,3186.12,1,Notebook Pro X,Eletrônicos,Sul,639.78
2023-06-12,3285.29,2,Mesa Escritório,Home Office,Norte,363.89
2023-06-12,2199.44,1,Mouse Wireless,Acessórios,Sudeste,622.17
2023-06-13,139.49,1,Mouse Wireless,Acessórios,Centro-Oeste,46.84
2023-06-13,2213.38,1,Mesa Escritório,Home Office,Sudeste,431.08
2023-06-13,7657.02,3,Notebook Pro X,Eletrônicos,Sul,1596.05
2023-06-13,7415.1,3,Notebook Pro X,Eletrônicos,Sul,1694.53
2023-06-13,4517.76,1,Webcam HD,Eletrônicos,Sudeste,694.84
2023-06-13,1169.68,4,Mesa Escritório,Home Office,Sudeste,196.51
2023-06-13,10778.84,3,Smart Monitor 27,Eletrônicos,Nordeste,2955.27
2023-06-13,6108.78,3,Webcam HD,Eletrônicos,Sudeste,1723.24
2023-06-13,4300.24,1,Teclado Mecânico,Acessórios,Nordeste,1312.03
2023-06-13,14217.32,3,Webcam HD,Eletrônicos,Norte,2844.22
2023-06-13,12539.13,4,Teclado Mecânico,Acessórios,Sudeste,2678.37
2023-06-14,14965.06,3,Headset Pro,Eletrônicos,Sul,2211.58
2023-06-14,6942.85,2,Cadeira Gamer,Home Office,Norte,903.24
2023-06-14,1070.67,1,Headset Pro,Eletrônicos,Sudeste,124.65
2023-06-14,1191.11,1,Notebook Pro X,Eletrônicos,Centro-Oeste,210.59
2023-06-14,18372.06,4,Notebook Pro X,Eletrônicos,Sul,5402.72
2023-06-14,1875.18,2,Cadeira Gamer,Home Office,Nordeste,383.54
2023-06-14,4006.33,1,Smart Monitor 27,Eletrônicos,Sudeste,1126.01
2023-06-14,4052.42,2,Cadeira Gamer,Home Office,Sul,506.8
2023-06-14,356.72,1,Smart Monitor 27,Eletrônicos,Sudeste,49.91
2023-06-14,3595.17,4,Smart Monitor 27,Eletrônicos,Norte,569.67
2023-06-14,12503.22,3,Webcam HD,Eletrônicos,Sudeste,4214.37
2023-06-14,2291.26,3,Teclado Mecânico,Acessórios,Sul,361.72
2023-06-14,5843.29,4,Webcam HD,Eletrônicos,Sudeste,636.82
2023-06-14,696.1,2,Smart Monitor 27,Eletrônicos,Norte,76.47
2023-06-15,6075.56,3,Teclado Mecânico,Acessórios,Norte,651.08
2023-06-15,9478.21,2,Mesa Escritório,Home Office,Sul,2799.9
2023-06-15,4804.56,3,Mesa Escritório,Home Office,Centro-Oeste,528.81
2023-06-15,7536.61,4,Mesa Escritório,Home Office,Sul,1820.5
2023-06-15,5533.15,2,Teclado Mecânico,Acessórios,Norte,934.05
2023-06-16,2239.89,3,Mesa Escritório,Home Office,Sul,511.36
2023-06-16,1043.42,3,Teclado Mecânico,Acessórios,Norte,215.5
2023-06-16,1800.7,2,Webcam HD,Eletrônicos,Sul,279.91
2023-06-16,1207.79,1,Headset Pro,Eletrônicos,Norte,367.56
2023-06-16,540.59,1,Mesa Escritório,Home Office,Sudeste,80.18
2023-06-16,3507.05,2,Notebook Pro X,Eletrônicos,Sul,1114.09
2023-06-16,2941.51,2,Webcam HD,Eletrônicos,Centro-Oeste,538.3
2023-06-16,1054.02,3,Smart Monitor 27,Eletrônicos,Norte,235.19
2023-06-16,3664.89,1,Webcam HD,Eletrônicos,Norte,810.3
2023-06-16,8090.13,3,Webcam HD,Eletrônicos,Centro-Oeste,1135.38
2023-06-16,2244.17,2,Mouse Wireless,Acessórios,Nordeste,390.7
2023-06-16,2562.33,3,Smart Monitor 27,Eletrônicos,Centro-Oeste,351.84
2023-06-17,5607.8,3,Mesa Escritório,Home Office,Sul,1133.41
2023-06-17,3757.38,4,Headset Pro,Eletrônicos,Sul,1152.91
2023-06-17,4040.72,2,Mesa Escritório,Home Office,Centro-Oeste,1108.33
2023-06-17,1307.95,1,Mesa Escritório,Home Office,Norte,449.94
2023-06-17,17767.29,4,Webcam HD,Eletrônicos,Norte,5755.22
2023-06-17,2793.39,4,Teclado Mecânico,Acessórios,Norte,356.95
2023-06-17,2557.21,2,Teclado Mecânico,Acessórios,Sudeste,685.58
2023-06-17,791.43,1,Teclado Mecânico,Acessórios,Norte,187.09
2023-06-17,4090.52,2,Smart Monitor 27,Eletrônicos,Norte,568.91
2023-06-17,5444.49,2,Headset Pro,Eletrônicos,Sul,656.09
2023-06-18,4949.81,1,Teclado Mecânico,Acessórios,Norte,532.13
2023-06-18,865.39,1,Webcam HD,Eletrônicos,Nordeste,300.38
2023-06-18,2785.21,3,Cadeira Gamer,Home Office,Centro-Oeste,523.48
2023-06-18,8793.76,3,Webcam HD,Eletrônicos,Sudeste,2783.45
2023-06-18,14782.07,3,Notebook Pro X,Eletrônicos,Nordeste,4316.38
2023-06-18,6344.5,3,Smart Monitor 27,Eletrônicos,Sul,1312.5
2023-06-18,13441.16,4,Mesa Escritório,Home Office,Sudeste,3026.65
2023-06-18,4349.96,4,Smart Monitor 27,Eletrônicos,Sudeste,1451.18
2023-06-19,732.95,1,Smart Monitor 27,Eletrônicos,Sudeste,91.54
2023-06-19,538.15,3,Cadeira Gamer,Home Office,Sul,163.92
2023-06-19,7222.97,3,Teclado Mecânico,Acessórios,Norte,1611.14
2023-06-19,6163.72,4,Teclado Mecânico,Acessórios,Centro-Oeste,940.46
2023-06-19,7956.34,2,Cadeira Gamer,Home Office,Nordeste,1994.0
2023-06-19,2415.71,4,Notebook Pro X,Eletrônicos,Norte,317.64
2023-06-19,2228.12,4,Notebook Pro X,Eletrônicos,Nordeste,759.69
2023-06-19,5067.64,3,Webcam HD,Eletrônicos,Nordeste,1363.81
2023-06-19,4725.25,1,Webcam HD,Eletrônicos,Norte,1377.21
2023-06-19,5838.52,2,Webcam HD,Eletrônicos,Norte,1210.12
2023-06-19,1605.27,2,Smart Monitor 27,Eletrônicos,Norte,167.91
2023-06-19,6985.07,2,Headset Pro,Eletrônicos,Sudeste,1105.97
2023-06-20,3295.95,1,Notebook Pro X,Eletrônicos,Centro-Oeste,536.48
2023-06-20,1483.54,2,Teclado Mecânico,Acessórios,Centro-Oeste,373.11
2023-06-20,14147.11,4,Smart Monitor 27,Eletrônicos,Nordeste,1815.93
2023-06-20,7089.85,4,Mesa Escritório,Home Office,Sul,1557.16
2023-06-20,4231.47,2,Notebook Pro X,Eletrônicos,Sul,556.85
2023-06-20,334.09,2,Smart Monitor 27,Eletrônicos,Norte,40.22
2023-06-20,8451.75,2,Notebook Pro X,Eletrônicos,Sudeste,1865.12
2023-06-20,4378.7,2,Mesa Escritório,Home Office,Norte,1037.91
2023-06-20,10054.94,4,Teclado Mecânico,Acessórios,Sudeste,2597.72
2023-06-20,4829.98,1,Headset Pro,Eletrônicos,Nordeste,543.88
2023-06-20,12003.53,4,Mouse Wireless,Acessórios,Norte,1698.2
2023-06-20,7654.09,3,Cadeira Gamer,Home Office,Sul,898.2
2023-06-21,1449.36,2,Mouse Wireless,Acessórios,Nordeste,434.88
2023-06-21,4184.59,2,Notebook Pro X,Eletrônicos,Sul,568.35
2023-06-21,19832.49,4,Headset Pro,Eletrônicos,Nordeste,5587.0
2023-06-21,10558.14,3,Notebook Pro X,Eletrônicos,Nordeste,3432.09
2023-06-21,1608.64,1,Mesa Escritório,Home Office,Norte,497.69
2023-06-21,18940.12,4,Mesa Escritório,Home Office,Sul,3294.75
2023-06-21,15224.15,4,Teclado Mecânico,Acessórios,Sudeste,1833.24
2023-06-21,3342.99,1,Smart Monitor 27,Eletrônicos,Norte,863.92
2023-06-21,4535.19,2,Webcam HD,Eletrônicos,Nordeste,501.67
2023-06-22,4202.59,1,Teclado Mecânico,Acessórios,Centro-Oeste,554.08
2023-06-22,1518.85,2,Teclado Mecânico,Acessórios,Nordeste,187.74
2023-06-22,2357.28,1,Headset Pro,Eletrônicos,Sul,529.78
2023-06-22,606.83,1,Smart Monitor 27,Eletrônicos,Sul,121.67
2023-06-22,6049.73,4,Notebook Pro X,Eletrônicos,Sul,1056.86
2023-06-23,3589.47,1,Mouse Wireless,Acessórios,Centro-Oeste,678.95
2023-06-23,2478.8,3,Webcam HD,Eletrônicos,Centro-Oeste,304.95
2023-06-23,17082.55,4,Webcam HD,Eletrônicos,Nordeste,5797.95
2023-06-23,13512.18,3,Smart Monitor 27,Eletrônicos,Sudeste,3219.66
2023-06-23,8368.43,3,Smart Monitor 27,Eletrônicos,Sul,1631.8
2023-06-24,4824.26,4,Cadeira Gamer,Home Office,Sul,952.67
2023-06-24,1643.1,1,Webcam HD,Eletrônicos,Sul,204.01
2023-06-24,12496.93,3,Teclado Mecânico,Acessórios,Sul,4301.42
2023-06-24,8118.51,3,Mouse Wireless,Acessórios,Centro-Oeste,2584.97
2023-06-24,13402.38,3,Notebook Pro X,Eletrônicos,Nordeste,2894.29
2023-06-24,5106.03,3,Notebook Pro X,Eletrônicos,Sudeste,900.89
2023-06-24,2496.28,1,Cadeira Gamer,Home Office,Centro-Oeste,786.05
2023-06-24,6578.69,4,Mouse Wireless,Acessórios,Nordeste,876.96
2023-06-24,11156.04,3,Smart Monitor 27,Eletrônicos,Norte,2974.8
2023-06-25,1358.04,1,Mesa Escritório,Home Office,Nordeste,408.8
2023-06-25,7649.4,3,Headset Pro,Eletrônicos,Sul,2161.43
2023-06-25,3923.7,1,Headset Pro,Eletrônicos,Centro-Oeste,1053.22
2023-06-25,1494.25,1,Teclado Mecânico,Acessórios,Sudeste,314.93
2023-06-25,4002.89,1,Cadeira Gamer,Home Office,Sul,633.0
2023-06-25,2860.78,4,Smart Monitor 27,Eletrônicos,Nordeste,975.15
2023-06-25,5932.34,4,Headset Pro,Eletrônicos,Norte,1035.31
2023-06-25,2752.73,1,Smart Monitor 27,Eletrônicos,Centro-Oeste,334.48
2023-06-26,2467.48,4,Cadeira Gamer,Home Office,Nordeste,607.98
2023-06-26,1280.4,3,Mesa Escritório,Home Office,Sudeste,143.43
2023-06-26,8236.66,2,Notebook Pro X,Eletrônicos,Norte,909.28
2023-06-26,4295.26,3,Headset Pro,Eletrônicos,Nordeste,858.16
2023-06-26,6432.31,4,Headset Pro,Eletrônicos,Nordeste,1630.01
2023-06-26,4887.46,1,Cadeira Gamer,Home Office,Nordeste,1154.38
2023-06-26,14712.35,4,Smart Monitor 27,Eletrônicos,Nordeste,2813.08
2023-06-27,4983.17,1,Notebook Pro X,Eletrônicos,Norte,1370.91
2023-06-27,5653.35,2,Cadeira Gamer,Home Office,Norte,1072.19
2023-06-27,2695.6,1,Mouse Wireless,Acessórios,Nordeste,763.12
2023-06-27,1514.88,4,Teclado Mecânico,Acessórios,Centro-Oeste,441.79
2023-06-27,3169.57,2,Mesa Escritório,Home Office,Centro-Oeste,1082.84
2023-06-27,8160.37,4,Headset Pro,Eletrônicos,Centro-Oeste,2358.86
2023-06-27,3210.94,2,Smart Monitor 27,Eletrônicos,Nordeste,618.13
2023-06-27,1329.31,1,Headset Pro,Eletrônicos,Centro-Oeste,172.96
2023-06-27,11762.73,4,Cadeira Gamer,Home Office,Sul,2192.65
2023-06-27,403.98,1,Webcam HD,Eletrônicos,Norte,74.67
2023-06-27,3654.63,4,Notebook Pro X,Eletrônicos,Nordeste,421.29
2023-06-28,6940.57,3,Cadeira Gamer,Home Office,Norte,1309.56
2023-06-28,4376.01,1,Mesa Escritório,Home Office,Sul,932.18
2023-06-28,2132.65,1,Webcam HD,Eletrônicos,Nordeste,419.74
2023-06-28,9361.49,3,Mesa Escritório,Home Office,Sudeste,2006.74
2023-06-28,802.17,2,Cadeira Gamer,Home Office,Sudeste,243.4
2023-06-29,9836.85,3,Mouse Wireless,Acessórios,Norte,3331.17
2023-06-29,984.54,1,Cadeira Gamer,Home Office,Norte,163.06
2023-06-29,11802.04,4,Smart Monitor 27,Eletrônicos,Nordeste,2364.72
2023-06-29,6228.29,4,Mouse Wireless,Acessórios,Nordeste,875.91
2023-06-29,3588.15,4,Mesa Escritório,Home Office,Sul,1017.57
2023-06-29,10563.52,3,Teclado Mecânico,Acessórios,Centro-Oeste,1623.92
2023-06-29,9049.88,3,Mouse Wireless,Acessórios,Norte,2877.66
2023-06-29,2012.22,3,Headset Pro,Eletrônicos,Norte,329.13
2023-06-29,10989.47,4,Cadeira Gamer,Home Office,Nordeste,1316.76
2023-06-29,9013.73,3,Smart Monitor 27,Eletrônicos,Sudeste,1235.69
2023-06-29,6207.99,4,Webcam HD,Eletrônicos,Sudeste,843.46
2023-06-29,13088.09,3,Headset Pro,Eletrônicos,Sudeste,2524.52
2023-06-29,495.02,1,Mouse Wireless,Acessórios,Sul,165.78
2023-06-29,4805.17,2,Mesa Escritório,Home Office,Sudeste,1084.16
2023-06-30,11933.72,3,Notebook Pro X,Eletrônicos,Sul,3925.56
2023-06-30,15756.0,4,Cadeira Gamer,Home Office,Nordeste,2666.98
2023-06-30,10273.82,3,Webcam HD,Eletrônicos,Centro-Oeste,1857.25
2023-06-30,9715.21,2,Mouse Wireless,Acessórios,Centro-Oeste,1401.79
2023-06-30,6112.68,2,Notebook Pro X,Eletrônicos,Sul,1836.38
2023-06-30,7889.36,3,Mesa Escritório,Home Office,Sudeste,1934.17
2023-06-30,151.42,1,Smart Monitor 27,Eletrônicos,Norte,49.02
2023-06-30,8134.82,2,Teclado Mecânico,Acessórios,Norte,2746.58
2023-06-30,5325.16,3,Mouse Wireless,Acessórios,Nordeste,1695.9
2023-06-30,16361.98,4,Smart Monitor 27,Eletrônicos,Norte,2782.91
2023-07-01,9272.55,3,Teclado Mecânico,Acessórios,Nordeste,983.15
2023-07-01,1469.48,4,Mouse Wireless,Acessórios,Nordeste,367.17
2023-07-01,7052.17,3,Smart Monitor 27,Eletrônicos,Norte,2031.25
2023-07-01,4537.26,2,Smart Monitor 27,Eletrônicos,Sul,508.58
2023-07-01,4523.28,2,Webcam HD,Eletrônicos,Centro-Oeste,677.83
2023-07-01,7320.82,4,Mouse Wireless,Acessórios,Sul,2195.85
2023-07-01,2338.11,2,Cadeira Gamer,Home Office,Sul,780.56
2023-07-01,7887.17,2,Teclado Mecânico,Acessórios,Sul,1968.96
2023-07-01,3936.78,3,Headset Pro,Eletrônicos,Sul,1246.28
2023-07-02,8536.45,4,Smart Monitor 27,Eletrônicos,Nordeste,884.23
2023-07-02,2900.88,1,Mesa Escritório,Home Office,Centro-Oeste,424.14
2023-07-02,16567.13,4,Teclado Mecânico,Acessórios,Norte,4919.37
2023-07-02,2664.67,1,Mesa Escritório,Home Office,Nordeste,417.54
2023-07-02,5794.98,3,Webcam HD,Eletrônicos,Sudeste,1485.44
2023-07-02,2701.49,3,Headset Pro,Eletrônicos,Sul,394.73
2023-07-02,5185.57,4,Cadeira Gamer,Home Office,Sul,1293.81
2023-07-02,8196.75,4,Smart Monitor 27,Eletrônicos,Sul,1868.26
2023-07-02,13288.4,3,Notebook Pro X,Eletrônicos,Nordeste,2227.87
2023-07-02,1624.2,2,Mesa Escritório,Home Office,Nordeste,367.76
2023-07-02,226.47,1,Mouse Wireless,Acessórios,Nordeste,53.97
2023-07-03,4356.1,4,Notebook Pro X,Eletrônicos,Sudeste,716.69
2023-07-03,338.6,1,Notebook Pro X,Eletrônicos,Centro-Oeste,42.16
2023-07-03,8258.92,2,Cadeira Gamer,Home Office,Norte,2689.86
2023-07-03,3263.3,1,Mouse Wireless,Acessórios,Sudeste,363.52
2023-07-03,8961.45,3,Smart Monitor 27,Eletrônicos,Norte,1913.89
2023-07-03,478.22,1,Headset Pro,Eletrônicos,Centro-Oeste,68.13
2023-07-03,4002.77,1,Smart Monitor 27,Eletrônicos,Norte,1157.56
2023-07-04,7419.54,4,Cadeira Gamer,Home Office,Sudeste,2577.37
2023-07-04,11013.16,3,Teclado Mecânico,Acessórios,Norte,1230.65
2023-07-04,3944.97,2,Mouse Wireless,Acessórios,Sudeste,941.6
2023-07-04,6789.42,2,Teclado Mecânico,Acessórios,Nordeste,967.28
2023-07-04,12979.66,4,Webcam HD,Eletrônicos,Sudeste,2630.94
2023-07-04,6381.08,3,Cadeira Gamer,Home Office,Nordeste,1679.78
2023-07-04,6973.28,4,Smart Monitor 27,Eletrônicos,Nordeste,1006.04
2023-07-04,606.0,2,Notebook Pro X,Eletrônicos,Nordeste,207.22
2023-07-04,7340.83,2,Cadeira Gamer,Home Office,Centro-Oeste,1312.84
2023-07-04,5006.0,2,Headset Pro,Eletrônicos,Norte,712.73
2023-07-04,3909.02,4,Cadeira Gamer,Home Office,Sudeste,1170.28
2023-07-04,5959.43,2,Webcam HD,Eletrônicos,Nordeste,763.35
2023-07-04,13859.78,3,Notebook Pro X,Eletrônicos,Centro-Oeste,1638.0
2023-07-05,5444.09,3,Mouse Wireless,Acessórios,Norte,1609.31
2023-07-05,5076.37,3,Headset Pro,Eletrônicos,Centro-Oeste,1379.88
2023-07-05,8340.1,2,Headset Pro,Eletrônicos,Norte,1302.43
2023-07-05,3190.52,1,Cadeira Gamer,Home Office,Norte,909.04
2023-07-05,1972.74,2,Webcam HD,Eletrônicos,Sudeste,591.41
2023-07-05,8142.59,2,Webcam HD,Eletrônicos,Norte,1369.28
2023-07-06,7971.7,3,Teclado Mecânico,Acessórios,Sul,932.64
2023-07-06,784.25,2,Webcam HD,Eletrônicos,Sul,214.11
2023-07-06,6592.3,2,Mouse Wireless,Acessórios,Nordeste,1416.76
2023-07-06,4146.85,2,Notebook Pro X,Eletrônicos,Sudeste,953.37
2023-07-06,779.94,2,Mesa Escritório,Home Office,Sudeste,201.38
2023-07-07,19884.0,4,Mouse Wireless,Acessórios,Sul,2043.47
2023-07-07,14254.31,3,Notebook Pro X,Eletrônicos,Nordeste,4559.96
2023-07-07,2900.38,4,Teclado Mecânico,Acessórios,Centro-Oeste,586.66
2023-07-07,3683.31,2,Cadeira Gamer,Home Office,Norte,984.57
2023-07-07,10600.67,3,Mouse Wireless,Acessórios,Sul,2621.07
2023-07-07,3009.53,1,Notebook Pro X,Eletrônicos,Nordeste,734.02
2023-07-07,3313.93,1,Mesa Escritório,Home Office,Norte,496.11
2023-07-08,14948.52,4,Mesa Escritório,Home Office,Nordeste,1589.02
2023-07-08,4835.67,2,Notebook Pro X,Eletrônicos,Nordeste,535.93
2023-07-08,4139.09,3,Mouse Wireless,Acessórios,Norte,1133.03
2023-07-08,2120.77,1,Mesa Escritório,Home Office,Centro-Oeste,315.87
2023-07-08,12358.12,4,Teclado Mecânico,Acessórios,Norte,2744.05
2023-07-08,4964.39,3,Headset Pro,Eletrônicos,Norte,1628.27
2023-07-09,10468.67,4,Webcam HD,Eletrônicos,Norte,1801.09
2023-07-09,4272.04,2,Smart Monitor 27,Eletrônicos,Sudeste,1396.97
2023-07-09,3699.58,1,Notebook Pro X,Eletrônicos,Sudeste,392.11
2023-07-09,1225.82,2,Teclado Mecânico,Acessórios,Norte,161.99
2023-07-09,2411.08,1,Teclado Mecânico,Acessórios,Centro-Oeste,296.21
2023-07-10,11190.42,4,Cadeira Gamer,Home Office,Norte,2258.69
2023-07-10,1342.7,1,Mouse Wireless,Acessórios,Nordeste,349.8
2023-07-10,210.57,1,Smart Monitor 27,Eletrônicos,Norte,66.42
2023-07-10,8944.98,3,Smart Monitor 27,Eletrônicos,Centro-Oeste,1601.32
2023-07-10,4069.79,1,Smart Monitor 27,Eletrônicos,Nordeste,844.15
2023-07-10,6196.65,4,Webcam HD,Eletrônicos,Sudeste,1015.85
2023-07-11,2719.92,3,Smart Monitor 27,Eletrônicos,Centro-Oeste,395.19
2023-07-11,5238.4,4,Mesa Escritório,Home Office,Nordeste,925.12
2023-07-11,3010.84,1,Cadeira Gamer,Home Office,Sul,744.92
2023-07-11,6231.12,2,Cadeira Gamer,Home Office,Sudeste,750.19
2023-07-11,10929.15,3,Notebook Pro X,Eletrônicos,Sudeste,3204.08
2023-07-11,1148.57,1,Mesa Escritório,Home Office,Sudeste,196.2
2023-07-11,7463.36,4,Cadeira Gamer,Home Office,Nordeste,1874.87
2023-07-11,13127.82,4,Smart Monitor 27,Eletrônicos,Norte,3508.01
2023-07-11,1538.32,1,Mesa Escritório,Home Office,Norte,256.13
2023-07-11,2560.62,3,Notebook Pro X,Eletrônicos,Centro-Oeste,823.35
2023-07-11,10039.75,3,Mesa Escritório,Home Office,Sudeste,3031.3
2023-07-11,10282.28,3,Mesa Escritório,Home Office,Nordeste,3423.33
2023-07-11,7412.0,2,Notebook Pro X,Eletrônicos,Centro-Oeste,1127.36
2023-07-11,4410.79,1,Smart Monitor 27,Eletrônicos,Sudeste,495.35
2023-07-12,2710.68,2,Teclado Mecânico,Acessórios,Sul,420.6
2023-07-12,220.63,1,Teclado Mecânico,Acessórios,Nordeste,33.62
2023-07-12,3406.98,1,Cadeira Gamer,Home Office,Norte,544.32
2023-07-12,1189.66,4,Notebook Pro X,Eletrônicos,Sul,271.31
2023-07-12,4224.69,2,Notebook Pro X,Eletrônicos,Nordeste,643.94
2023-07-12,16153.6,4,Notebook Pro X,Eletrônicos,Centro-Oeste,1953.48
2023-07-12,1586.59,1,Mesa Escritório,Home Office,Sudeste,468.79
2023-07-12,2525.16,3,Mouse Wireless,Acessórios,Nordeste,348.4
2023-07-12,8113.68,4,Mouse Wireless,Acessórios,Sudeste,1076.52
2023-07-12,9659.05,2,Mouse Wireless,Acessórios,Norte,1999.87
2023-07-12,4453.63,4,Smart Monitor 27,Eletrônicos,Norte,1007.03
2023-07-12,1642.83,2,Webcam HD,Eletrônicos,Sudeste,249.13
2023-07-12,15006.21,4,Mouse Wireless,Acessórios,Nordeste,2371.82
2023-07-13,2146.59,2,Teclado Mecânico,Acessórios,Norte,635.06
2023-07-13,16574.14,4,Cadeira Gamer,Home Office,Nordeste,4951.77
2023-07-13,17981.11,4,Cadeira Gamer,Home Office,Sudeste,5601.67
2023-07-13,3322.81,1,Mouse Wireless,Acessórios,Sudeste,865.23
2023-07-13,3524.56,2,Headset Pro,Eletrônicos,Sudeste,407.47
2023-07-13,4231.0,3,Mouse Wireless,Acessórios,Sul,1282.41
2023-07-13,3306.04,2,Mouse Wireless,Acessórios,Norte,999.11
2023-07-14,1582.08,1,Cadeira Gamer,Home Office,Centro-Oeste,497.84
2023-07-14,11840.73,3,Teclado Mecânico,Acessórios,Norte,1994.27
2023-07-14,6965.16,2,Headset Pro,Eletrônicos,Sul,2342.08
2023-07-14,1707.98,1,Webcam HD,Eletrônicos,Norte,193.76
2023-07-14,6528.11,2,Notebook Pro X,Eletrônicos,Norte,1486.07
2023-07-14,4798.89,3,Mesa Escritório,Home Office,Sudeste,556.29
2023-07-14,12962.85,3,Mesa Escritório,Home Office,Centro-Oeste,1741.23
2023-07-14,1025.7,2,Smart Monitor 27,Eletrônicos,Norte,277.62
2023-07-14,11351.83,3,Headset Pro,Eletrônicos,Sudeste,3439.45
2023-07-14,6073.04,4,Webcam HD,Eletrônicos,Nordeste,1796.43
2023-07-14,2235.8,3,Headset Pro,Eletrônicos,Nordeste,617.66
2023-07-14,1504.9,3,Mesa Escritório,Home Office,Centro-Oeste,393.85
2023-07-14,13133.73,3,Cadeira Gamer,Home Office,Norte,1867.81
2023-07-14,17249.72,4,Headset Pro,Eletrônicos,Centro-Oeste,5862.63
2023-07-15,5935.94,3,Webcam HD,Eletrônicos,Norte,843.32
2023-07-15,10246.68,3,Mesa Escritório,Home Office,Sul,2654.01
2023-07-15,10889.64,3,Mouse Wireless,Acessórios,Centro-Oeste,2480.43
2023-07-15,7314.84,3,Cadeira Gamer,Home Office,Sudeste,2181.77
2023-07-15,16659.43,4,Webcam HD,Eletrônicos,Norte,4620.45
2023-07-15,4141.79,2,Smart Monitor 27,Eletrônicos,Nordeste,899.59
2023-07-15,14061.67,4,Headset Pro,Eletrônicos,Nordeste,2682.2
2023-07-15,1590.79,1,Mouse Wireless,Acessórios,Nordeste,214.46
2023-07-15,4196.22,2,Cadeira Gamer,Home Office,Sul,1349.49
2023-07-15,1342.46,3,Notebook Pro X,Eletrônicos,Norte,251.64
2023-07-16,4968.23,4,Webcam HD,Eletrônicos,Norte,1360.29
2023-07-16,9432.17,2,Smart Monitor 27,Eletrônicos,Centro-Oeste,1646.56
2023-07-16,19560.76,4,Cadeira Gamer,Home Office,Nordeste,4805.24
2023-07-16,610.02,4,Webcam HD,Eletrônicos,Nordeste,144.0
2023-07-16,375.19,1,Headset Pro,Eletrônicos,Centro-Oeste,61.5
2023-07-16,3572.1,2,Mouse Wireless,Acessórios,Sudeste,822.07
2023-07-17,13234.75,3,Smart Monitor 27,Eletrônicos,Centro-Oeste,2996.08
2023-07-17,2137.72,1,Mouse Wireless,Acessórios,Centro-Oeste,247.51
2023-07-17,3974.6,3,Smart Monitor 27,Eletrônicos,Centro-Oeste,470.36
2023-07-17,8717.91,2,Mesa Escritório,Home Office,Sul,2027.05
2023-07-17,8674.97,4,Teclado Mecânico,Acessórios,Norte,2570.1
2023-07-17,13457.33,3,Mesa Escritório,Home Office,Nordeste,4216.33
2023-07-17,8611.81,4,Mesa Escritório,Home Office,Sul,1847.29
2023-07-17,651.42,2,Mesa Escritório,Home Office,Norte,216.73
2023-07-17,5016.56,3,Headset Pro,Eletrônicos,Norte,1249.19
2023-07-17,12731.11,3,Mouse Wireless,Acessórios,Norte,2099.37
2023-07-18,2896.73,1,Notebook Pro X,Eletrônicos,Sudeste,636.34
2023-07-18,2352.42,2,Mesa Escritório,Home Office,Nordeste,235.38
2023-07-18,10454.4,4,Notebook Pro X,Eletrônicos,Sudeste,1780.89
2023-07-18,1844.58,2,Mesa Escritório,Home Office,Sul,239.96
2023-07-18,8786.69,2,Mesa Escritório,Home Office,Norte,2466.39
2023-07-18,6628.88,3,Mouse Wireless,Acessórios,Sudeste,860.33
2023-07-18,5146.62,4,Headset Pro,Eletrônicos,Norte,608.59
2023-07-19,4996.19,4,Smart Monitor 27,Eletrônicos,Centro-Oeste,1435.63
2023-07-19,19888.87,4,Cadeira Gamer,Home Office,Nordeste,3146.06
2023-07-19,11328.83,3,Smart Monitor 27,Eletrônicos,Centro-Oeste,1910.34
2023-07-19,2019.87,1,Cadeira Gamer,Home Office,Sul,607.17
2023-07-19,3721.55,1,Teclado Mecânico,Acessórios,Norte,1010.88
2023-07-20,4321.08,1,Cadeira Gamer,Home Office,Centro-Oeste,1367.66
2023-07-20,766.32,3,Smart Monitor 27,Eletrônicos,Centro-Oeste,179.12
2023-07-20,19781.27,4,Notebook Pro X,Eletrônicos,Sudeste,4367.86
2023-07-20,5711.81,2,Teclado Mecânico,Acessórios,Centro-Oeste,970.22
2023-07-20,5476.27,2,Cadeira Gamer,Home Office,Centro-Oeste,1905.93
2023-07-20,17313.28,4,Cadeira Gamer,Home Office,Norte,2887.31
2023-07-20,3586.68,2,Cadeira Gamer,Home Office,Centro-Oeste,364.93
2023-07-20,19099.23,4,Webcam HD,Eletrônicos,Nordeste,2491.87
2023-07-20,3505.84,2,Notebook Pro X,Eletrônicos,Sul,1075.88
2023-07-20,9920.51,2,Mouse Wireless,Acessórios,Sul,3351.64
2023-07-20,1244.48,1,Mouse Wireless,Acessórios,Nordeste,145.66
2023-07-20,6593.88,3,Mesa Escritório,Home Office,Centro-Oeste,760.65
2023-07-20,8580.94,4,Webcam HD,Eletrônicos,Sul,1666.56
2023-07-20,9779.46,2,Cadeira Gamer,Home Office,Nordeste,2953.07
2023-07-21,2731.5,1,Headset Pro,Eletrônicos,Sul,846.76
2023-07-21,790.22,2,Mesa Escritório,Home Office,Nordeste,137.83
2023-07-21,1641.68,1,Notebook Pro X,Eletrônicos,Sudeste,440.8
2023-07-21,11812.47,3,Notebook Pro X,Eletrônicos,Nordeste,1543.0
2023-07-21,5958.72,4,Headset Pro,Eletrônicos,Centro-Oeste,1081.93
2023-07-21,9112.41,2,Cadeira Gamer,Home Office,Sudeste,1344.37
2023-07-21,17347.19,4,Headset Pro,Eletrônicos,Nordeste,2249.33
2023-07-22,7304.94,3,Cadeira Gamer,Home Office,Sul,2078.04
2023-07-22,3708.68,4,Smart Monitor 27,Eletrônicos,Centro-Oeste,1162.62
2023-07-22,4560.8,4,Teclado Mecânico,Acessórios,Nordeste,587.84
2023-07-22,18721.99,4,Mesa Escritório,Home Office,Sul,6127.72
2023-07-22,4034.61,1,Mesa Escritório,Home Office,Nordeste,1392.74
2023-07-23,7704.51,3,Smart Monitor 27,Eletrônicos,Centro-Oeste,2462.39
2023-07-23,2027.27,1,Headset Pro,Eletrônicos,Sudeste,478.72
2023-07-23,9005.65,3,Webcam HD,Eletrônicos,Norte,2478.66
2023-07-23,3241.02,2,Headset Pro,Eletrônicos,Sudeste,731.94
2023-07-23,6616.31,2,Teclado Mecânico,Acessórios,Norte,1341.79
2023-07-23,863.29,1,Mesa Escritório,Home Office,Sudeste,204.39
2023-07-23,7972.66,2,Cadeira Gamer,Home Office,Centro-Oeste,1236.78
2023-07-23,295.08,1,Headset Pro,Eletrônicos,Sudeste,49.72
2023-07-23,4135.5,3,Headset Pro,Eletrônicos,Norte,1416.01
2023-07-24,10584.07,3,Cadeira Gamer,Home Office,Norte,3315.26
2023-07-24,14232.36,3,Headset Pro,Eletrônicos,Norte,1925.64
2023-07-24,12488.51,3,Webcam HD,Eletrônicos,Sudeste,2835.34
2023-07-24,3939.84,2,Cadeira Gamer,Home Office,Nordeste,1157.56
2023-07-24,7726.11,2,Notebook Pro X,Eletrônicos,Sul,1986.7
2023-07-25,4696.51,1,Mouse Wireless,Acessórios,Centro-Oeste,1547.09
2023-07-25,12441.33,3,Notebook Pro X,Eletrônicos,Centro-Oeste,3410.67
2023-07-25,1314.84,3,Mouse Wireless,Acessórios,Norte,241.53
2023-07-25,6779.78,2,Smart Monitor 27,Eletrônicos,Sudeste,2248.02
2023-07-25,1655.37,2,Cadeira Gamer,Home Office,Norte,412.38
2023-07-25,11217.95,4,Notebook Pro X,Eletrônicos,Centro-Oeste,1800.03
2023-07-26,9683.88,2,Notebook Pro X,Eletrônicos,Norte,2560.82
2023-07-26,9749.09,3,Webcam HD,Eletrônicos,Norte,2439.58
2023-07-26,2677.8,1,Mesa Escritório,Home Office,Centro-Oeste,776.1
2023-07-26,4400.12,4,Notebook Pro X,Eletrônicos,Norte,955.97
2023-07-26,4830.65,2,Teclado Mecânico,Acessórios,Sul,939.83
2023-07-27,6372.68,3,Webcam HD,Eletrônicos,Sudeste,954.86
2023-07-27,896.83,4,Mouse Wireless,Acessórios,Norte,244.4
2023-07-27,4282.91,1,Mesa Escritório,Home Office,Nordeste,1204.88
2023-07-27,5119.75,4,Cadeira Gamer,Home Office,Nordeste,1007.07
2023-07-27,2772.9,1,Webcam HD,Eletrônicos,Centro-Oeste,420.83
2023-07-27,539.82,1,Cadeira Gamer,Home Office,Sul,176.9
2023-07-28,9883.66,4,Cadeira Gamer,Home Office,Sul,1292.9
2023-07-28,1779.91,1,Smart Monitor 27,Eletrônicos,Sudeste,227.6
2023-07-28,9665.16,2,Notebook Pro X,Eletrônicos,Sudeste,1463.77
2023-07-28,3831.23,3,Notebook Pro X,Eletrônicos,Nordeste,808.17
2023-07-28,2814.57,1,Webcam HD,Eletrônicos,Nordeste,657.59
2023-07-28,7342.92,2,Smart Monitor 27,Eletrônicos,Nordeste,1287.7
2023-07-29,1923.2,1,Webcam HD,Eletrônicos,Nordeste,557.64
2023-07-29,356.41,3,Teclado Mecânico,Acessórios,Sudeste,80.37
2023-07-29,12109.61,4,Headset Pro,Eletrônicos,Sul,3877.79
2023-07-29,1638.81,1,Teclado Mecânico,Acessórios,Centro-Oeste,368.41
2023-07-29,4848.78,4,Cadeira Gamer,Home Office,Nordeste,1386.64
2023-07-29,9952.74,4,Headset Pro,Eletrônicos,Sudeste,2715.64
2023-07-30,8327.97,2,Cadeira Gamer,Home Office,Nordeste,1229.08
2023-07-30,4556.79,1,Mesa Escritório,Home Office,Sul,1103.83
2023-07-30,2211.21,1,Mouse Wireless,Acessórios,Sul,393.7
2023-07-30,6675.31,3,Headset Pro,Eletrônicos,Sudeste,2083.48
2023-07-30,14790.79,3,Headset Pro,Eletrônicos,Nordeste,4405.01
2023-07-31,5286.54,3,Smart Monitor 27,Eletrônicos,Sudeste,1248.41
2023-07-31,16962.78,4,Cadeira Gamer,Home Office,Nordeste,3371.58
2023-07-31,198.11,1,Webcam HD,Eletrônicos,Sudeste,22.91
2023-07-31,9226.87,4,Mouse Wireless,Acessórios,Norte,2650.33
2023-07-31,12536.4,4,Webcam HD,Eletrônicos,Norte,2758.93
2023-07-31,11315.73,3,Smart Monitor 27,Eletrônicos,Sudeste,2675.31
2023-07-31,6045.05,2,Teclado Mecânico,Acessórios,Centro-Oeste,1337.0
2023-07-31,2464.75,1,Notebook Pro X,Eletrônicos,Sudeste,379.59
2023-07-31,10814.59,4,Teclado Mecânico,Acessórios,Nordeste,2151.5
2023-07-31,4385.63,2,Notebook Pro X,Eletrônicos,Centro-Oeste,959.47
2023-08-01,10898.44,4,Mesa Escritório,Home Office,Sudeste,2774.44
2023-08-01,4577.92,2,Smart Monitor 27,Eletrônicos,Centro-Oeste,599.08
2023-08-01,8803.78,4,Cadeira Gamer,Home Office,Sudeste,998.75
2023-08-01,9777.38,2,Mouse Wireless,Acessórios,Nordeste,1570.13
2023-08-01,5999.12,3,Mouse Wireless,Acessórios,Nordeste,807.43
2023-08-01,1700.82,2,Headset Pro,Eletrônicos,Centro-Oeste,479.68
2023-08-01,7537.73,3,Smart Monitor 27,Eletrônicos,Sul,2074.51
2023-08-01,19518.04,4,Notebook Pro X,Eletrônicos,Centro-Oeste,4750.51
2023-08-01,9379.9,2,Mesa Escritório,Home Office,Nordeste,2147.24
2023-08-01,4497.25,1,Notebook Pro X,Eletrônicos,Norte,583.95
2023-08-01,16905.29,4,Cadeira Gamer,Home Office,Norte,4286.06
2023-08-01,2028.81,1,Notebook Pro X,Eletrônicos,Sudeste,443.01
2023-08-01,11844.82,4,Notebook Pro X,Eletrônicos,Sul,1797.43
2023-08-01,531.86,1,Headset Pro,Eletrônicos,Sudeste,156.47
2023-08-02,4329.57,3,Mouse Wireless,Acessórios,Sudeste,1328.83
2023-08-02,3562.36,1,Smart Monitor 27,Eletrônicos,Centro-Oeste,833.01
2023-08-02,2366.04,3,Cadeira Gamer,Home Office,Norte,406.06
2023-08-02,606.67,2,Notebook Pro X,Eletrônicos,Sul,109.51
2023-08-02,10653.73,3,Smart Monitor 27,Eletrônicos,Norte,3538.63
2023-08-02,2233.44,1,Cadeira Gamer,Home Office,Norte,755.53
2023-08-02,7022.69,2,Webcam HD,Eletrônicos,Sudeste,1040.89
2023-08-02,4105.89,3,Smart Monitor 27,Eletrônicos,Centro-Oeste,464.81
2023-08-02,1193.52,2,Notebook Pro X,Eletrônicos,Sul,355.64
2023-08-03,2865.64,1,Mesa Escritório,Home Office,Sudeste,716.83
2023-08-03,3566.39,1,Cadeira Gamer,Home Office,Nordeste,991.26
2023-08-03,4852.11,1,Cadeira Gamer,Home Office,Sul,1367.85
2023-08-03,1389.87,2,Notebook Pro X,Eletrônicos,Sul,389.56
2023-08-03,2081.83,2,Teclado Mecânico,Acessórios,Norte,555.16
2023-08-03,664.04,3,Teclado Mecânico,Acessórios,Nordeste,107.71
2023-08-03,5380.83,2,Teclado Mecânico,Acessórios,Sul,987.98
2023-08-04,4272.1,4,Webcam HD,Eletrônicos,Centro-Oeste,1287.16
2023-08-04,15578.62,4,Smart Monitor 27,Eletrônicos,Sul,3059.46
2023-08-04,3325.71,1,Mesa Escritório,Home Office,Centro-Oeste,696.5
2023-08-04,4045.07,1,Mesa Escritório,Home Office,Nordeste,542.89
2023-08-04,9342.1,2,Cadeira Gamer,Home Office,Sul,3089.07
2023-08-04,4531.83,3,Headset Pro,Eletrônicos,Nordeste,1274.23
2023-08-04,559.79,2,Smart Monitor 27,Eletrônicos,Sul,122.42
2023-08-04,17103.36,4,Headset Pro,Eletrônicos,Centro-Oeste,1885.36
2023-08-04,5617.59,2,Teclado Mecânico,Acessórios,Sul,1601.94
2023-08-05,1555.42,3,Notebook Pro X,Eletrônicos,Centro-Oeste,533.69
2023-08-05,3920.16,4,Smart Monitor 27,Eletrônicos,Centro-Oeste,667.75
2023-08-05,7407.42,3,Webcam HD,Eletrônicos,Norte,1535.47
2023-08-05,15103.0,4,Webcam HD,Eletrônicos,Norte,3235.13
2023-08-05,5100.47,4,Headset Pro,Eletrônicos,Norte,758.64
2023-08-05,8314.17,2,Mesa Escritório,Home Office,Nordeste,1617.09
2023-08-05,5852.72,2,Headset Pro,Eletrônicos,Sudeste,759.7
2023-08-05,4142.61,2,Webcam HD,Eletrônicos,Sudeste,854.36
2023-08-05,2034.2,3,Headset Pro,Eletrônicos,Norte,226.38
2023-08-05,18898.05,4,Teclado Mecânico,Acessórios,Nordeste,3075.14
2023-08-05,6499.18,3,Notebook Pro X,Eletrônicos,Nordeste,714.78
2023-08-05,12953.74,3,Notebook Pro X,Eletrônicos,Nordeste,2416.51
2023-08-06,3631.95,2,Smart Monitor 27,Eletrônicos,Nordeste,923.62
2023-08-06,3794.62,2,Webcam HD,Eletrônicos,Nordeste,473.85
2023-08-06,19868.0,4,Mesa Escritório,Home Office,Norte,6300.92
2023-08-06,8677.7,2,Smart Monitor 27,Eletrônicos,Centro-Oeste,2171.14
2023-08-06,10537.3,4,Cadeira Gamer,Home Office,Norte,3288.12
2023-08-06,4665.37,2,Teclado Mecânico,Acessórios,Centro-Oeste,1028.73
2023-08-07,4444.2,3,Mesa Escritório,Home Office,Norte,797.78
2023-08-07,8615.07,4,Cadeira Gamer,Home Office,Centro-Oeste,1105.53
2023-08-07,9145.45,2,Mesa Escritório,Home Office,Sudeste,2310.06
2023-08-07,826.02,2,Headset Pro,Eletrônicos,Norte,148.14
2023-08-07,12825.11,3,Smart Monitor 27,Eletrônicos,Centro-Oeste,3075.52
2023-08-07,7567.35,2,Webcam HD,Eletrônicos,Nordeste,2471.18
2023-08-07,19288.23,4,Headset Pro,Eletrônicos,Sudeste,3746.67
2023-08-07,7010.2,2,Smart Monitor 27,Eletrônicos,Nordeste,719.51
2023-08-07,14008.73,3,Teclado Mecânico,Acessórios,Nordeste,3416.96
2023-08-07,1090.22,4,Notebook Pro X,Eletrônicos,Centro-Oeste,312.4
2023-08-07,2091.44,1,Mouse Wireless,Acessórios,Centro-Oeste,669.18
2023-08-08,13518.96,3,Teclado Mecânico,Acessórios,Centro-Oeste,3459.18
2023-08-08,1649.45,1,Teclado Mecânico,Acessórios,Centro-Oeste,513.38
2023-08-08,18213.0,4,Mesa Escritório,Home Office,Nordeste,5283.59
2023-08-08,6240.93,4,Smart Monitor 27,Eletrônicos,Centro-Oeste,1599.99
2023-08-08,15226.44,4,Notebook Pro X,Eletrônicos,Norte,3327.58
2023-08-08,10528.19,3,Mouse Wireless,Acessórios,Sudeste,3538.02
2023-08-08,5094.7,3,Mesa Escritório,Home Office,Norte,1106.26
2023-08-08,2269.86,1,Notebook Pro X,Eletrônicos,Sul,707.78
2023-08-08,738.73,1,Headset Pro,Eletrônicos,Sul,111.46
2023-08-09,11482.15,4,Mesa Escritório,Home Office,Norte,1208.52
2023-08-09,143.01,1,Notebook Pro X,Eletrônicos,Centro-Oeste,27.96
2023-08-09,17750.68,4,Smart Monitor 27,Eletrônicos,Sul,2159.84
2023-08-09,8299.41,4,Teclado Mecânico,Acessórios,Norte,2146.55
2023-08-09,16659.49,4,Mesa Escritório,Home Office,Sudeste,2222.77
2023-08-09,2031.93,2,Headset Pro,Eletrônicos,Nordeste,429.38
2023-08-09,3415.42,1,Webcam HD,Eletrônicos,Nordeste,651.84
2023-08-09,4400.71,2,Mouse Wireless,Acessórios,Nordeste,1131.54
2023-08-10,12698.37,4,Notebook Pro X,Eletrônicos,Nordeste,4202.1
2023-08-10,3310.6,3,Mouse Wireless,Acessórios,Nordeste,991.52
2023-08-10,3241.01,2,Teclado Mecânico,Acessórios,Sudeste,647.49
2023-08-10,2971.1,2,Smart Monitor 27,Eletrônicos,Sul,523.28
2023-08-10,18403.02,4,Webcam HD,Eletrônicos,Centro-Oeste,2056.5
2023-08-10,19541.71,4,Teclado Mecânico,Acessórios,Nordeste,3796.96
2023-08-10,12725.91,4,Webcam HD,Eletrônicos,Nordeste,3309.95
2023-08-10,985.22,1,Mouse Wireless,Acessórios,Centro-Oeste,331.94
2023-08-10,9907.73,3,Notebook Pro X,Eletrônicos,Norte,1669.42
2023-08-10,4058.8,2,Teclado Mecânico,Acessórios,Sul,1023.03
2023-08-10,1288.47,1,Teclado Mecânico,Acessórios,Sul,222.81
2023-08-11,1517.3,1,Cadeira Gamer,Home Office,Norte,291.83
2023-08-11,7354.03,4,Mesa Escritório,Home Office,Norte,1470.77
2023-08-11,13023.9,3,Headset Pro,Eletrônicos,Nordeste,3181.79
2023-08-11,1687.08,2,Cadeira Gamer,Home Office,Sul,420.85
2023-08-11,7997.47,2,Webcam HD,Eletrônicos,Sudeste,954.66
2023-08-11,6337.75,3,Notebook Pro X,Eletrônicos,Nordeste,1433.34
2023-08-11,9352.98,2,Cadeira Gamer,Home Office,Sudeste,1241.75
2023-08-11,576.33,2,Headset Pro,Eletrônicos,Nordeste,110.69
2023-08-12,8646.44,4,Mouse Wireless,Acessórios,Sudeste,1949.65
2023-08-12,9550.81,4,Mesa Escritório,Home Office,Norte,1813.99
2023-08-12,4009.24,1,Mouse Wireless,Acessórios,Sul,1267.29
2023-08-12,18801.99,4,Smart Monitor 27,Eletrônicos,Norte,3266.59
2023-08-12,9673.72,2,Webcam HD,Eletrônicos,Norte,2653.42
2023-08-12,8663.68,2,Notebook Pro X,Eletrônicos,Sudeste,3025.38
2023-08-12,1747.58,4,Notebook Pro X,Eletrônicos,Norte,414.93
2023-08-12,14646.79,4,Mesa Escritório,Home Office,Sul,4665.05
2023-08-12,8299.35,2,Smart Monitor 27,Eletrônicos,Norte,1987.05
2023-08-12,12393.73,3,Smart Monitor 27,Eletrônicos,Sul,2204.17
2023-08-12,1525.3,1,Webcam HD,Eletrônicos,Sudeste,331.53
2023-08-12,3289.08,1,Cadeira Gamer,Home Office,Sul,834.66
2023-08-13,14421.47,4,Webcam HD,Eletrônicos,Centro-Oeste,4951.11
2023-08-13,4858.64,4,Webcam HD,Eletrônicos,Sul,687.72
2023-08-13,7766.71,4,Cadeira Gamer,Home Office,Sudeste,2369.9
2023-08-13,14825.42,3,Mouse Wireless,Acessórios,Nordeste,3280.98
2023-08-13,357.16,1,Webcam HD,Eletrônicos,Norte,75.92
2023-08-13,7154.78,2,Cadeira Gamer,Home Office,Nordeste,2475.04
2023-08-13,7966.8,3,Teclado Mecânico,Acessórios,Sudeste,1044.94
2023-08-13,1480.94,1,Mesa Escritório,Home Office,Sudeste,216.33
2023-08-14,207.05,1,Mouse Wireless,Acessórios,Nordeste,60.79
2023-08-14,1025.09,1,Notebook Pro X,Eletrônicos,Norte,208.71
2023-08-14,8795.7,4,Webcam HD,Eletrônicos,Sul,939.17
2023-08-14,11413.93,4,Cadeira Gamer,Home Office,Sudeste,1460.8
2023-08-14,17908.77,4,Cadeira Gamer,Home Office,Sudeste,3728.78
2023-08-14,4934.77,1,Mesa Escritório,Home Office,Centro-Oeste,802.98
2023-08-14,13345.14,3,Teclado Mecânico,Acessórios,Norte,4316.93
2023-08-14,4976.58,2,Headset Pro,Eletrônicos,Sudeste,1673.84
2023-08-14,19256.35,4,Teclado Mecânico,Acessórios,Sudeste,4375.81
2023-08-15,2931.2,2,Smart Monitor 27,Eletrônicos,Sudeste,995.78
2023-08-15,9656.07,4,Mouse Wireless,Acessórios,Norte,1748.54
2023-08-15,1467.14,1,Smart Monitor 27,Eletrônicos,Norte,295.25
2023-08-15,2979.37,1,Headset Pro,Eletrônicos,Nordeste,909.15
2023-08-15,1513.81,3,Notebook Pro X,Eletrônicos,Nordeste,209.86
2023-08-15,5559.0,3,Teclado Mecânico,Acessórios,Sudeste,644.71
2023-08-15,6602.56,4,Headset Pro,Eletrônicos,Sudeste,803.81
2023-08-15,2413.91,1,Mouse Wireless,Acessórios,Sudeste,671.6
2023-08-16,4103.05,3,Headset Pro,Eletrônicos,Sul,766.44
2023-08-16,130.3,1,Smart Monitor 27,Eletrônicos,Centro-Oeste,39.44
2023-08-16,10291.66,3,Teclado Mecânico,Acessórios,Sudeste,2496.19
2023-08-16,9615.31,2,Headset Pro,Eletrônicos,Sudeste,2253.69
2023-08-16,217.8,1,Notebook Pro X,Eletrônicos,Sul,50.86
2023-08-16,6990.51,2,Notebook Pro X,Eletrônicos,Sudeste,1980.34
2023-08-16,13047.51,3,Smart Monitor 27,Eletrônicos,Nordeste,4422.59
2023-08-16,8139.86,3,Webcam HD,Eletrônicos,Nordeste,1639.46
2023-08-16,372.96,1,Headset Pro,Eletrônicos,Nordeste,49.35
2023-08-16,5083.66,2,Mouse Wireless,Acessórios,Norte,1275.04
2023-08-17,11058.23,4,Webcam HD,Eletrônicos,Sudeste,3027.11
2023-08-17,1087.48,2,Cadeira Gamer,Home Office,Norte,290.36
2023-08-17,3835.54,2,Cadeira Gamer,Home Office,Centro-Oeste,1123.96
2023-08-17,500.83,3,Notebook Pro X,Eletrônicos,Sul,162.23
2023-08-17,8863.42,4,Mesa Escritório,Home Office,Sul,2618.65
2023-08-17,6982.53,4,Mouse Wireless,Acessórios,Sul,1595.28
2023-08-17,5328.42,3,Mouse Wireless,Acessórios,Norte,1611.82
2023-08-17,1018.77,1,Teclado Mecânico,Acessórios,Norte,293.05
2023-08-17,2756.32,2,Teclado Mecânico,Acessórios,Nordeste,281.89
2023-08-17,1984.22,2,Teclado Mecânico,Acessórios,Centro-Oeste,452.83
2023-08-17,19352.58,4,Smart Monitor 27,Eletrônicos,Sul,4698.8
2023-08-17,6612.6,2,Cadeira Gamer,Home Office,Nordeste,2103.66
2023-08-17,8706.2,2,Teclado Mecânico,Acessórios,Centro-Oeste,2139.78
2023-08-18,6014.9,3,Cadeira Gamer,Home Office,Norte,799.1
2023-08-18,6098.85,3,Notebook Pro X,Eletrônicos,Norte,1931.9
2023-08-18,1419.33,2,Mesa Escritório,Home Office,Centro-Oeste,354.69
2023-08-18,2626.79,2,Mesa Escritório,Home Office,Norte,491.24
2023-08-18,16814.01,4,Cadeira Gamer,Home Office,Sudeste,3039.09
2023-08-18,6691.54,4,Smart Monitor 27,Eletrônicos,Sudeste,1549.25
2023-08-19,4320.08,3,Webcam HD,Eletrônicos,Sudeste,1227.41
2023-08-19,1242.84,2,Teclado Mecânico,Acessórios,Nordeste,379.61
2023-08-19,1832.02,1,Mouse Wireless,Acessórios,Sul,327.76
2023-08-19,18991.0,4,Mouse Wireless,Acessórios,Sudeste,5275.51
2023-08-19,3232.8,2,Headset Pro,Eletrônicos,Norte,1111.2
2023-08-19,7837.78,2,Notebook Pro X,Eletrônicos,Sul,1807.58
2023-08-19,19673.48,4,Mesa Escritório,Home Office,Norte,3155.63
2023-08-19,226.54,2,Cadeira Gamer,Home Office,Centro-Oeste,70.79
2023-08-19,1602.1,3,Teclado Mecânico,Acessórios,Sudeste,431.31
2023-08-19,5022.5,2,Cadeira Gamer,Home Office,Norte,1740.91
2023-08-20,4075.1,2,Cadeira Gamer,Home Office,Centro-Oeste,1107.6
2023-08-20,8469.37,2,Mouse Wireless,Acessórios,Sudeste,1821.61
2023-08-20,14086.04,3,Teclado Mecânico,Acessórios,Norte,3793.18
2023-08-20,1368.18,3,Smart Monitor 27,Eletrônicos,Centro-Oeste,204.92
2023-08-20,4713.77,4,Smart Monitor 27,Eletrônicos,Sul,770.68
2023-08-20,1431.31,2,Teclado Mecânico,Acessórios,Sudeste,246.8
2023-08-20,1428.6,1,Smart Monitor 27,Eletrônicos,Sudeste,414.41
2023-08-21,1165.52,1,Teclado Mecânico,Acessórios,Norte,223.39
2023-08-21,17378.05,4,Teclado Mecânico,Acessórios,Centro-Oeste,5524.42
2023-08-21,12062.02,3,Notebook Pro X,Eletrônicos,Sudeste,1934.93
2023-08-21,14445.48,4,Cadeira Gamer,Home Office,Centro-Oeste,2739.81
2023-08-21,10316.15,4,Teclado Mecânico,Acessórios,Centro-Oeste,3037.4
2023-08-21,15033.42,4,Smart Monitor 27,Eletrônicos,Sul,1550.68
2023-08-21,6934.9,2,Cadeira Gamer,Home Office,Sul,1235.86
2023-08-21,9643.79,3,Mesa Escritório,Home Office,Sul,3358.31
2023-08-21,2104.99,1,Webcam HD,Eletrônicos,Nordeste,383.83
2023-08-21,13033.62,3,Mesa Escritório,Home Office,Sul,2750.69
2023-08-21,12230.92,3,Notebook Pro X,Eletrônicos,Centro-Oeste,2121.81
2023-08-21,9842.28,2,Mouse Wireless,Acessórios,Sudeste,3222.72
2023-08-21,14814.32,3,Mesa Escritório,Home Office,Nordeste,2315.33
2023-08-21,2888.02,1,Webcam HD,Eletrônicos,Sudeste,672.53
2023-08-22,2044.27,1,Headset Pro,Eletrônicos,Nordeste,424.8
2023-08-22,5783.45,4,Cadeira Gamer,Home Office,Sul,1264.31
2023-08-22,2639.57,1,Webcam HD,Eletrônicos,Norte,740.54
2023-08-22,2889.59,1,Mesa Escritório,Home Office,Sul,745.31
2023-08-22,4557.35,2,Webcam HD,Eletrônicos,Nordeste,486.59
2023-08-22,2510.81,1,Mouse Wireless,Acessórios,Sudeste,445.82
2023-08-22,710.61,1,Smart Monitor 27,Eletrônicos,Centro-Oeste,186.97
2023-08-22,2729.45,2,Teclado Mecânico,Acessórios,Norte,589.55
2023-08-22,4679.94,3,Smart Monitor 27,Eletrônicos,Sul,1000.43
2023-08-22,7134.68,2,Cadeira Gamer,Home Office,Centro-Oeste,902.92
2023-08-22,3157.64,2,Mouse Wireless,Acessórios,Nordeste,1026.03
2023-08-22,2633.73,4,Teclado Mecânico,Acessórios,Sul,687.34
2023-08-22,2547.79,1,Headset Pro,Eletrônicos,Centro-Oeste,741.9
2023-08-22,2345.98,1,Notebook Pro X,Eletrônicos,Nordeste,544.68
2023-08-23,6461.84,2,Teclado Mecânico,Acessórios,Sul,777.76
2023-08-23,5092.03,2,Notebook Pro X,Eletrônicos,Nordeste,886.7
2023-08-23,2261.22,3,Cadeira Gamer,Home Office,Norte,617.11
2023-08-23,2359.21,2,Notebook Pro X,Eletrônicos,Sul,296.8
2023-08-23,1626.05,2,Smart Monitor 27,Eletrônicos,Centro-Oeste,519.17
2023-08-23,6735.97,2,Smart Monitor 27,Eletrônicos,Centro-Oeste,1123.47
2023-08-23,3282.82,1,Cadeira Gamer,Home Office,Sul,1040.66
2023-08-23,3737.26,1,Webcam HD,Eletrônicos,Norte,974.59
2023-08-23,1301.49,2,Cadeira Gamer,Home Office,Sudeste,146.19
2023-08-23,9118.85,4,Notebook Pro X,Eletrônicos,Sul,2962.29
2023-08-23,5960.35,3,Smart Monitor 27,Eletrônicos,Centro-Oeste,2001.16
2023-08-24,4191.37,1,Smart Monitor 27,Eletrônicos,Norte,1163.47
2023-08-24,8710.93,3,Notebook Pro X,Eletrônicos,Nordeste,2901.5
2023-08-24,6463.26,2,Teclado Mecânico,Acessórios,Norte,1197.26
2023-08-24,9494.41,4,Webcam HD,Eletrônicos,Centro-Oeste,2822.44
2023-08-24,4660.29,1,Webcam HD,Eletrônicos,Norte,494.74
2023-08-24,934.61,2,Cadeira Gamer,Home Office,Norte,145.57
2023-08-25,5412.4,3,Mesa Escritório,Home Office,Sul,570.53
2023-08-25,16508.05,4,Webcam HD,Eletrônicos,Centro-Oeste,4318.13
2023-08-25,2619.71,1,Mouse Wireless,Acessórios,Sudeste,615.1
2023-08-25,19656.66,4,Teclado Mecânico,Acessórios,Sudeste,6446.49
2023-08-25,5965.98,2,Smart Monitor 27,Eletrônicos,Norte,913.79
2023-08-25,8298.63,2,Smart Monitor 27,Eletrônicos,Norte,2285.23
2023-08-25,16570.69,4,Notebook Pro X,Eletrônicos,Sul,5212.85
2023-08-25,4796.44,2,Cadeira Gamer,Home Office,Centro-Oeste,1593.09
2023-08-25,2896.67,2,Mesa Escritório,Home Office,Norte,577.86
2023-08-25,423.67,1,Mesa Escritório,Home Office,Sul,145.38
2023-08-25,4907.12,1,Headset Pro,Eletrônicos,Norte,1302.61
2023-08-26,3772.77,1,Webcam HD,Eletrônicos,Nordeste,1037.07
2023-08-26,4241.71,3,Teclado Mecânico,Acessórios,Sul,758.91
2023-08-26,6735.97,2,Notebook Pro X,Eletrônicos,Nordeste,846.26
2023-08-26,12114.57,4,Smart Monitor 27,Eletrônicos,Sudeste,3845.46
2023-08-26,14600.07,3,Headset Pro,Eletrônicos,Nordeste,5048.21
2023-08-26,1431.45,3,Teclado Mecânico,Acessórios,Nordeste,383.19
2023-08-26,5110.19,2,Smart Monitor 27,Eletrônicos,Norte,1242.75
2023-08-26,8420.63,2,Headset Pro,Eletrônicos,Sul,2688.54
2023-08-26,9144.53,4,Mesa Escritório,Home Office,Centro-Oeste,2449.96
2023-08-26,1198.41,2,Teclado Mecânico,Acessórios,Sul,392.82
2023-08-26,667.27,3,Mesa Escritório,Home Office,Sudeste,186.96
2023-08-26,16937.08,4,Headset Pro,Eletrônicos,Nordeste,3548.51
2023-08-26,2682.55,1,Smart Monitor 27,Eletrônicos,Sul,658.92
2023-08-26,7615.14,2,Notebook Pro X,Eletrônicos,Norte,1870.34
2023-08-27,4113.09,4,Cadeira Gamer,Home Office,Nordeste,823.8
2023-08-27,8940.64,3,Notebook Pro X,Eletrônicos,Nordeste,2772.38
2023-08-27,10698.72,4,Webcam HD,Eletrônicos,Nordeste,1362.73
2023-08-27,12346.59,3,Teclado Mecânico,Acessórios,Sul,2243.19
2023-08-27,1491.89,1,Cadeira Gamer,Home Office,Nordeste,520.21
2023-08-27,230.38,1,Headset Pro,Eletrônicos,Sudeste,65.38
2023-08-27,12624.47,3,Teclado Mecânico,Acessórios,Centro-Oeste,3521.03
2023-08-27,3408.63,1,Mesa Escritório,Home Office,Norte,516.31
2023-08-28,717.94,1,Notebook Pro X,Eletrônicos,Sudeste,95.1
2023-08-28,3820.27,1,Notebook Pro X,Eletrônicos,Centro-Oeste,973.93
2023-08-28,9536.7,3,Smart Monitor 27,Eletrônicos,Nordeste,1392.6
2023-08-28,3419.99,2,Teclado Mecânico,Acessórios,Sul,856.93
2023-08-28,6259.19,2,Mouse Wireless,Acessórios,Norte,1848.75
2023-08-28,6671.8,2,Smart Monitor 27,Eletrônicos,Sudeste,2016.88
2023-08-28,7525.7,2,Webcam HD,Eletrônicos,Sudeste,2353.39
2023-08-28,6278.79,4,Headset Pro,Eletrônicos,Nordeste,657.97
2023-08-29,263.78,1,Headset Pro,Eletrônicos,Norte,64.61
2023-08-29,11897.23,3,Mouse Wireless,Acessórios,Norte,3493.54
2023-08-29,5013.51,4,Cadeira Gamer,Home Office,Norte,1120.98
2023-08-29,4939.03,2,Mesa Escritório,Home Office,Norte,511.99
2023-08-29,7637.97,2,Mesa Escritório,Home Office,Norte,1719.73
2023-08-30,15172.92,4,Cadeira Gamer,Home Office,Sul,2478.42
2023-08-30,2604.38,3,Notebook Pro X,Eletrônicos,Nordeste,705.42
2023-08-30,12540.6,3,Headset Pro,Eletrônicos,Nordeste,2800.96
2023-08-30,9180.24,4,Webcam HD,Eletrônicos,Centro-Oeste,1848.61
2023-08-30,222.77,2,Webcam HD,Eletrônicos,Norte,77.07
2023-08-30,1837.29,1,Smart Monitor 27,Eletrônicos,Sul,443.06
2023-08-30,7029.73,3,Mouse Wireless,Acessórios,Sudeste,1158.08
2023-08-30,4489.5,1,Teclado Mecânico,Acessórios,Norte,565.09
2023-08-30,3322.64,3,Mesa Escritório,Home Office,Norte,842.03
2023-08-30,19379.21,4,Cadeira Gamer,Home Office,Sudeste,4132.05
2023-08-30,4128.47,4,Mesa Escritório,Home Office,Nordeste,950.46
2023-08-30,4090.73,4,Notebook Pro X,Eletrônicos,Norte,719.7
2023-08-31,3219.81,4,Headset Pro,Eletrônicos,Centro-Oeste,406.23
2023-08-31,5229.95,2,Smart Monitor 27,Eletrônicos,Sul,663.19
2023-08-31,2215.71,3,Headset Pro,Eletrônicos,Norte,577.98
2023-08-31,16864.37,4,Smart Monitor 27,Eletrônicos,Norte,3984.13
2023-08-31,18505.14,4,Smart Monitor 27,Eletrônicos,Sudeste,5650.87
2023-08-31,1421.23,2,Cadeira Gamer,Home Office,Nordeste,272.13
2023-08-31,6835.82,2,Headset Pro,Eletrônicos,Nordeste,1850.24
2023-08-31,559.75,3,Notebook Pro X,Eletrônicos,Sul,70.36
2023-08-31,4664.55,2,Mesa Escritório,Home Office,Sudeste,1505.45
2023-08-31,2366.7,3,Cadeira Gamer,Home Office,Nordeste,488.0
2023-09-01,998.78,1,Smart Monitor 27,Eletrônicos,Centro-Oeste,101.59
2023-09-01,9803.56,2,Headset Pro,Eletrônicos,Norte,3395.96
2023-09-01,2237.56,3,Mouse Wireless,Acessórios,Centro-Oeste,719.96
2023-09-01,1248.89,2,Mesa Escritório,Home Office,Norte,368.64
2023-09-01,4103.82,1,Teclado Mecânico,Acessórios,Norte,870.37
2023-09-02,4490.1,2,Teclado Mecânico,Acessórios,Sudeste,797.41
2023-09-02,581.89,1,Teclado Mecânico,Acessórios,Sul,123.55
2023-09-02,2869.28,3,Smart Monitor 27,Eletrônicos,Sul,914.4
2023-09-02,3158.16,1,Webcam HD,Eletrônicos,Nordeste,690.12
2023-09-02,2826.37,2,Notebook Pro X,Eletrônicos,Nordeste,927.2
2023-09-02,896.55,1,Teclado Mecânico,Acessórios,Sul,168.0
2023-09-02,7250.0,2,Mesa Escritório,Home Office,Norte,775.97
2023-09-02,1567.83,1,Teclado Mecânico,Acessórios,Norte,336.2
2023-09-02,4132.72,1,Webcam HD,Eletrônicos,Centro-Oeste,656.1
2023-09-02,9802.07,2,Mouse Wireless,Acessórios,Norte,3108.61
2023-09-02,1253.02,2,Mouse Wireless,Acessórios,Norte,130.6
2023-09-03,2842.37,2,Cadeira Gamer,Home Office,Nordeste,866.69
2023-09-03,4046.93,1,Teclado Mecânico,Acessórios,Centro-Oeste,482.39
2023-09-03,10044.04,3,Webcam HD,Eletrônicos,Nordeste,3428.65
2023-09-03,511.42,1,Mouse Wireless,Acessórios,Sul,149.59
2023-09-03,765.15,1,Mouse Wireless,Acessórios,Sudeste,263.49
2023-09-03,402.64,1,Cadeira Gamer,Home Office,Norte,114.18
2023-09-04,2289.4,2,Cadeira Gamer,Home Office,Norte,676.36
2023-09-04,3907.49,2,Mouse Wireless,Acessórios,Nordeste,477.1
2023-09-04,4114.44,2,Headset Pro,Eletrônicos,Sudeste,842.36
2023-09-04,8556.75,4,Smart Monitor 27,Eletrônicos,Sul,1211.93
2023-09-04,3099.59,4,Teclado Mecânico,Acessórios,Centro-Oeste,352.07
2023-09-04,886.67,2,Teclado Mecânico,Acessórios,Centro-Oeste,101.22
2023-09-04,14658.55,4,Mesa Escritório,Home Office,Norte,4348.11
2023-09-05,4230.43,1,Smart Monitor 27,Eletrônicos,Centro-Oeste,894.62
2023-09-05,12378.37,4,Mesa Escritório,Home Office,Sul,4282.1
2023-09-05,5609.88,3,Mesa Escritório,Home Office,Norte,1454.78
2023-09-05,2178.83,3,Notebook Pro X,Eletrônicos,Norte,535.03
2023-09-05,14944.5,3,Teclado Mecânico,Acessórios,Sudeste,3267.37
2023-09-05,8617.54,2,Teclado Mecânico,Acessórios,Nordeste,1604.52
2023-09-06,4444.32,1,Webcam HD,Eletrônicos,Norte,901.02
2023-09-06,2638.21,2,Webcam HD,Eletrônicos,Centro-Oeste,864.16
2023-09-06,1614.26,2,Mouse Wireless,Acessórios,Sudeste,199.18
2023-09-06,6508.45,2,Notebook Pro X,Eletrônicos,Norte,1101.79
2023-09-06,2272.77,2,Mouse Wireless,Acessórios,Sudeste,645.49
2023-09-06,12590.82,4,Mesa Escritório,Home Office,Norte,4035.28
2023-09-06,14408.26,3,Cadeira Gamer,Home Office,Sudeste,4508.28
2023-09-06,3355.26,1,Headset Pro,Eletrônicos,Nordeste,623.56
2023-09-06,3219.97,4,Cadeira Gamer,Home Office,Sudeste,328.94
2023-09-06,12789.55,4,Headset Pro,Eletrônicos,Centro-Oeste,2670.76
2023-09-06,7914.83,3,Mouse Wireless,Acessórios,Sudeste,806.25
2023-09-06,11272.37,3,Smart Monitor 27,Eletrônicos,Centro-Oeste,1537.32
2023-09-06,3687.87,1,Cadeira Gamer,Home Office,Centro-Oeste,583.62
2023-09-06,5928.67,3,Teclado Mecânico,Acessórios,Sudeste,856.52
2023-09-07,2256.88,1,Teclado Mecânico,Acessórios,Nordeste,264.79
2023-09-07,2136.58,1,Cadeira Gamer,Home Office,Centro-Oeste,351.63
2023-09-07,242.93,1,Smart Monitor 27,Eletrônicos,Sul,57.16
2023-09-07,2490.71,1,Teclado Mecânico,Acessórios,Nordeste,376.26
2023-09-07,9134.93,2,Teclado Mecânico,Acessórios,Nordeste,2516.86
2023-09-07,2452.9,1,Teclado Mecânico,Acessórios,Sul,543.25
2023-09-07,3051.79,2,Mouse Wireless,Acessórios,Centro-Oeste,968.15
2023-09-07,4621.07,2,Notebook Pro X,Eletrônicos,Nordeste,1292.4
2023-09-07,10873.72,3,Headset Pro,Eletrônicos,Sudeste,2769.39
2023-09-07,2373.29,1,Webcam HD,Eletrônicos,Sudeste,383.18
2023-09-07,8350.9,2,Mouse Wireless,Acessórios,Sudeste,1802.12
2023-09-07,5423.94,2,Cadeira Gamer,Home Office,Norte,1398.76
2023-09-08,2201.9,3,Mouse Wireless,Acessórios,Sudeste,427.07
2023-09-08,9313.37,2,Headset Pro,Eletrônicos,Sul,1999.36
2023-09-08,7824.25,2,Headset Pro,Eletrônicos,Norte,1213.68
2023-09-08,7184.02,3,Headset Pro,Eletrônicos,Sudeste,2250.62
2023-09-08,7162.13,2,Mesa Escritório,Home Office,Sul,1466.31
2023-09-08,3944.13,2,Mouse Wireless,Acessórios,Centro-Oeste,422.25
2023-09-08,10096.19,3,Teclado Mecânico,Acessórios,Sudeste,1729.99
2023-09-08,3603.0,1,Webcam HD,Eletrônicos,Centro-Oeste,747.48
2023-09-08,956.45,1,Mesa Escritório,Home Office,Sudeste,250.6
2023-09-08,4554.71,3,Webcam HD,Eletrônicos,Sul,1001.61
2023-09-09,371.57,3,Teclado Mecânico,Acessórios,Nordeste,75.49
2023-09-09,1941.08,4,Cadeira Gamer,Home Office,Nordeste,354.69
2023-09-09,2093.8,1,Cadeira Gamer,Home Office,Sudeste,324.91
2023-09-09,7379.6,2,Headset Pro,Eletrônicos,Nordeste,2001.21
2023-09-09,8487.29,2,Webcam HD,Eletrônicos,Norte,2196.65
2023-09-10,196.29,1,Headset Pro,Eletrônicos,Sul,62.78
2023-09-10,14167.15,4,Smart Monitor 27,Eletrônicos,Norte,2477.33
2023-09-10,539.0,4,Headset Pro,Eletrônicos,Nordeste,145.56
2023-09-10,6296.69,3,Mouse Wireless,Acessórios,Norte,2172.77
2023-09-10,7942.82,2,Webcam HD,Eletrônicos,Sudeste,2018.05
2023-09-10,695.87,1,Teclado Mecânico,Acessórios,Norte,179.72
2023-09-10,3813.51,2,Cadeira Gamer,Home Office,Centro-Oeste,1115.19
2023-09-10,667.22,1,Teclado Mecânico,Acessórios,Sul,207.54
2023-09-10,6275.0,3,Webcam HD,Eletrônicos,Centro-Oeste,1838.32
2023-09-10,1981.13,4,Mesa Escritório,Home Office,Sudeste,531.11
2023-09-10,1585.03,3,Smart Monitor 27,Eletrônicos,Centro-Oeste,529.59
2023-09-10,16348.72,4,Headset Pro,Eletrônicos,Norte,2522.21
2023-09-10,8090.17,2,Mouse Wireless,Acessórios,Norte,2528.45
2023-09-10,4710.29,1,Mouse Wireless,Acessórios,Sudeste,686.4
2023-09-11,5468.3,2,Cadeira Gamer,Home Office,Sul,1333.98
2023-09-11,4116.65,2,Headset Pro,Eletrônicos,Sul,1423.19
2023-09-11,1273.93,4,Webcam HD,Eletrônicos,Sul,172.96
2023-09-11,7073.36,2,Mesa Escritório,Home Office,Norte,732.75
2023-09-11,6726.28,2,Notebook Pro X,Eletrônicos,Norte,2055.98
2023-09-12,11023.5,4,Teclado Mecânico,Acessórios,Centro-Oeste,2368.85
2023-09-12,12326.74,3,Smart Monitor 27,Eletrônicos,Centro-Oeste,3289.18
2023-09-12,2565.78,1,Teclado Mecânico,Acessórios,Nordeste,747.38
2023-09-12,3369.74,2,Mesa Escritório,Home Office,Norte,1027.13
2023-09-12,944.69,1,Smart Monitor 27,Eletrônicos,Centro-Oeste,300.51
2023-09-12,12312.46,4,Teclado Mecânico,Acessórios,Nordeste,1489.16
2023-09-12,7919.97,3,Teclado Mecânico,Acessórios,Sudeste,936.34
2023-09-12,2809.07,2,Notebook Pro X,Eletrônicos,Nordeste,302.92
2023-09-12,8214.66,2,Mouse Wireless,Acessórios,Sul,2831.89
2023-09-13,14806.51,4,Mouse Wireless,Acessórios,Sul,4687.93
2023-09-13,11119.54,4,Headset Pro,Eletrônicos,Nordeste,2630.46
2023-09-13,2754.62,2,Mesa Escritório,Home Office,Norte,479.92
2023-09-13,8590.31,2,Notebook Pro X,Eletrônicos,Centro-Oeste,1072.15
2023-09-13,15385.54,4,Mesa Escritório,Home Office,Nordeste,1842.71
2023-09-13,2926.49,4,Webcam HD,Eletrônicos,Centro-Oeste,819.42
2023-09-13,12477.19,4,Headset Pro,Eletrônicos,Centro-Oeste,4244.83
2023-09-13,15862.71,4,Cadeira Gamer,Home Office,Nordeste,2513.01
2023-09-13,4330.21,3,Smart Monitor 27,Eletrônicos,Sul,779.5
2023-09-14,16124.08,4,Headset Pro,Eletrônicos,Norte,3164.78
2023-09-14,12034.07,4,Smart Monitor 27,Eletrônicos,Sudeste,1585.82
2023-09-14,9245.19,4,Mouse Wireless,Acessórios,Centro-Oeste,1194.9
2023-09-14,3818.45,1,Mouse Wireless,Acessórios,Sul,482.84
2023-09-14,486.76,1,Mouse Wireless,Acessórios,Sul,72.0
2023-09-14,7848.71,3,Headset Pro,Eletrônicos,Norte,2649.49
2023-09-14,5386.82,2,Mesa Escritório,Home Office,Sul,1325.69
2023-09-14,2515.62,1,Notebook Pro X,Eletrônicos,Norte,548.34
2023-09-14,5277.59,3,Teclado Mecânico,Acessórios,Centro-Oeste,600.9
2023-09-14,8308.99,4,Notebook Pro X,Eletrônicos,Nordeste,1523.25
2023-09-14,3657.7,1,Mouse Wireless,Acessórios,Sul,1205.0
2023-09-14,7980.76,2,Mesa Escritório,Home Office,Sul,1768.7
2023-09-14,11325.84,4,Headset Pro,Eletrônicos,Sul,3902.69
2023-09-14,19005.91,4,Teclado Mecânico,Acessórios,Norte,3350.27
2023-09-15,2357.3,1,Cadeira Gamer,Home Office,Centro-Oeste,416.7
2023-09-15,13915.83,4,Cadeira Gamer,Home Office,Sudeste,4443.71
2023-09-15,11213.56,4,Notebook Pro X,Eletrônicos,Sul,2120.93
2023-09-15,3394.57,1,Teclado Mecânico,Acessórios,Centro-Oeste,618.46
2023-09-15,5461.25,4,Smart Monitor 27,Eletrônicos,Norte,878.53
2023-09-15,5808.6,4,Notebook Pro X,Eletrônicos,Sudeste,1642.4
2023-09-15,3575.55,1,Smart Monitor 27,Eletrônicos,Norte,376.46
2023-09-15,7492.41,3,Notebook Pro X,Eletrônicos,Centro-Oeste,1285.12
2023-09-15,8586.94,3,Notebook Pro X,Eletrônicos,Centro-Oeste,1298.73
2023-09-15,5917.58,2,Mesa Escritório,Home Office,Centro-Oeste,1276.14
2023-09-15,1071.16,1,Smart Monitor 27,Eletrônicos,Norte,341.27
2023-09-15,8245.01,2,Webcam HD,Eletrônicos,Sudeste,1708.54
2023-09-15,13616.9,3,Teclado Mecânico,Acessórios,Sudeste,1792.79
2023-09-15,2644.11,1,Mouse Wireless,Acessórios,Centro-Oeste,419.34
2023-09-16,2824.34,4,Mesa Escritório,Home Office,Centro-Oeste,694.28
2023-09-16,5831.01,3,Smart Monitor 27,Eletrônicos,Sudeste,1929.02
2023-09-16,1446.8,2,Teclado Mecânico,Acessórios,Centro-Oeste,475.53
2023-09-16,3328.62,1,Smart Monitor 27,Eletrônicos,Centro-Oeste,1155.97
2023-09-16,14681.29,4,Smart Monitor 27,Eletrônicos,Nordeste,3406.31
2023-09-16,1313.73,2,Cadeira Gamer,Home Office,Sul,132.66
2023-09-16,12606.28,3,Webcam HD,Eletrônicos,Norte,3987.66
2023-09-16,7792.97,3,Mouse Wireless,Acessórios,Norte,1363.9
2023-09-16,11927.27,4,Cadeira Gamer,Home Office,Centro-Oeste,3181.5
2023-09-16,3805.92,1,Notebook Pro X,Eletrônicos,Sudeste,894.07
2023-09-16,3272.08,2,Headset Pro,Eletrônicos,Norte,834.84
2023-09-16,8445.77,4,Webcam HD,Eletrônicos,Sudeste,2814.96
2023-09-16,12787.13,3,Mesa Escritório,Home Office,Sul,2982.11
2023-09-16,7488.66,4,Smart Monitor 27,Eletrônicos,Sudeste,951.81
2023-09-17,1847.56,2,Teclado Mecânico,Acessórios,Norte,421.36
2023-09-17,4155.53,2,Smart Monitor 27,Eletrônicos,Norte,1447.77
2023-09-17,8822.64,3,Teclado Mecânico,Acessórios,Nordeste,2073.8
2023-09-17,3651.46,1,Mesa Escritório,Home Office,Centro-Oeste,826.46
2023-09-17,777.32,3,Cadeira Gamer,Home Office,Nordeste,222.19
2023-09-17,14935.6,3,Webcam HD,Eletrônicos,Sudeste,3979.03
2023-09-17,858.45,1,Cadeira Gamer,Home Office,Centro-Oeste,150.48
2023-09-17,7353.25,2,Headset Pro,Eletrônicos,Sul,2369.12
2023-09-17,9983.44,4,Cadeira Gamer,Home Office,Norte,2015.18
2023-09-18,1122.12,3,Headset Pro,Eletrônicos,Centro-Oeste,152.1
2023-09-18,2353.91,1,Smart Monitor 27,Eletrônicos,Nordeste,399.78
2023-09-18,4198.55,1,Teclado Mecânico,Acessórios,Sudeste,957.21
2023-09-18,298.1,2,Headset Pro,Eletrônicos,Nordeste,95.57
2023-09-18,4274.73,4,Cadeira Gamer,Home Office,Norte,768.19
2023-09-18,7763.96,3,Mouse Wireless,Acessórios,Nordeste,1745.16
2023-09-18,9707.15,2,Mouse Wireless,Acessórios,Sul,1024.06
2023-09-19,15845.49,4,Teclado Mecânico,Acessórios,Centro-Oeste,2761.92
2023-09-19,2716.93,2,Headset Pro,Eletrônicos,Sudeste,334.53
2023-09-19,12999.01,4,Mesa Escritório,Home Office,Centro-Oeste,3843.63
2023-09-19,332.11,3,Notebook Pro X,Eletrônicos,Centro-Oeste,86.24
2023-09-19,5171.48,4,Smart Monitor 27,Eletrônicos,Norte,1605.99
2023-09-20,1366.08,3,Smart Monitor 27,Eletrônicos,Norte,376.79
2023-09-20,13441.91,3,Headset Pro,Eletrônicos,Centro-Oeste,3097.39
2023-09-20,1086.11,2,Teclado Mecânico,Acessórios,Nordeste,365.98
2023-09-20,9880.34,4,Cadeira Gamer,Home Office,Sudeste,1767.48
2023-09-20,1404.0,4,Headset Pro,Eletrônicos,Nordeste,314.68
2023-09-20,3493.32,1,Cadeira Gamer,Home Office,Sudeste,562.01
2023-09-20,15547.67,4,Mesa Escritório,Home Office,Norte,4676.62
2023-09-20,5297.91,2,Smart Monitor 27,Eletrônicos,Centro-Oeste,1279.1
2023-09-20,1683.82,2,Mesa Escritório,Home Office,Sudeste,504.5
2023-09-20,6274.35,3,Webcam HD,Eletrônicos,Centro-Oeste,1897.0
2023-09-20,1855.33,3,Webcam HD,Eletrônicos,Nordeste,476.92
2023-09-20,9567.85,2,Notebook Pro X,Eletrônicos,Centro-Oeste,1125.19
2023-09-20,8048.68,4,Mesa Escritório,Home Office,Sudeste,1969.04
2023-09-21,7667.09,3,Cadeira Gamer,Home Office,Sudeste,1502.31
2023-09-21,8462.82,2,Notebook Pro X,Eletrônicos,Sudeste,2209.25
2023-09-21,6466.38,3,Webcam HD,Eletrônicos,Centro-Oeste,1278.23
2023-09-21,13820.95,3,Cadeira Gamer,Home Office,Sudeste,1709.82
2023-09-21,7346.27,2,Smart Monitor 27,Eletrônicos,Nordeste,1653.44
2023-09-21,9218.73,3,Cadeira Gamer,Home Office,Sul,1306.26
2023-09-21,303.41,2,Mouse Wireless,Acessórios,Nordeste,37.28
2023-09-21,2372.67,1,Mesa Escritório,Home Office,Sul,340.46
2023-09-21,6823.85,4,Smart Monitor 27,Eletrônicos,Sul,879.6
2023-09-22,847.16,3,Cadeira Gamer,Home Office,Sul,279.05
2023-09-22,12593.48,3,Teclado Mecânico,Acessórios,Sudeste,1937.71
2023-09-22,4835.31,2,Mesa Escritório,Home Office,Centro-Oeste,1111.74
2023-09-22,4876.32,1,Mesa Escritório,Home Office,Sul,1514.75
2023-09-22,698.36,2,Teclado Mecânico,Acessórios,Norte,220.61
2023-09-22,4755.07,3,Cadeira Gamer,Home Office,Norte,1234.21
2023-09-22,6774.48,2,Webcam HD,Eletrônicos,Norte,1802.73
2023-09-22,2792.12,1,Mesa Escritório,Home Office,Sudeste,691.65
2023-09-23,5411.06,4,Cadeira Gamer,Home Office,Centro-Oeste,1034.28
2023-09-23,12787.21,3,Webcam HD,Eletrônicos,Sul,3008.84
2023-09-23,2857.01,1,Webcam HD,Eletrônicos,Centro-Oeste,830.1
2023-09-23,5944.02,3,Teclado Mecânico,Acessórios,Nordeste,1254.84
2023-09-23,17407.37,4,Smart Monitor 27,Eletrônicos,Sudeste,3621.24
2023-09-23,517.2,1,Notebook Pro X,Eletrônicos,Sul,90.89
2023-09-23,6024.69,3,Headset Pro,Eletrônicos,Nordeste,2035.9
2023-09-23,4963.87,1,Smart Monitor 27,Eletrônicos,Norte,1363.0
2023-09-23,5447.74,3,Mouse Wireless,Acessórios,Norte,658.17
2023-09-23,7685.85,4,Mouse Wireless,Acessórios,Centro-Oeste,802.62
2023-09-23,9076.04,4,Teclado Mecânico,Acessórios,Sudeste,2008.68
2023-09-24,3947.16,2,Smart Monitor 27,Eletrônicos,Centro-Oeste,831.99
2023-09-24,498.65,3,Smart Monitor 27,Eletrônicos,Centro-Oeste,95.1
2023-09-24,12189.35,3,Teclado Mecânico,Acessórios,Sul,2321.37
2023-09-24,7412.59,3,Mesa Escritório,Home Office,Nordeste,2091.13
2023-09-24,1459.86,1,Mouse Wireless,Acessórios,Centro-Oeste,486.65
2023-09-25,6547.66,2,Mouse Wireless,Acessórios,Sudeste,702.73
2023-09-25,14271.96,4,Mouse Wireless,Acessórios,Centro-Oeste,2711.65
2023-09-25,7444.71,4,Mouse Wireless,Acessórios,Centro-Oeste,896.11
2023-09-25,6752.97,2,Cadeira Gamer,Home Office,Nordeste,1207.8
2023-09-25,7160.24,3,Smart Monitor 27,Eletrônicos,Nordeste,810.38
2023-09-25,4896.71,1,Headset Pro,Eletrônicos,Centro-Oeste,962.65
2023-09-25,10370.64,4,Notebook Pro X,Eletrônicos,Norte,1667.4
2023-09-25,2147.88,3,Headset Pro,Eletrônicos,Norte,437.33
2023-09-25,4714.98,2,Headset Pro,Eletrônicos,Sudeste,808.95
2023-09-26,9784.99,3,Notebook Pro X,Eletrônicos,Sudeste,2570.94
2023-09-26,12144.73,3,Teclado Mecânico,Acessórios,Sul,3720.08
2023-09-26,4322.9,3,Smart Monitor 27,Eletrônicos,Nordeste,1491.4
2023-09-26,1414.43,1,Webcam HD,Eletrônicos,Centro-Oeste,494.81
2023-09-26,7917.62,3,Webcam HD,Eletrônicos,Nordeste,866.05
2023-09-26,11705.32,3,Teclado Mecânico,Acessórios,Sul,2477.97
2023-09-26,5497.42,2,Mesa Escritório,Home Office,Centro-Oeste,1179.48
2023-09-26,1624.85,1,Webcam HD,Eletrônicos,Sul,247.41
2023-09-26,2382.06,1,Mouse Wireless,Acessórios,Centro-Oeste,381.27
2023-09-26,3184.18,1,Headset Pro,Eletrônicos,Nordeste,522.93
2023-09-26,7392.7,4,Notebook Pro X,Eletrônicos,Nordeste,1042.87
2023-09-26,1183.6,3,Mouse Wireless,Acessórios,Nordeste,389.38
2023-09-27,1044.19,1,Mouse Wireless,Acessórios,Sul,262.71
2023-09-27,2251.61,2,Notebook Pro X,Eletrônicos,Sudeste,247.35
2023-09-27,2949.12,1,Mesa Escritório,Home Office,Nordeste,993.69
2023-09-27,8920.4,2,Webcam HD,Eletrônicos,Centro-Oeste,2231.29
2023-09-27,13927.35,4,Mesa Escritório,Home Office,Centro-Oeste,3640.6
2023-09-27,7056.34,3,Teclado Mecânico,Acessórios,Centro-Oeste,1814.37
2023-09-27,14879.93,3,Headset Pro,Eletrônicos,Norte,2477.91
2023-09-27,8604.8,3,Teclado Mecânico,Acessórios,Nordeste,1050.09
2023-09-27,3663.62,1,Headset Pro,Eletrônicos,Nordeste,946.82
2023-09-28,4540.92,2,Headset Pro,Eletrônicos,Sudeste,1091.45
2023-09-28,5144.1,3,Smart Monitor 27,Eletrônicos,Centro-Oeste,1081.04
2023-09-28,4515.67,2,Webcam HD,Eletrônicos,Centro-Oeste,1071.09
2023-09-28,2194.41,2,Teclado Mecânico,Acessórios,Nordeste,698.57
2023-09-28,3335.65,1,Headset Pro,Eletrônicos,Sul,769.46
2023-09-29,4254.58,2,Mesa Escritório,Home Office,Nordeste,743.75
2023-09-29,1336.51,4,Mesa Escritório,Home Office,Nordeste,251.34
2023-09-29,4114.57,4,Mesa Escritório,Home Office,Norte,540.67
2023-09-29,6544.47,3,Mouse Wireless,Acessórios,Sul,1285.26
2023-09-29,3702.73,1,Teclado Mecânico,Acessórios,Centro-Oeste,1108.35
2023-09-29,9886.03,2,Webcam HD,Eletrônicos,Sul,2138.54
2023-09-29,5244.28,3,Mesa Escritório,Home Office,Sul,1293.7
2023-09-29,868.82,1,Notebook Pro X,Eletrônicos,Sul,292.7
2023-09-29,15774.35,4,Mesa Escritório,Home Office,Centro-Oeste,3521.21
2023-09-29,14540.4,4,Webcam HD,Eletrônicos,Nordeste,4875.68
2023-09-29,10019.88,4,Cadeira Gamer,Home Office,Centro-Oeste,1191.2
2023-09-29,5709.02,2,Cadeira Gamer,Home Office,Sudeste,1359.75
2023-09-30,1436.15,2,Webcam HD,Eletrônicos,Sudeste,333.74
2023-09-30,7193.79,2,Cadeira Gamer,Home Office,Nordeste,1173.31
2023-09-30,1036.74,4,Notebook Pro X,Eletrônicos,Nordeste,257.96
2023-09-30,9994.79,2,Mesa Escritório,Home Office,Sudeste,2554.61
2023-09-30,411.65,1,Notebook Pro X,Eletrônicos,Sudeste,97.94
2023-09-30,686.02,2,Webcam HD,Eletrônicos,Centro-Oeste,84.84
2023-09-30,3338.93,2,Smart Monitor 27,Eletrônicos,Nordeste,1090.71
2023-09-30,1218.45,3,Mouse Wireless,Acessórios,Norte,341.54
2023-09-30,903.91,3,Cadeira Gamer,Home Office,Centro-Oeste,168.87
2023-09-30,13945.68,4,Webcam HD,Eletrônicos,Centro-Oeste,4473.75
2023-09-30,4240.29,3,Notebook Pro X,Eletrônicos,Centro-Oeste,1284.24
2023-09-30,8549.3,2,Teclado Mecânico,Acessórios,Sul,1617.12
2023-09-30,9353.52,2,Teclado Mecânico,Acessórios,Sul,2727.37
2023-10-01,16548.37,4,Cadeira Gamer,Home Office,Centro-Oeste,4333.69
2023-10-01,8341.83,3,Notebook Pro X,Eletrônicos,Nordeste,2189.63
2023-10-01,10535.79,4,Smart Monitor 27,Eletrônicos,Sudeste,1361.92
2023-10-01,7546.22,2,Smart Monitor 27,Eletrônicos,Sul,2127.21
2023-10-01,7392.65,3,Mesa Escritório,Home Office,Centro-Oeste,1889.88
2023-10-01,14565.45,3,Smart Monitor 27,Eletrônicos,Nordeste,1865.78
2023-10-01,19029.87,4,Headset Pro,Eletrônicos,Centro-Oeste,3727.99
2023-10-01,2706.03,3,Mouse Wireless,Acessórios,Sudeste,457.97
2023-10-01,1564.74,1,Smart Monitor 27,Eletrônicos,Sudeste,317.18
2023-10-01,2004.51,1,Headset Pro,Eletrônicos,Sul,422.8
2023-10-01,7688.0,4,Webcam HD,Eletrônicos,Sudeste,818.46
2023-10-02,4818.49,1,Notebook Pro X,Eletrônicos,Sul,1213.88
2023-10-02,7274.46,3,Mouse Wireless,Acessórios,Sul,745.58
2023-10-02,13304.63,4,Notebook Pro X,Eletrônicos,Nordeste,2284.3
2023-10-02,18336.72,4,Mesa Escritório,Home Office,Sudeste,5750.92
2023-10-02,9247.05,2,Headset Pro,Eletrônicos,Norte,1402.42
2023-10-02,4243.0,1,Mouse Wireless,Acessórios,Sul,1271.93
2023-10-02,12863.72,3,Teclado Mecânico,Acessórios,Centro-Oeste,3314.2
2023-10-02,10989.29,3,Smart Monitor 27,Eletrônicos,Nordeste,3793.4
2023-10-02,11137.12,3,Webcam HD,Eletrônicos,Nordeste,2860.33
2023-10-02,3983.44,1,Notebook Pro X,Eletrônicos,Centro-Oeste,584.48
2023-10-02,4547.98,1,Mesa Escritório,Home Office,Norte,1284.54
2023-10-02,16770.78,4,Webcam HD,Eletrônicos,Nordeste,3208.95
2023-10-02,4306.01,1,Mouse Wireless,Acessórios,Centro-Oeste,681.0
2023-10-02,13915.04,3,Webcam HD,Eletrônicos,Centro-Oeste,1423.15
2023-10-03,1326.76,1,Webcam HD,Eletrônicos,Sudeste,354.68
2023-10-03,400.58,1,Headset Pro,Eletrônicos,Norte,111.62
2023-10-03,4094.6,4,Smart Monitor 27,Eletrônicos,Norte,1233.46
2023-10-03,1748.33,1,Mouse Wireless,Acessórios,Sudeste,401.69
2023-10-03,521.97,1,Notebook Pro X,Eletrônicos,Nordeste,125.16
2023-10-03,3838.02,3,Mouse Wireless,Acessórios,Sudeste,1097.29
2023-10-03,5211.34,3,Smart Monitor 27,Eletrônicos,Centro-Oeste,1200.99
2023-10-03,6174.23,4,Notebook Pro X,Eletrônicos,Norte,1016.75
2023-10-03,3593.77,1,Mesa Escritório,Home Office,Norte,688.46
2023-10-03,323.54,3,Notebook Pro X,Eletrônicos,Nordeste,55.26
2023-10-03,2553.49,2,Notebook Pro X,Eletrônicos,Nordeste,461.88
2023-10-04,5853.97,2,Cadeira Gamer,Home Office,Sul,812.01
2023-10-04,16447.44,4,Notebook Pro X,Eletrônicos,Sudeste,2124.55
2023-10-04,3987.33,2,Mouse Wireless,Acessórios,Nordeste,817.65
2023-10-04,8381.54,3,Teclado Mecânico,Acessórios,Centro-Oeste,1786.01
2023-10-04,17672.66,4,Cadeira Gamer,Home Office,Sudeste,2111.35
2023-10-04,16581.83,4,Headset Pro,Eletrônicos,Norte,1906.94
2023-10-04,1915.41,1,Webcam HD,Eletrônicos,Norte,463.97
2023-10-04,3344.35,1,Teclado Mecânico,Acessórios,Sul,1097.45
2023-10-04,1048.87,2,Mesa Escritório,Home Office,Nordeste,280.35
2023-10-04,3528.99,2,Headset Pro,Eletrônicos,Norte,987.25
2023-10-04,1036.2,1,Mouse Wireless,Acessórios,Nordeste,308.4
2023-10-04,3873.42,4,Webcam HD,Eletrônicos,Nordeste,1060.46
2023-10-04,12859.67,3,Smart Monitor 27,Eletrônicos,Nordeste,3693.94
2023-10-05,10856.21,4,Mouse Wireless,Acessórios,Norte,2704.27
2023-10-05,4560.64,4,Teclado Mecânico,Acessórios,Sudeste,1049.1
2023-10-05,1344.13,2,Cadeira Gamer,Home Office,Sul,177.78
2023-10-05,9016.09,2,Mesa Escritório,Home Office,Sul,2664.1
2023-10-05,13082.26,3,Mouse Wireless,Acessórios,Norte,3807.25
2023-10-06,6793.69,2,Cadeira Gamer,Home Office,Nordeste,1580.25
2023-10-06,1078.38,1,Smart Monitor 27,Eletrônicos,Nordeste,207.93
2023-10-06,2168.6,2,Webcam HD,Eletrônicos,Nordeste,382.6
2023-10-06,4182.39,2,Webcam HD,Eletrônicos,Sudeste,925.43
2023-10-06,7718.27,2,Smart Monitor 27,Eletrônicos,Norte,2648.7
2023-10-06,8116.75,2,Notebook Pro X,Eletrônicos,Nordeste,2217.65
2023-10-06,7484.29,2,Smart Monitor 27,Eletrônicos,Sul,1568.17
2023-10-06,3112.59,4,Webcam HD,Eletrônicos,Norte,829.32
2023-10-06,9489.06,2,Teclado Mecânico,Acessórios,Centro-Oeste,1113.31
2023-10-07,12349.91,4,Cadeira Gamer,Home Office,Sudeste,2024.99
2023-10-07,4608.08,2,Teclado Mecânico,Acessórios,Sudeste,1332.15
2023-10-07,9149.13,3,Mesa Escritório,Home Office,Norte,2510.17
2023-10-07,5646.3,4,Notebook Pro X,Eletrônicos,Nordeste,1144.22
2023-10-07,14597.97,4,Webcam HD,Eletrônicos,Sudeste,2151.58
2023-10-07,4309.0,1,Smart Monitor 27,Eletrônicos,Nordeste,526.53
2023-10-07,4492.61,2,Mesa Escritório,Home Office,Nordeste,908.34
2023-10-07,2545.82,2,Mesa Escritório,Home Office,Nordeste,520.6
2023-10-07,1667.82,2,Headset Pro,Eletrônicos,Centro-Oeste,194.13
2023-10-07,1551.27,1,Teclado Mecânico,Acessórios,Nordeste,377.07
2023-10-07,4060.95,1,Notebook Pro X,Eletrônicos,Nordeste,800.07
2023-10-07,4478.2,1,Headset Pro,Eletrônicos,Sul,1295.08
2023-10-07,14009.8,3,Cadeira Gamer,Home Office,Norte,2782.88
2023-10-08,2935.61,2,Teclado Mecânico,Acessórios,Sul,767.93
2023-10-08,5228.43,4,Cadeira Gamer,Home Office,Centro-Oeste,605.52
2023-10-08,8698.6,3,Cadeira Gamer,Home Office,Centro-Oeste,2190.9
2023-10-08,1340.69,1,Mesa Escritório,Home Office,Sudeste,320.19
2023-10-08,5516.16,4,Notebook Pro X,Eletrônicos,Sul,1759.33
2023-10-09,4847.72,3,Mesa Escritório,Home Office,Sudeste,1326.01
2023-10-09,4128.64,2,Headset Pro,Eletrônicos,Sudeste,719.82
2023-10-09,2763.07,1,Smart Monitor 27,Eletrônicos,Sudeste,326.55
2023-10-09,12104.65,3,Mouse Wireless,Acessórios,Sudeste,2467.11
2023-10-09,8071.48,2,Headset Pro,Eletrônicos,Sudeste,1940.94
2023-10-09,14503.75,4,Headset Pro,Eletrônicos,Nordeste,2751.61
2023-10-09,4063.41,1,Cadeira Gamer,Home Office,Norte,705.71
2023-10-10,357.54,3,Notebook Pro X,Eletrônicos,Nordeste,56.06
2023-10-10,4701.59,2,Notebook Pro X,Eletrônicos,Centro-Oeste,1431.59
2023-10-10,1409.11,1,Mesa Escritório,Home Office,Nordeste,227.06
2023-10-10,18104.16,4,Mesa Escritório,Home Office,Sul,2256.44
2023-10-10,2249.47,1,Mouse Wireless,Acessórios,Norte,347.7
2023-10-10,8598.88,2,Notebook Pro X,Eletrônicos,Sul,1752.25
2023-10-10,10668.74,3,Teclado Mecânico,Acessórios,Centro-Oeste,1716.7
2023-10-10,6107.45,4,Cadeira Gamer,Home Office,Nordeste,1789.89
2023-10-10,4455.39,1,Webcam HD,Eletrônicos,Norte,1276.17
2023-10-10,3020.71,1,Teclado Mecânico,Acessórios,Norte,369.77
2023-10-10,369.42,2,Smart Monitor 27,Eletrônicos,Centro-Oeste,87.71
2023-10-10,8111.16,2,Teclado Mecânico,Acessórios,Sudeste,1743.16
2023-10-11,14021.79,3,Smart Monitor 27,Eletrônicos,Norte,2610.14
2023-10-11,13423.23,4,Mouse Wireless,Acessórios,Norte,3720.92
2023-10-11,118.77,1,Notebook Pro X,Eletrônicos,Sul,18.95
2023-10-11,1599.89,2,Smart Monitor 27,Eletrônicos,Nordeste,465.67
2023-10-11,2893.92,1,Smart Monitor 27,Eletrônicos,Centro-Oeste,912.92
2023-10-11,3713.13,1,Mouse Wireless,Acessórios,Sul,1190.25
2023-10-12,15052.9,4,Smart Monitor 27,Eletrônicos,Norte,5267.58
2023-10-12,1508.27,1,Mouse Wireless,Acessórios,Sul,361.19
2023-10-12,2978.0,1,Mouse Wireless,Acessórios,Centro-Oeste,427.5
2023-10-12,9211.83,4,Smart Monitor 27,Eletrônicos,Sul,2848.45
2023-10-12,13752.96,3,Headset Pro,Eletrônicos,Sudeste,2974.78
2023-10-12,1474.23,1,Notebook Pro X,Eletrônicos,Centro-Oeste,206.3
2023-10-12,832.11,2,Teclado Mecânico,Acessórios,Nordeste,285.52
2023-10-12,9076.42,2,Cadeira Gamer,Home Office,Norte,3120.22
2023-10-12,12370.34,4,Mouse Wireless,Acessórios,Sudeste,2054.4
2023-10-12,2611.67,4,Mouse Wireless,Acessórios,Sul,829.22
2023-10-12,688.67,2,Mouse Wireless,Acessórios,Centro-Oeste,172.75
2023-10-12,4522.69,3,Teclado Mecânico,Acessórios,Sudeste,1285.34
2023-10-12,1632.3,1,Smart Monitor 27,Eletrônicos,Sudeste,403.24
2023-10-13,4376.0,2,Headset Pro,Eletrônicos,Sudeste,1041.84
2023-10-13,4944.26,3,Webcam HD,Eletrônicos,Sul,1395.81
2023-10-13,7827.72,2,Notebook Pro X,Eletrônicos,Centro-Oeste,2624.66
2023-10-13,8535.69,2,Headset Pro,Eletrônicos,Nordeste,2028.39
2023-10-13,1731.49,1,Cadeira Gamer,Home Office,Sudeste,227.24
2023-10-13,1652.87,1,Teclado Mecânico,Acessórios,Sul,358.42
2023-10-13,1347.84,1,Mesa Escritório,Home Office,Sudeste,471.14
2023-10-13,580.42,1,Cadeira Gamer,Home Office,Nordeste,134.49
2023-10-13,2941.05,1,Notebook Pro X,Eletrônicos,Norte,755.75
2023-10-13,9501.26,4,Notebook Pro X,Eletrônicos,Centro-Oeste,1979.23
2023-10-13,12326.13,3,Headset Pro,Eletrônicos,Norte,4184.45
2023-10-14,2867.72,1,Mouse Wireless,Acessórios,Norte,415.57
2023-10-14,710.31,2,Notebook Pro X,Eletrônicos,Sul,73.31
2023-10-14,16227.71,4,Mouse Wireless,Acessórios,Norte,3686.47
2023-10-14,1254.27,1,Headset Pro,Eletrônicos,Sudeste,417.83
2023-10-14,3028.3,1,Webcam HD,Eletrônicos,Sul,915.63
2023-10-14,10598.34,4,Cadeira Gamer,Home Office,Norte,3643.83
2023-10-14,7527.47,2,Notebook Pro X,Eletrônicos,Sudeste,1193.3
2023-10-14,2132.98,2,Teclado Mecânico,Acessórios,Sudeste,327.17
2023-10-14,19259.04,4,Teclado Mecânico,Acessórios,Centro-Oeste,3321.82
2023-10-14,1072.3,2,Mesa Escritório,Home Office,Centro-Oeste,244.36
2023-10-14,18729.11,4,Headset Pro,Eletrônicos,Sul,3574.09
2023-10-14,5689.57,3,Notebook Pro X,Eletrônicos,Nordeste,1449.59
2023-10-15,14529.93,3,Smart Monitor 27,Eletrônicos,Nordeste,4775.8
2023-10-15,3624.08,1,Notebook Pro X,Eletrônicos,Nordeste,1037.61
2023-10-15,9112.55,2,Mesa Escritório,Home Office,Sudeste,1352.36
2023-10-15,3236.68,2,Cadeira Gamer,Home Office,Nordeste,734.33
2023-10-15,903.01,2,Mesa Escritório,Home Office,Sudeste,141.49
2023-10-15,7967.54,4,Webcam HD,Eletrônicos,Norte,2170.8
2023-10-15,585.2,3,Notebook Pro X,Eletrônicos,Norte,106.36
2023-10-15,11111.53,3,Notebook Pro X,Eletrônicos,Nordeste,3867.02
2023-10-15,9618.18,3,Headset Pro,Eletrônicos,Norte,1134.72
2023-10-16,4793.06,1,Mesa Escritório,Home Office,Norte,572.43
2023-10-16,1083.1,1,Mesa Escritório,Home Office,Sul,301.95
2023-10-16,980.29,1,Mouse Wireless,Acessórios,Sudeste,239.7
2023-10-16,5573.92,4,Notebook Pro X,Eletrônicos,Sul,1153.12
2023-10-16,9414.02,3,Smart Monitor 27,Eletrônicos,Sul,1742.12
2023-10-16,5984.3,4,Smart Monitor 27,Eletrônicos,Norte,1313.98
2023-10-16,2072.84,2,Mouse Wireless,Acessórios,Sudeste,605.66
2023-10-16,983.89,4,Notebook Pro X,Eletrônicos,Centro-Oeste,100.79
2023-10-16,3352.53,2,Headset Pro,Eletrônicos,Sul,725.39
2023-10-16,247.87,2,Notebook Pro X,Eletrônicos,Sudeste,82.83
2023-10-17,9863.95,4,Mesa Escritório,Home Office,Norte,2612.36
2023-10-17,4513.72,1,Teclado Mecânico,Acessórios,Sudeste,1500.82
2023-10-17,11411.53,3,Teclado Mecânico,Acessórios,Centro-Oeste,2520.24
2023-10-17,12158.6,3,Notebook Pro X,Eletrônicos,Centro-Oeste,1226.97
2023-10-17,10776.06,4,Notebook Pro X,Eletrônicos,Sudeste,2375.01
2023-10-18,1140.58,4,Smart Monitor 27,Eletrônicos,Nordeste,297.51
2023-10-18,11549.48,3,Mesa Escritório,Home Office,Norte,2183.61
2023-10-18,16117.51,4,Mouse Wireless,Acessórios,Sudeste,5042.72
2023-10-18,9052.69,2,Mouse Wireless,Acessórios,Norte,1062.99
2023-10-18,4331.07,4,Notebook Pro X,Eletrônicos,Sul,666.29
2023-10-18,5880.11,3,Mouse Wireless,Acessórios,Norte,1697.97
2023-10-18,18252.35,4,Headset Pro,Eletrônicos,Norte,4633.12
2023-10-19,11491.42,4,Cadeira Gamer,Home Office,Nordeste,2917.53
2023-10-19,3315.28,1,Mesa Escritório,Home Office,Nordeste,648.33
2023-10-19,3520.55,1,Headset Pro,Eletrônicos,Sul,913.7
2023-10-19,6609.96,2,Mesa Escritório,Home Office,Sul,1506.39
2023-10-19,1461.79,2,Notebook Pro X,Eletrônicos,Sul,492.49
2023-10-19,341.81,1,Cadeira Gamer,Home Office,Sul,82.83
2023-10-19,5079.9,2,Headset Pro,Eletrônicos,Sudeste,901.72
2023-10-19,6011.23,2,Smart Monitor 27,Eletrônicos,Sul,1409.16
2023-10-19,1320.5,4,Webcam HD,Eletrônicos,Sudeste,319.01
2023-10-20,3075.46,4,Webcam HD,Eletrônicos,Sudeste,483.36
2023-10-20,14608.49,3,Mouse Wireless,Acessórios,Centro-Oeste,4348.1
2023-10-20,2421.49,1,Smart Monitor 27,Eletrônicos,Sudeste,512.61
2023-10-20,7181.69,3,Headset Pro,Eletrônicos,Sudeste,2311.68
2023-10-20,5499.5,2,Smart Monitor 27,Eletrônicos,Nordeste,1481.15
2023-10-21,4989.95,3,Mouse Wireless,Acessórios,Sudeste,1707.77
2023-10-21,12985.36,4,Mouse Wireless,Acessórios,Norte,2266.43
2023-10-21,6974.76,2,Notebook Pro X,Eletrônicos,Sul,2271.73
2023-10-21,3336.3,1,Webcam HD,Eletrônicos,Norte,726.33
2023-10-21,1882.36,4,Webcam HD,Eletrônicos,Centro-Oeste,459.8
2023-10-22,2778.41,1,Mesa Escritório,Home Office,Centro-Oeste,580.72
2023-10-22,5871.39,3,Mesa Escritório,Home Office,Sul,1106.13
2023-10-22,1160.73,4,Headset Pro,Eletrônicos,Nordeste,172.41
2023-10-22,14534.01,4,Cadeira Gamer,Home Office,Norte,2734.9
2023-10-22,4228.42,1,Notebook Pro X,Eletrônicos,Centro-Oeste,743.36
2023-10-22,892.14,3,Mesa Escritório,Home Office,Sudeste,268.72
2023-10-22,504.47,2,Mouse Wireless,Acessórios,Norte,169.87
2023-10-22,5426.79,3,Cadeira Gamer,Home Office,Sul,1484.06
2023-10-22,9299.38,2,Webcam HD,Eletrônicos,Nordeste,2277.74
2023-10-22,2332.57,1,Mouse Wireless,Acessórios,Sul,644.81
2023-10-22,9436.16,3,Mesa Escritório,Home Office,Nordeste,1035.15
2023-10-22,6062.37,3,Notebook Pro X,Eletrônicos,Sudeste,1165.04
2023-10-23,1997.2,1,Cadeira Gamer,Home Office,Nordeste,372.53
2023-10-23,303.54,3,Headset Pro,Eletrônicos,Sul,48.66
2023-10-23,5275.02,4,Headset Pro,Eletrônicos,Sudeste,547.94
2023-10-23,1470.4,1,Mesa Escritório,Home Office,Centro-Oeste,217.44
2023-10-23,609.55,3,Smart Monitor 27,Eletrônicos,Centro-Oeste,66.51
2023-10-23,484.83,1,Mouse Wireless,Acessórios,Centro-Oeste,91.68
2023-10-23,4872.05,4,Smart Monitor 27,Eletrônicos,Norte,1388.56
2023-10-24,12923.65,3,Smart Monitor 27,Eletrônicos,Sul,3555.47
2023-10-24,7552.12,3,Mesa Escritório,Home Office,Centro-Oeste,830.86
2023-10-24,6245.47,2,Notebook Pro X,Eletrônicos,Centro-Oeste,629.09
2023-10-24,10100.62,3,Mesa Escritório,Home Office,Norte,1727.93
2023-10-24,12868.22,4,Mouse Wireless,Acessórios,Norte,2748.05
2023-10-24,12590.94,3,Webcam HD,Eletrônicos,Sul,2093.14
2023-10-25,10055.28,3,Notebook Pro X,Eletrônicos,Centro-Oeste,2976.29
2023-10-25,2578.29,1,Headset Pro,Eletrônicos,Sudeste,269.42
2023-10-25,9339.95,2,Notebook Pro X,Eletrônicos,Sudeste,1828.43
2023-10-25,15786.13,4,Mouse Wireless,Acessórios,Sudeste,4717.24
2023-10-25,2486.7,1,Mesa Escritório,Home Office,Sudeste,794.66
2023-10-25,1583.13,1,Teclado Mecânico,Acessórios,Nordeste,343.44
2023-10-25,2503.2,1,Headset Pro,Eletrônicos,Sul,325.26
2023-10-25,2330.11,1,Notebook Pro X,Eletrônicos,Sudeste,556.84
2023-10-25,9126.08,2,Teclado Mecânico,Acessórios,Centro-Oeste,3064.79
2023-10-26,10253.28,3,Mouse Wireless,Acessórios,Sul,3020.91
2023-10-26,9221.02,4,Cadeira Gamer,Home Office,Sudeste,1700.86
2023-10-26,10152.3,4,Cadeira Gamer,Home Office,Centro-Oeste,1408.23
2023-10-26,7969.63,3,Mouse Wireless,Acessórios,Sul,823.68
2023-10-26,9460.63,3,Teclado Mecânico,Acessórios,Norte,1122.1
2023-10-26,8094.96,2,Mouse Wireless,Acessórios,Centro-Oeste,927.43
2023-10-26,9669.85,3,Headset Pro,Eletrônicos,Sudeste,2312.81
2023-10-26,144.09,1,Smart Monitor 27,Eletrônicos,Centro-Oeste,23.7
2023-10-26,8882.23,4,Teclado Mecânico,Acessórios,Norte,1963.38
2023-10-26,1045.78,4,Cadeira Gamer,Home Office,Norte,258.86
2023-10-26,9393.2,3,Teclado Mecânico,Acessórios,Sul,1666.93
2023-10-26,4973.51,1,Mesa Escritório,Home Office,Norte,1096.64
2023-10-26,13909.87,4,Mesa Escritório,Home Office,Norte,1832.98
2023-10-26,6468.17,4,Teclado Mecânico,Acessórios,Centro-Oeste,1164.45
2023-10-27,3778.51,3,Teclado Mecânico,Acessórios,Sul,1218.33
2023-10-27,6702.22,4,Webcam HD,Eletrônicos,Sudeste,2342.82
2023-10-27,9317.01,3,Cadeira Gamer,Home Office,Sudeste,1541.2
2023-10-27,7444.85,3,Mesa Escritório,Home Office,Sul,1980.52
2023-10-27,8838.56,2,Headset Pro,Eletrônicos,Centro-Oeste,1802.88
2023-10-27,2278.04,2,Teclado Mecânico,Acessórios,Sudeste,287.66
2023-10-28,15838.47,4,Mouse Wireless,Acessórios,Sudeste,2815.43
2023-10-28,1267.7,3,Headset Pro,Eletrônicos,Norte,346.26
2023-10-28,2620.09,4,Smart Monitor 27,Eletrônicos,Sudeste,768.26
2023-10-28,10867.11,4,Headset Pro,Eletrônicos,Sul,3476.01
2023-10-28,1007.85,2,Headset Pro,Eletrônicos,Sudeste,293.7
2023-10-28,2925.81,2,Cadeira Gamer,Home Office,Centro-Oeste,529.94
2023-10-28,11359.33,3,Webcam HD,Eletrônicos,Centro-Oeste,3724.7
2023-10-28,13557.57,4,Cadeira Gamer,Home Office,Sudeste,1905.46
2023-10-28,499.54,4,Notebook Pro X,Eletrônicos,Sul,164.57
2023-10-29,10135.09,3,Mesa Escritório,Home Office,Norte,1333.48
2023-10-29,9946.18,3,Notebook Pro X,Eletrônicos,Norte,2167.43
2023-10-29,4192.8,3,Webcam HD,Eletrônicos,Norte,1397.87
2023-10-29,9503.64,3,Mouse Wireless,Acessórios,Sudeste,3067.78
2023-10-29,4541.79,2,Teclado Mecânico,Acessórios,Norte,1155.67
2023-10-29,13250.34,4,Cadeira Gamer,Home Office,Sul,2117.6
2023-10-29,4462.08,1,Mouse Wireless,Acessórios,Centro-Oeste,747.79
2023-10-29,5183.57,2,Headset Pro,Eletrônicos,Sul,931.04
2023-10-29,3281.45,2,Webcam HD,Eletrônicos,Norte,804.75
2023-10-29,886.99,2,Webcam HD,Eletrônicos,Centro-Oeste,280.41
2023-10-29,3526.63,1,Mouse Wireless,Acessórios,Sul,979.63
2023-10-29,9475.62,3,Mesa Escritório,Home Office,Sul,1260.34
2023-10-29,2771.68,2,Notebook Pro X,Eletrônicos,Sudeste,444.69
2023-10-30,12173.77,3,Cadeira Gamer,Home Office,Norte,2302.03
2023-10-30,9730.71,4,Teclado Mecânico,Acessórios,Norte,3385.52
2023-10-30,9339.55,4,Mouse Wireless,Acessórios,Centro-Oeste,1862.71
2023-10-30,1244.76,1,Webcam HD,Eletrônicos,Sul,251.93
2023-10-30,1642.54,1,Headset Pro,Eletrônicos,Norte,363.62
2023-10-30,4618.89,1,Headset Pro,Eletrônicos,Nordeste,1146.14
2023-10-30,810.17,1,Mesa Escritório,Home Office,Sul,132.62
2023-10-31,1961.88,3,Notebook Pro X,Eletrônicos,Sudeste,567.68
2023-10-31,964.42,1,Teclado Mecânico,Acessórios,Sudeste,292.4
2023-10-31,4166.63,3,Mesa Escritório,Home Office,Sul,650.58
2023-10-31,14006.93,3,Cadeira Gamer,Home Office,Centro-Oeste,4717.91
2023-10-31,12864.42,4,Headset Pro,Eletrônicos,Norte,4100.49
2023-10-31,1303.57,2,Smart Monitor 27,Eletrônicos,Nordeste,434.74
2023-10-31,5008.8,2,Smart Monitor 27,Eletrônicos,Sudeste,1050.11
2023-10-31,5932.52,3,Smart Monitor 27,Eletrônicos,Sudeste,1771.84
2023-10-31,18089.66,4,Cadeira Gamer,Home Office,Centro-Oeste,5753.24
2023-10-31,2594.66,1,Cadeira Gamer,Home Office,Sudeste,355.11
2023-10-31,2428.85,4,Webcam HD,Eletrônicos,Sul,308.11
2023-10-31,4694.75,1,Webcam HD,Eletrônicos,Nordeste,1540.18
2023-11-01,3897.32,3,Cadeira Gamer,Home Office,Norte,517.92
2023-11-01,4843.05,1,Webcam HD,Eletrônicos,Centro-Oeste,793.27
2023-11-01,4310.69,1,Smart Monitor 27,Eletrônicos,Nordeste,549.63
2023-11-01,3563.1,2,Mesa Escritório,Home Office,Sudeste,856.56
2023-11-01,2267.73,1,Notebook Pro X,Eletrônicos,Norte,252.89
2023-11-01,4449.28,1,Mesa Escritório,Home Office,Nordeste,854.1
2023-11-01,3104.53,1,Headset Pro,Eletrônicos,Norte,984.76
2023-11-01,7586.07,2,Cadeira Gamer,Home Office,Norte,2594.65
2023-11-01,9074.7,2,Cadeira Gamer,Home Office,Sudeste,1179.17
2023-11-01,7015.02,2,Cadeira Gamer,Home Office,Sul,2149.16
2023-11-01,6751.76,2,Webcam HD,Eletrônicos,Nordeste,2131.48
2023-11-01,1857.42,2,Mesa Escritório,Home Office,Norte,335.47
2023-11-01,4580.27,1,Mesa Escritório,Home Office,Sul,761.8
2023-11-02,5013.74,3,Headset Pro,Eletrônicos,Centro-Oeste,1193.69
2023-11-02,19649.85,4,Notebook Pro X,Eletrônicos,Norte,6794.03
2023-11-02,2277.95,1,Teclado Mecânico,Acessórios,Nordeste,373.75
2023-11-02,8206.6,2,Webcam HD,Eletrônicos,Nordeste,1659.36
2023-11-02,8097.73,2,Notebook Pro X,Eletrônicos,Sudeste,970.21
2023-11-02,1013.87,3,Teclado Mecânico,Acessórios,Nordeste,214.93
2023-11-02,7357.9,4,Headset Pro,Eletrônicos,Nordeste,1325.73
2023-11-02,2816.36,4,Mouse Wireless,Acessórios,Sul,385.46
2023-11-02,4415.72,2,Teclado Mecânico,Acessórios,Sul,1407.52
2023-11-02,4429.53,2,Webcam HD,Eletrônicos,Centro-Oeste,1288.55
2023-11-03,9987.81,3,Smart Monitor 27,Eletrônicos,Nordeste,1124.77
2023-11-03,788.45,1,Headset Pro,Eletrônicos,Norte,201.56
2023-11-03,12425.11,3,Notebook Pro X,Eletrônicos,Nordeste,3903.39
2023-11-03,5956.74,4,Headset Pro,Eletrônicos,Centro-Oeste,2008.05
2023-11-03,1771.0,1,Notebook Pro X,Eletrônicos,Nordeste,602.97
2023-11-04,414.84,1,Teclado Mecânico,Acessórios,Nordeste,108.15
2023-11-04,9787.0,2,Mouse Wireless,Acessórios,Norte,1366.56
2023-11-04,7241.43,4,Notebook Pro X,Eletrônicos,Nordeste,2473.36
2023-11-04,732.28,1,Mesa Escritório,Home Office,Centro-Oeste,152.01
2023-11-04,7721.39,4,Teclado Mecânico,Acessórios,Sul,2065.41
2023-11-04,18309.06,4,Webcam HD,Eletrônicos,Sudeste,5643.74
2023-11-04,2452.09,1,Headset Pro,Eletrônicos,Sul,491.89
2023-11-04,4837.64,1,Mesa Escritório,Home Office,Sudeste,1120.63
2023-11-04,5574.65,4,Mesa Escritório,Home Office,Sul,564.99
2023-11-04,19791.25,4,Headset Pro,Eletrônicos,Norte,2173.53
2023-11-05,1671.59,1,Headset Pro,Eletrônicos,Centro-Oeste,529.74
2023-11-05,10828.9,4,Teclado Mecânico,Acessórios,Centro-Oeste,2388.74
2023-11-05,1118.43,1,Cadeira Gamer,Home Office,Sul,339.28
2023-11-05,2302.74,2,Teclado Mecânico,Acessórios,Sudeste,655.21
2023-11-05,1738.5,3,Notebook Pro X,Eletrônicos,Sul,424.26
2023-11-05,17287.85,4,Mesa Escritório,Home Office,Sudeste,5800.87
2023-11-06,1826.31,1,Teclado Mecânico,Acessórios,Nordeste,289.5
2023-11-06,13853.22,3,Headset Pro,Eletrônicos,Centro-Oeste,2060.86
2023-11-06,2714.72,1,Mouse Wireless,Acessórios,Nordeste,912.17
2023-11-06,16662.04,4,Webcam HD,Eletrônicos,Norte,3123.31
2023-11-06,2611.62,1,Mouse Wireless,Acessórios,Sul,435.99
2023-11-06,3135.88,1,Smart Monitor 27,Eletrônicos,Norte,843.19
2023-11-06,18836.54,4,Smart Monitor 27,Eletrônicos,Sudeste,3434.47
2023-11-06,166.23,1,Cadeira Gamer,Home Office,Sul,23.36
2023-11-06,925.36,1,Cadeira Gamer,Home Office,Norte,268.46
2023-11-07,4734.3,1,Mouse Wireless,Acessórios,Nordeste,706.72
2023-11-07,2495.15,2,Mesa Escritório,Home Office,Nordeste,417.71
2023-11-07,10995.98,4,Webcam HD,Eletrônicos,Sul,3435.14
2023-11-07,3685.23,1,Teclado Mecânico,Acessórios,Centro-Oeste,510.54
2023-11-07,2937.74,1,Webcam HD,Eletrônicos,Sul,432.64
2023-11-07,14003.82,4,Webcam HD,Eletrônicos,Sul,3217.95
2023-11-07,2350.13,4,Notebook Pro X,Eletrônicos,Sul,589.98
2023-11-07,1388.83,1,Mouse Wireless,Acessórios,Sul,195.69
2023-11-07,4147.3,2,Headset Pro,Eletrônicos,Sudeste,1025.22
2023-11-07,3451.0,1,Mesa Escritório,Home Office,Centro-Oeste,778.06
2023-11-07,9873.58,2,Headset Pro,Eletrônicos,Norte,2372.5
2023-11-07,6265.56,2,Notebook Pro X,Eletrônicos,Norte,1069.67
2023-11-07,9763.53,2,Mouse Wireless,Acessórios,Centro-Oeste,1675.08
2023-11-07,14547.29,4,Teclado Mecânico,Acessórios,Norte,1746.0
2023-11-08,12245.41,3,Mesa Escritório,Home Office,Centro-Oeste,1618.17
2023-11-08,6923.04,2,Smart Monitor 27,Eletrônicos,Sul,1124.82
2023-11-08,6334.64,2,Mesa Escritório,Home Office,Sul,871.88
2023-11-08,4164.29,2,Mouse Wireless,Acessórios,Sul,794.98
2023-11-08,10458.13,4,Headset Pro,Eletrônicos,Sudeste,2341.81
2023-11-08,3844.02,4,Webcam HD,Eletrônicos,Sudeste,958.23
2023-11-08,4451.03,2,Headset Pro,Eletrônicos,Norte,841.01
2023-11-08,4143.16,1,Webcam HD,Eletrônicos,Sudeste,916.94
2023-11-08,8666.76,2,Webcam HD,Eletrônicos,Norte,1514.22
2023-11-09,2677.14,4,Mesa Escritório,Home Office,Sul,680.16
2023-11-09,10444.11,3,Mesa Escritório,Home Office,Norte,2063.69
2023-11-09,827.57,1,Notebook Pro X,Eletrônicos,Nordeste,197.44
2023-11-09,1779.11,3,Teclado Mecânico,Acessórios,Norte,315.63
2023-11-09,13351.73,3,Notebook Pro X,Eletrônicos,Sudeste,3681.71
2023-11-10,2996.06,3,Headset Pro,Eletrônicos,Centro-Oeste,622.93
2023-11-10,638.79,3,Webcam HD,Eletrônicos,Centro-Oeste,207.09
2023-11-10,4317.97,1,Notebook Pro X,Eletrônicos,Sul,437.67
2023-11-10,2897.2,4,Webcam HD,Eletrônicos,Sudeste,752.74
2023-11-10,9233.84,4,Headset Pro,Eletrônicos,Nordeste,2663.06
2023-11-11,7766.48,2,Notebook Pro X,Eletrônicos,Sul,2412.21
2023-11-11,1354.5,1,Smart Monitor 27,Eletrônicos,Nordeste,355.84
2023-11-11,3168.1,3,Mouse Wireless,Acessórios,Nordeste,1023.78
2023-11-11,2825.16,2,Teclado Mecânico,Acessórios,Sul,709.12
2023-11-11,560.56,1,Notebook Pro X,Eletrônicos,Sudeste,96.8
2023-11-12,4807.5,1,Teclado Mecânico,Acessórios,Nordeste,865.94
2023-11-12,4898.66,2,Mesa Escritório,Home Office,Sudeste,939.66
2023-11-12,296.61,1,Mesa Escritório,Home Office,Centro-Oeste,96.51
2023-11-12,1979.32,1,Mouse Wireless,Acessórios,Centro-Oeste,611.92
2023-11-12,12545.19,3,Smart Monitor 27,Eletrônicos,Centro-Oeste,3444.2
2023-11-12,4107.73,1,Smart Monitor 27,Eletrônicos,Centro-Oeste,450.17
2023-11-12,792.9,4,Teclado Mecânico,Acessórios,Sul,194.77
2023-11-13,4283.94,1,Cadeira Gamer,Home Office,Centro-Oeste,578.51
2023-11-13,4370.6,1,Webcam HD,Eletrônicos,Norte,925.19
2023-11-13,731.28,2,Headset Pro,Eletrônicos,Sul,205.76
2023-11-13,7595.94,3,Webcam HD,Eletrônicos,Norte,1526.11
2023-11-13,4400.79,1,Mouse Wireless,Acessórios,Centro-Oeste,1334.71
2023-11-14,13291.3,3,Headset Pro,Eletrônicos,Nordeste,4430.42
2023-11-14,6140.18,3,Cadeira Gamer,Home Office,Sudeste,1131.09
2023-11-14,2862.73,2,Teclado Mecânico,Acessórios,Sul,438.52
2023-11-14,455.62,1,Mouse Wireless,Acessórios,Sudeste,142.42
2023-11-14,19072.39,4,Headset Pro,Eletrônicos,Sudeste,3837.65
2023-11-14,16724.71,4,Mesa Escritório,Home Office,Centro-Oeste,2195.49
2023-11-14,3982.71,1,Mesa Escritório,Home Office,Nordeste,622.54
2023-11-14,2133.49,1,Notebook Pro X,Eletrônicos,Nordeste,387.73
2023-11-14,5702.48,2,Smart Monitor 27,Eletrônicos,Nordeste,835.32
2023-11-14,19911.48,4,Mesa Escritório,Home Office,Norte,2103.49
2023-11-14,11613.74,3,Smart Monitor 27,Eletrônicos,Norte,2579.15
2023-11-14,4493.09,3,Notebook Pro X,Eletrônicos,Centro-Oeste,718.01
2023-11-15,376.27,1,Mesa Escritório,Home Office,Sul,72.37
2023-11-15,3323.17,1,Mouse Wireless,Acessórios,Norte,1129.14
2023-11-15,3677.49,2,Headset Pro,Eletrônicos,Nordeste,931.03
2023-11-15,1442.8,1,Smart Monitor 27,Eletrônicos,Sul,449.42
2023-11-15,2742.6,2,Teclado Mecânico,Acessórios,Norte,332.3
2023-11-15,12588.25,3,Cadeira Gamer,Home Office,Sul,1726.58
2023-11-15,4218.17,1,Smart Monitor 27,Eletrônicos,Nordeste,1161.36
2023-11-15,3177.47,3,Headset Pro,Eletrônicos,Centro-Oeste,974.48
2023-11-15,2029.04,1,Mouse Wireless,Acessórios,Centro-Oeste,300.23
2023-11-15,7763.47,2,Mouse Wireless,Acessórios,Sudeste,1587.45
2023-11-15,917.47,1,Smart Monitor 27,Eletrônicos,Centro-Oeste,102.45
2023-11-15,5073.17,4,Smart Monitor 27,Eletrônicos,Sudeste,1701.82
2023-11-15,14197.16,4,Cadeira Gamer,Home Office,Centro-Oeste,4776.19
2023-11-15,5105.69,2,Smart Monitor 27,Eletrônicos,Nordeste,1602.66
2023-11-16,4051.92,3,Mouse Wireless,Acessórios,Sudeste,1089.61
2023-11-16,7766.09,3,Mouse Wireless,Acessórios,Sul,1802.87
2023-11-16,8251.05,2,Notebook Pro X,Eletrônicos,Sudeste,884.04
2023-11-16,655.6,1,Cadeira Gamer,Home Office,Sul,183.67
2023-11-16,6071.04,3,Headset Pro,Eletrônicos,Sudeste,1126.21
2023-11-17,5786.04,4,Mesa Escritório,Home Office,Sudeste,1639.12
2023-11-17,3798.26,2,Headset Pro,Eletrônicos,Sul,894.78
2023-11-17,7125.84,2,Headset Pro,Eletrônicos,Norte,1243.53
2023-11-17,3704.54,4,Headset Pro,Eletrônicos,Centro-Oeste,908.35
2023-11-17,2491.71,1,Mouse Wireless,Acessórios,Norte,641.89
2023-11-17,3391.72,1,Mesa Escritório,Home Office,Centro-Oeste,673.55
2023-11-17,3412.36,1,Notebook Pro X,Eletrônicos,Centro-Oeste,943.23
2023-11-17,13632.55,4,Teclado Mecânico,Acessórios,Nordeste,2785.98
2023-11-17,8281.34,2,Mesa Escritório,Home Office,Sudeste,2087.62
2023-11-17,4163.52,4,Mouse Wireless,Acessórios,Nordeste,1290.69
2023-11-17,12797.53,3,Teclado Mecânico,Acessórios,Nordeste,4471.4
2023-11-17,4952.09,1,Teclado Mecânico,Acessórios,Centro-Oeste,754.46
2023-11-18,9974.74,2,Mouse Wireless,Acessórios,Nordeste,1698.38
2023-11-18,3850.38,4,Mouse Wireless,Acessórios,Sudeste,1142.14
2023-11-18,13589.31,3,Teclado Mecânico,Acessórios,Centro-Oeste,2446.69
2023-11-18,4253.44,1,Cadeira Gamer,Home Office,Norte,1245.8
2023-11-18,5245.82,3,Notebook Pro X,Eletrônicos,Sul,801.57
2023-11-18,4648.59,3,Notebook Pro X,Eletrônicos,Centro-Oeste,1497.09
2023-11-18,8184.86,4,Mouse Wireless,Acessórios,Sudeste,1320.38
2023-11-19,1670.63,1,Webcam HD,Eletrônicos,Centro-Oeste,477.97
2023-11-19,19247.97,4,Mesa Escritório,Home Office,Centro-Oeste,2836.62
2023-11-19,11490.92,4,Mouse Wireless,Acessórios,Centro-Oeste,1600.79
2023-11-19,5405.13,3,Notebook Pro X,Eletrônicos,Centro-Oeste,1460.8
2023-11-19,17837.87,4,Headset Pro,Eletrônicos,Nordeste,3747.89
2023-11-19,1304.2,2,Mesa Escritório,Home Office,Sudeste,318.51
2023-11-19,3055.79,1,Webcam HD,Eletrônicos,Centro-Oeste,554.31
2023-11-19,12616.74,3,Mouse Wireless,Acessórios,Nordeste,4046.13
2023-11-20,1224.37,2,Mesa Escritório,Home Office,Nordeste,161.85
2023-11-20,651.1,3,Notebook Pro X,Eletrônicos,Centro-Oeste,138.36
2023-11-20,1306.73,4,Notebook Pro X,Eletrônicos,Sudeste,246.9
2023-11-20,907.12,1,Mouse Wireless,Acessórios,Centro-Oeste,247.0
2023-11-20,2062.35,3,Smart Monitor 27,Eletrônicos,Sul,455.53
2023-11-20,11999.43,4,Mouse Wireless,Acessórios,Centro-Oeste,1416.62
2023-11-20,4463.3,1,Webcam HD,Eletrônicos,Centro-Oeste,1081.55
2023-11-20,15147.22,4,Teclado Mecânico,Acessórios,Sudeste,4367.37
2023-11-20,2559.37,4,Mouse Wireless,Acessórios,Sul,717.45
2023-11-20,3247.16,1,Smart Monitor 27,Eletrônicos,Nordeste,355.86
2023-11-20,16899.78,4,Notebook Pro X,Eletrônicos,Sul,2953.29
2023-11-21,2918.78,2,Headset Pro,Eletrônicos,Norte,760.93
2023-11-21,8390.67,2,Teclado Mecânico,Acessórios,Centro-Oeste,1709.94
2023-11-21,3871.88,1,Cadeira Gamer,Home Office,Norte,930.56
2023-11-21,9748.19,2,Mouse Wireless,Acessórios,Centro-Oeste,3378.55
2023-11-21,11726.39,4,Teclado Mecânico,Acessórios,Sul,3369.33
2023-11-21,1528.78,1,Notebook Pro X,Eletrônicos,Norte,254.89
2023-11-21,18775.99,4,Webcam HD,Eletrônicos,Centro-Oeste,4364.83
2023-11-21,8466.22,3,Headset Pro,Eletrônicos,Sul,2412.07
2023-11-21,7727.28,2,Mesa Escritório,Home Office,Centro-Oeste,2216.23
2023-11-21,3142.01,1,Mouse Wireless,Acessórios,Norte,878.97
2023-11-21,454.55,1,Headset Pro,Eletrônicos,Sul,145.58
2023-11-21,13272.31,3,Mesa Escritório,Home Office,Sul,3259.66
2023-11-21,3422.8,1,Mesa Escritório,Home Office,Sul,696.91
2023-11-22,7142.0,4,Smart Monitor 27,Eletrônicos,Sul,1209.25
2023-11-22,589.93,1,Mesa Escritório,Home Office,Norte,63.94
2023-11-22,5522.76,3,Mesa Escritório,Home Office,Sudeste,620.15
2023-11-22,7068.24,4,Smart Monitor 27,Eletrônicos,Sudeste,718.35
2023-11-22,5466.32,2,Webcam HD,Eletrônicos,Sudeste,1695.63
2023-11-22,1700.78,1,Cadeira Gamer,Home Office,Sudeste,355.96
2023-11-22,4583.28,2,Teclado Mecânico,Acessórios,Norte,541.26
2023-11-22,808.44,1,Mesa Escritório,Home Office,Nordeste,221.36
2023-11-22,4373.75,2,Smart Monitor 27,Eletrônicos,Sul,1514.99
2023-11-22,4192.35,2,Mouse Wireless,Acessórios,Sudeste,605.18
2023-11-22,15065.48,4,Notebook Pro X,Eletrônicos,Nordeste,4907.77
2023-11-22,1473.83,4,Notebook Pro X,Eletrônicos,Centro-Oeste,302.71
2023-11-22,4675.03,1,Smart Monitor 27,Eletrônicos,Centro-Oeste,1101.42
2023-11-22,3921.05,4,Webcam HD,Eletrônicos,Norte,1332.76
2023-11-23,3547.38,2,Cadeira Gamer,Home Office,Sudeste,1130.38
2023-11-23,4581.62,1,Notebook Pro X,Eletrônicos,Sul,697.15
2023-11-23,11764.75,4,Teclado Mecânico,Acessórios,Centro-Oeste,1654.46
2023-11-23,3613.06,4,Notebook Pro X,Eletrônicos,Sul,1026.07
2023-11-23,19798.84,4,Teclado Mecânico,Acessórios,Norte,3847.84
2023-11-23,1878.48,2,Smart Monitor 27,Eletrônicos,Norte,536.14
2023-11-23,9229.91,2,Teclado Mecânico,Acessórios,Sudeste,1219.79
2023-11-23,13887.11,4,Cadeira Gamer,Home Office,Nordeste,1833.75
2023-11-23,10580.19,4,Webcam HD,Eletrônicos,Norte,2552.56
2023-11-23,2767.94,2,Webcam HD,Eletrônicos,Nordeste,886.93
2023-11-23,5682.86,2,Headset Pro,Eletrônicos,Sul,588.93
2023-11-23,2119.27,4,Webcam HD,Eletrônicos,Centro-Oeste,419.37
2023-11-23,17387.15,4,Cadeira Gamer,Home Office,Centro-Oeste,6009.78
2023-11-24,15843.45,4,Teclado Mecânico,Acessórios,Nordeste,4913.05
2023-11-24,3623.21,1,Headset Pro,Eletrônicos,Norte,818.75
2023-11-24,4303.79,1,Smart Monitor 27,Eletrônicos,Sul,751.6
2023-11-24,1737.66,1,Mouse Wireless,Acessórios,Sul,184.95
2023-11-24,9569.22,3,Webcam HD,Eletrônicos,Centro-Oeste,2750.19
2023-11-24,2639.27,1,Headset Pro,Eletrônicos,Sul,564.47
2023-11-25,17632.41,4,Cadeira Gamer,Home Office,Centro-Oeste,1820.59
2023-11-25,6155.19,4,Teclado Mecânico,Acessórios,Norte,1230.42
2023-11-25,9257.34,2,Mouse Wireless,Acessórios,Sudeste,982.18
2023-11-25,2020.64,1,Headset Pro,Eletrônicos,Sul,335.23
2023-11-25,2201.55,1,Notebook Pro X,Eletrônicos,Sul,579.15
2023-11-25,4386.89,4,Smart Monitor 27,Eletrônicos,Norte,599.79
2023-11-25,1812.35,2,Mouse Wireless,Acessórios,Norte,287.07
2023-11-25,2839.73,2,Notebook Pro X,Eletrônicos,Nordeste,852.39
2023-11-25,4933.11,1,Headset Pro,Eletrônicos,Nordeste,882.06
2023-11-25,7872.11,4,Mouse Wireless,Acessórios,Sul,2736.96
2023-11-25,17149.55,4,Notebook Pro X,Eletrônicos,Centro-Oeste,2816.61
2023-11-25,3816.58,3,Notebook Pro X,Eletrônicos,Sul,777.83
2023-11-26,9831.29,4,Headset Pro,Eletrônicos,Norte,2112.5
2023-11-26,7884.4,3,Cadeira Gamer,Home Office,Centro-Oeste,1288.1
2023-11-26,3301.12,1,Mesa Escritório,Home Office,Sudeste,388.19
2023-11-26,5510.03,3,Mouse Wireless,Acessórios,Sudeste,1076.04
2023-11-26,10814.43,3,Mouse Wireless,Acessórios,Sudeste,2586.63
2023-11-26,12893.93,3,Smart Monitor 27,Eletrônicos,Sudeste,4332.67
2023-11-26,2240.61,1,Headset Pro,Eletrônicos,Centro-Oeste,443.86
2023-11-27,8173.43,2,Cadeira Gamer,Home Office,Nordeste,890.43
2023-11-27,875.6,1,Webcam HD,Eletrônicos,Nordeste,187.3
2023-11-27,4538.67,1,Teclado Mecânico,Acessórios,Nordeste,1405.34
2023-11-27,8717.17,2,Smart Monitor 27,Eletrônicos,Norte,2110.25
2023-11-27,7353.93,2,Cadeira Gamer,Home Office,Centro-Oeste,977.6
2023-11-27,16486.42,4,Smart Monitor 27,Eletrônicos,Nordeste,4181.54
2023-11-27,13036.48,3,Notebook Pro X,Eletrônicos,Centro-Oeste,1412.25
2023-11-27,166.84,1,Cadeira Gamer,Home Office,Nordeste,29.33
2023-11-28,11916.82,3,Headset Pro,Eletrônicos,Norte,2072.79
2023-11-28,2288.05,3,Cadeira Gamer,Home Office,Norte,555.42
2023-11-28,3700.83,3,Mouse Wireless,Acessórios,Nordeste,496.25
2023-11-28,6318.02,3,Smart Monitor 27,Eletrônicos,Norte,1089.67
2023-11-28,290.17,2,Cadeira Gamer,Home Office,Sul,74.52
2023-11-28,3871.56,2,Webcam HD,Eletrônicos,Nordeste,564.22
2023-11-28,3589.12,2,Notebook Pro X,Eletrônicos,Sudeste,680.0
2023-11-28,9115.65,3,Teclado Mecânico,Acessórios,Sudeste,2681.11
2023-11-28,14120.64,3,Cadeira Gamer,Home Office,Nordeste,4561.23
2023-11-28,8738.39,2,Smart Monitor 27,Eletrônicos,Norte,907.59
2023-11-28,7986.18,4,Cadeira Gamer,Home Office,Sul,2090.83
2023-11-28,8553.4,4,Notebook Pro X,Eletrônicos,Norte,2451.98
2023-11-28,5586.3,2,Headset Pro,Eletrônicos,Nordeste,1798.53
2023-11-29,3387.7,3,Headset Pro,Eletrônicos,Centro-Oeste,672.53
2023-11-29,7382.51,3,Cadeira Gamer,Home Office,Nordeste,1792.5
2023-11-29,2567.49,1,Cadeira Gamer,Home Office,Sudeste,771.3
2023-11-29,14272.57,4,Smart Monitor 27,Eletrônicos,Sul,3150.71
2023-11-29,10679.05,3,Headset Pro,Eletrônicos,Centro-Oeste,2377.3
2023-11-29,6406.95,3,Cadeira Gamer,Home Office,Centro-Oeste,1294.14
2023-11-29,1183.62,1,Mouse Wireless,Acessórios,Sul,198.0
2023-11-29,2445.36,1,Smart Monitor 27,Eletrônicos,Norte,271.84
2023-11-29,738.72,1,Mesa Escritório,Home Office,Sudeste,220.89
2023-11-29,1587.36,3,Notebook Pro X,Eletrônicos,Sul,478.46
2023-11-30,7377.93,2,Teclado Mecânico,Acessórios,Sudeste,1535.0
2023-11-30,334.51,3,Notebook Pro X,Eletrônicos,Sul,53.92
2023-11-30,2289.17,1,Webcam HD,Eletrônicos,Sudeste,499.51
2023-11-30,2113.71,1,Webcam HD,Eletrônicos,Sul,553.71
2023-11-30,19450.24,4,Headset Pro,Eletrônicos,Sul,2127.62
2023-11-30,14123.84,3,Headset Pro,Eletrônicos,Norte,2332.79
2023-11-30,618.42,1,Smart Monitor 27,Eletrônicos,Centro-Oeste,159.02
2023-11-30,3709.14,4,Headset Pro,Eletrônicos,Centro-Oeste,1132.96
2023-11-30,1688.26,1,Mouse Wireless,Acessórios,Sul,581.36
2023-11-30,4158.88,3,Mesa Escritório,Home Office,Sul,542.62
2023-11-30,5465.27,3,Headset Pro,Eletrônicos,Sul,1910.42
2023-11-30,7287.78,3,Cadeira Gamer,Home Office,Sudeste,1391.08
2023-12-01,9032.34,2,Notebook Pro X,Eletrônicos,Sudeste,1273.38
2023-12-01,4531.47,1,Mouse Wireless,Acessórios,Centro-Oeste,1550.69
2023-12-01,14685.86,4,Cadeira Gamer,Home Office,Sudeste,4890.07
2023-12-01,1794.08,1,Notebook Pro X,Eletrônicos,Centro-Oeste,256.28
2023-12-01,6109.54,2,Teclado Mecânico,Acessórios,Norte,698.22
2023-12-01,12448.87,3,Cadeira Gamer,Home Office,Sudeste,4088.72
2023-12-01,12524.14,3,Mesa Escritório,Home Office,Centro-Oeste,1723.04
2023-12-01,7680.41,2,Notebook Pro X,Eletrônicos,Centro-Oeste,1894.1
2023-12-01,2927.99,4,Headset Pro,Eletrônicos,Sul,635.71
2023-12-01,729.73,1,Headset Pro,Eletrônicos,Sul,77.74
2023-12-01,521.44,2,Teclado Mecânico,Acessórios,Sudeste,106.94
2023-12-01,2493.25,2,Smart Monitor 27,Eletrônicos,Sul,301.93
2023-12-01,892.02,1,Mouse Wireless,Acessórios,Norte,291.21
2023-12-01,13748.41,3,Notebook Pro X,Eletrônicos,Sul,2584.76
2023-12-02,190.02,1,Cadeira Gamer,Home Office,Norte,31.85
2023-12-02,2163.33,2,Mesa Escritório,Home Office,Sul,330.45
2023-12-02,6874.04,3,Headset Pro,Eletrônicos,Norte,1219.68
2023-12-02,15727.24,4,Mesa Escritório,Home Office,Sudeste,4655.08
2023-12-02,4675.8,3,Webcam HD,Eletrônicos,Centro-Oeste,1238.81
2023-12-02,9925.2,3,Cadeira Gamer,Home Office,Centro-Oeste,1559.31
2023-12-02,12328.23,4,Mesa Escritório,Home Office,Norte,2958.33
2023-12-02,2876.96,2,Mouse Wireless,Acessórios,Sul,438.39
2023-12-02,6130.86,4,Mesa Escritório,Home Office,Sul,1694.12
2023-12-02,3629.31,1,Webcam HD,Eletrônicos,Sul,986.52
2023-12-02,4956.18,1,Teclado Mecânico,Acessórios,Norte,621.94
2023-12-02,5646.77,3,Mouse Wireless,Acessórios,Centro-Oeste,1632.68
2023-12-02,552.49,1,Cadeira Gamer,Home Office,Centro-Oeste,148.35
2023-12-03,3396.99,1,Smart Monitor 27,Eletrônicos,Sul,1055.65
2023-12-03,4736.26,4,Notebook Pro X,Eletrônicos,Sul,1275.33
2023-12-03,4717.18,3,Cadeira Gamer,Home Office,Sudeste,1419.0
2023-12-03,4671.99,2,Cadeira Gamer,Home Office,Sudeste,1511.5
2023-12-03,2648.57,2,Smart Monitor 27,Eletrônicos,Nordeste,487.64
2023-12-03,4222.95,2,Webcam HD,Eletrônicos,Nordeste,665.2
2023-12-04,152.29,1,Mouse Wireless,Acessórios,Norte,44.8
2023-12-04,12149.62,3,Webcam HD,Eletrônicos,Nordeste,2288.62
2023-12-04,3906.43,2,Smart Monitor 27,Eletrônicos,Sudeste,1165.97
2023-12-04,3992.48,1,Mouse Wireless,Acessórios,Sudeste,498.03
2023-12-04,2836.71,2,Mesa Escritório,Home Office,Centro-Oeste,859.45
2023-12-04,14603.77,3,Mesa Escritório,Home Office,Sul,5037.33
2023-12-05,8901.02,2,Mouse Wireless,Acessórios,Sudeste,1117.67
2023-12-05,593.69,1,Mouse Wireless,Acessórios,Sudeste,164.38
2023-12-05,7232.65,3,Smart Monitor 27,Eletrônicos,Nordeste,2008.85
2023-12-05,1447.66,2,Webcam HD,Eletrônicos,Norte,208.34
2023-12-05,18268.12,4,Cadeira Gamer,Home Office,Sul,4806.73
2023-12-05,8193.65,4,Mesa Escritório,Home Office,Centro-Oeste,1508.27
2023-12-05,12998.36,4,Mesa Escritório,Home Office,Sul,2364.96
2023-12-05,9587.09,3,Teclado Mecânico,Acessórios,Sudeste,1574.96
2023-12-05,4087.93,2,Webcam HD,Eletrônicos,Sudeste,1367.47
2023-12-05,691.18,4,Cadeira Gamer,Home Office,Sudeste,152.25
2023-12-05,4119.36,1,Teclado Mecânico,Acessórios,Sudeste,627.5
2023-12-05,6703.16,3,Webcam HD,Eletrônicos,Sudeste,1365.51
2023-12-05,877.91,2,Webcam HD,Eletrônicos,Norte,160.48
2023-12-05,1324.8,1,Mouse Wireless,Acessórios,Centro-Oeste,334.36
2023-12-06,13986.08,3,Webcam HD,Eletrônicos,Sul,4725.35
2023-12-06,2385.11,3,Smart Monitor 27,Eletrônicos,Sul,366.0
2023-12-06,17902.11,4,Smart Monitor 27,Eletrônicos,Sul,3794.99
2023-12-06,14273.91,3,Notebook Pro X,Eletrônicos,Nordeste,4031.23
2023-12-06,2451.08,2,Notebook Pro X,Eletrônicos,Centro-Oeste,391.99
2023-12-06,2272.27,1,Smart Monitor 27,Eletrônicos,Sul,560.04
2023-12-06,1518.0,2,Webcam HD,Eletrônicos,Centro-Oeste,273.31
2023-12-06,1520.67,3,Teclado Mecânico,Acessórios,Sul,224.7
2023-12-06,1311.93,2,Mouse Wireless,Acessórios,Sul,212.39
2023-12-06,9884.97,2,Notebook Pro X,Eletrônicos,Sul,1949.44
2023-12-06,19106.18,4,Smart Monitor 27,Eletrônicos,Norte,6260.35
2023-12-06,2145.72,2,Notebook Pro X,Eletrônicos,Sul,480.01
2023-12-06,6341.25,2,Smart Monitor 27,Eletrônicos,Centro-Oeste,1719.71
2023-12-06,3191.1,2,Mesa Escritório,Home Office,Centro-Oeste,1095.94
2023-12-07,4200.73,2,Cadeira Gamer,Home Office,Sul,714.61
2023-12-07,4897.58,3,Teclado Mecânico,Acessórios,Sudeste,1502.1
2023-12-07,5392.37,2,Notebook Pro X,Eletrônicos,Nordeste,930.17
2023-12-07,3427.88,1,Headset Pro,Eletrônicos,Centro-Oeste,1186.86
2023-12-07,5952.61,4,Cadeira Gamer,Home Office,Sul,595.62
2023-12-08,4350.04,1,Smart Monitor 27,Eletrônicos,Sul,689.06
2023-12-08,2878.93,1,Notebook Pro X,Eletrônicos,Sudeste,691.77
2023-12-08,3861.34,2,Teclado Mecânico,Acessórios,Norte,1043.97
2023-12-08,1621.83,1,Mesa Escritório,Home Office,Sul,411.83
2023-12-08,2741.01,1,Webcam HD,Eletrônicos,Centro-Oeste,471.37
2023-12-08,4271.84,2,Headset Pro,Eletrônicos,Nordeste,857.33
2023-12-08,3864.6,2,Headset Pro,Eletrônicos,Sul,1305.21
2023-12-08,1321.49,2,Notebook Pro X,Eletrônicos,Nordeste,233.06
2023-12-08,5017.75,3,Webcam HD,Eletrônicos,Centro-Oeste,818.21
2023-12-08,10181.35,3,Headset Pro,Eletrônicos,Nordeste,1518.95
2023-12-08,14162.4,3,Mouse Wireless,Acessórios,Nordeste,4231.28
2023-12-08,10191.15,4,Mesa Escritório,Home Office,Sudeste,3235.51
2023-12-08,4142.49,2,Webcam HD,Eletrônicos,Centro-Oeste,1225.44
2023-12-08,2452.44,1,Notebook Pro X,Eletrônicos,Nordeste,546.53
2023-12-09,4694.93,1,Smart Monitor 27,Eletrônicos,Nordeste,576.6
2023-12-09,712.23,2,Webcam HD,Eletrônicos,Sul,193.29
2023-12-09,14804.44,3,Mouse Wireless,Acessórios,Sudeste,3772.72
2023-12-09,16130.19,4,Webcam HD,Eletrônicos,Sudeste,3574.42
2023-12-09,9992.45,3,Mouse Wireless,Acessórios,Centro-Oeste,3271.84
2023-12-10,4281.41,4,Mouse Wireless,Acessórios,Nordeste,571.7
2023-12-10,2257.46,4,Webcam HD,Eletrônicos,Norte,229.58
2023-12-10,108.88,1,Notebook Pro X,Eletrônicos,Norte,16.98
2023-12-10,3030.34,2,Teclado Mecânico,Acessórios,Sul,416.12
2023-12-10,3309.3,3,Smart Monitor 27,Eletrônicos,Sul,607.93
2023-12-11,13138.85,3,Cadeira Gamer,Home Office,Centro-Oeste,2611.32
2023-12-11,689.23,1,Headset Pro,Eletrônicos,Sul,108.68
2023-12-11,3303.51,2,Notebook Pro X,Eletrônicos,Centro-Oeste,889.72
2023-12-11,3476.1,1,Headset Pro,Eletrônicos,Sudeste,840.36
2023-12-11,4149.27,4,Mouse Wireless,Acessórios,Sudeste,837.54
2023-12-11,1287.02,2,Mesa Escritório,Home Office,Nordeste,259.41
2023-12-11,2699.85,2,Notebook Pro X,Eletrônicos,Norte,355.73
2023-12-11,7173.56,3,Mesa Escritório,Home Office,Sudeste,2286.46
2023-12-11,3810.6,4,Cadeira Gamer,Home Office,Sudeste,1105.8
2023-12-11,4500.81,1,Notebook Pro X,Eletrônicos,Nordeste,1273.28
2023-12-11,10328.38,4,Headset Pro,Eletrônicos,Nordeste,2486.12
2023-12-11,9790.81,2,Webcam HD,Eletrônicos,Sudeste,2757.59
2023-12-11,4369.26,1,Headset Pro,Eletrônicos,Sul,647.29
2023-12-11,3963.3,3,Mouse Wireless,Acessórios,Centro-Oeste,735.06
2023-12-12,8850.27,3,Smart Monitor 27,Eletrônicos,Sul,3043.28
2023-12-12,8963.18,3,Mouse Wireless,Acessórios,Centro-Oeste,2073.05
2023-12-12,4905.16,3,Mouse Wireless,Acessórios,Sul,1136.48
2023-12-12,2993.09,1,Mesa Escritório,Home Office,Sudeste,371.83
2023-12-12,5363.76,4,Webcam HD,Eletrônicos,Centro-Oeste,1755.6
2023-12-12,6365.35,2,Mesa Escritório,Home Office,Sudeste,879.47
2023-12-12,1707.54,1,Notebook Pro X,Eletrônicos,Nordeste,452.66
2023-12-12,4235.13,2,Mouse Wireless,Acessórios,Nordeste,776.03
2023-12-12,1863.58,1,Smart Monitor 27,Eletrônicos,Sul,497.49
2023-12-12,13724.13,3,Headset Pro,Eletrônicos,Sudeste,4109.7
2023-12-12,16138.92,4,Headset Pro,Eletrônicos,Sul,4503.36
2023-12-12,6302.86,2,Smart Monitor 27,Eletrônicos,Centro-Oeste,1280.8
2023-12-12,1213.1,2,Teclado Mecânico,Acessórios,Sul,176.1
2023-12-12,9321.51,3,Mouse Wireless,Acessórios,Nordeste,2781.39
2023-12-13,1997.89,2,Headset Pro,Eletrônicos,Nordeste,578.59
2023-12-13,1080.9,4,Notebook Pro X,Eletrônicos,Sudeste,194.53
2023-12-13,6639.76,2,Smart Monitor 27,Eletrônicos,Nordeste,1270.01
2023-12-13,16387.04,4,Mouse Wireless,Acessórios,Sul,1895.66
2023-12-13,1258.03,2,Cadeira Gamer,Home Office,Sudeste,147.71
2023-12-13,8879.88,2,Notebook Pro X,Eletrônicos,Sul,2329.26
2023-12-13,5195.41,2,Mouse Wireless,Acessórios,Sudeste,1068.24
2023-12-13,3083.11,1,Mesa Escritório,Home Office,Norte,446.51
2023-12-13,19530.0,4,Cadeira Gamer,Home Office,Nordeste,6218.13
2023-12-13,12212.36,3,Smart Monitor 27,Eletrônicos,Nordeste,3654.08
2023-12-13,2262.24,1,Smart Monitor 27,Eletrônicos,Norte,236.38
2023-12-13,4497.89,1,Mesa Escritório,Home Office,Nordeste,952.61
2023-12-14,7888.46,2,Teclado Mecânico,Acessórios,Sudeste,972.84
2023-12-14,3879.48,1,Webcam HD,Eletrônicos,Norte,1204.04
2023-12-14,14355.15,3,Mesa Escritório,Home Office,Nordeste,3941.47
2023-12-14,8319.6,2,Webcam HD,Eletrônicos,Sul,2471.49
2023-12-14,2617.15,1,Notebook Pro X,Eletrônicos,Nordeste,418.92
2023-12-14,297.62,1,Notebook Pro X,Eletrônicos,Nordeste,44.73
2023-12-14,9932.91,2,Mouse Wireless,Acessórios,Centro-Oeste,2876.33
2023-12-14,7775.52,3,Teclado Mecânico,Acessórios,Norte,1704.3
2023-12-15,485.87,2,Mouse Wireless,Acessórios,Norte,122.09
2023-12-15,9312.61,2,Headset Pro,Eletrônicos,Centro-Oeste,1819.25
2023-12-15,3759.04,1,Notebook Pro X,Eletrônicos,Nordeste,1182.0
2023-12-15,1849.33,3,Headset Pro,Eletrônicos,Centro-Oeste,270.3
2023-12-15,4439.05,4,Webcam HD,Eletrônicos,Centro-Oeste,933.56
2023-12-15,2267.09,2,Headset Pro,Eletrônicos,Sul,607.88
2023-12-16,11349.0,4,Teclado Mecânico,Acessórios,Nordeste,3698.69
2023-12-16,11242.21,3,Cadeira Gamer,Home Office,Centro-Oeste,2865.2
2023-12-16,1441.78,2,Cadeira Gamer,Home Office,Centro-Oeste,348.3
2023-12-16,2366.04,1,Notebook Pro X,Eletrônicos,Centro-Oeste,793.19
2023-12-16,5229.47,3,Mesa Escritório,Home Office,Sudeste,1317.77
2023-12-16,8251.46,2,Mouse Wireless,Acessórios,Sudeste,1968.98
2023-12-16,692.15,3,Headset Pro,Eletrônicos,Norte,71.36
2023-12-16,3789.63,1,Smart Monitor 27,Eletrônicos,Centro-Oeste,1147.47
2023-12-16,17490.91,4,Mesa Escritório,Home Office,Centro-Oeste,2177.87
2023-12-16,4167.16,1,Smart Monitor 27,Eletrônicos,Centro-Oeste,468.05
2023-12-16,2499.55,1,Headset Pro,Eletrônicos,Sudeste,726.48
2023-12-16,6618.2,4,Mouse Wireless,Acessórios,Sudeste,1128.29
2023-12-17,353.26,1,Teclado Mecânico,Acessórios,Centro-Oeste,49.33
2023-12-17,16928.74,4,Mesa Escritório,Home Office,Norte,3223.95
2023-12-17,9286.06,4,Notebook Pro X,Eletrônicos,Sul,2129.11
2023-12-17,6577.87,2,Headset Pro,Eletrônicos,Centro-Oeste,2249.4
2023-12-17,3129.9,1,Webcam HD,Eletrônicos,Norte,401.49
2023-12-17,2432.69,1,Webcam HD,Eletrônicos,Sul,662.45
2023-12-17,3743.37,1,Webcam HD,Eletrônicos,Norte,917.81
2023-12-17,3078.87,2,Headset Pro,Eletrônicos,Sudeste,521.37
2023-12-17,11679.82,4,Webcam HD,Eletrônicos,Sudeste,2404.4
2023-12-18,936.32,1,Headset Pro,Eletrônicos,Sul,248.8
2023-12-18,16661.51,4,Headset Pro,Eletrônicos,Sul,4008.67
2023-12-18,9760.17,2,Teclado Mecânico,Acessórios,Norte,1789.14
2023-12-18,2404.82,1,Notebook Pro X,Eletrônicos,Nordeste,815.38
2023-12-18,539.2,1,Mesa Escritório,Home Office,Sudeste,183.22
2023-12-18,3841.76,4,Webcam HD,Eletrônicos,Centro-Oeste,446.16
2023-12-19,3706.57,2,Teclado Mecânico,Acessórios,Centro-Oeste,625.91
2023-12-19,19153.98,4,Mesa Escritório,Home Office,Nordeste,4305.03
2023-12-19,8529.88,2,Teclado Mecânico,Acessórios,Norte,2657.67
2023-12-19,4653.93,2,Smart Monitor 27,Eletrônicos,Norte,708.9
2023-12-19,6531.78,3,Headset Pro,Eletrônicos,Sudeste,761.72
2023-12-19,7847.22,4,Webcam HD,Eletrônicos,Sul,1664.56
2023-12-19,14957.84,3,Headset Pro,Eletrônicos,Sudeste,4384.18
2023-12-19,2262.68,3,Mesa Escritório,Home Office,Sul,253.4
2023-12-20,3653.35,4,Smart Monitor 27,Eletrônicos,Norte,1046.59
2023-12-20,11607.84,4,Mouse Wireless,Acessórios,Nordeste,1896.84
2023-12-20,18194.3,4,Mesa Escritório,Home Office,Sul,3725.68
2023-12-20,3230.83,2,Teclado Mecânico,Acessórios,Norte,417.49
2023-12-20,107.74,1,Smart Monitor 27,Eletrônicos,Nordeste,34.25
2023-12-20,1075.5,1,Mesa Escritório,Home Office,Norte,265.57
2023-12-20,5618.42,4,Headset Pro,Eletrônicos,Nordeste,1260.21
2023-12-20,5236.25,4,Headset Pro,Eletrônicos,Centro-Oeste,1112.83
2023-12-20,14663.04,4,Mesa Escritório,Home Office,Nordeste,3919.64
2023-12-20,4269.86,3,Mouse Wireless,Acessórios,Centro-Oeste,647.78
2023-12-20,2760.34,1,Webcam HD,Eletrônicos,Nordeste,455.5
2023-12-20,13906.54,4,Notebook Pro X,Eletrônicos,Sul,3355.2
2023-12-21,2702.53,4,Mesa Escritório,Home Office,Centro-Oeste,801.07
2023-12-21,13478.15,3,Cadeira Gamer,Home Office,Sudeste,3491.58
2023-12-21,6790.75,3,Teclado Mecânico,Acessórios,Nordeste,2283.36
2023-12-21,14883.34,4,Webcam HD,Eletrônicos,Norte,2224.41
2023-12-21,19153.57,4,Webcam HD,Eletrônicos,Norte,3495.41
2023-12-21,10378.37,3,Webcam HD,Eletrônicos,Centro-Oeste,3006.84
2023-12-21,8074.71,2,Smart Monitor 27,Eletrônicos,Centro-Oeste,2817.27
2023-12-21,1190.67,2,Smart Monitor 27,Eletrônicos,Sudeste,211.0
2023-12-21,4635.49,3,Headset Pro,Eletrônicos,Nordeste,481.24
2023-12-21,210.49,1,Webcam HD,Eletrônicos,Centro-Oeste,23.98
2023-12-21,3753.61,4,Webcam HD,Eletrônicos,Sudeste,1194.82
2023-12-21,3417.82,1,Mesa Escritório,Home Office,Sul,788.3
2023-12-22,862.68,1,Teclado Mecânico,Acessórios,Centro-Oeste,170.8
2023-12-22,1314.87,1,Headset Pro,Eletrônicos,Centro-Oeste,436.47
2023-12-22,4952.58,3,Headset Pro,Eletrônicos,Centro-Oeste,539.31
2023-12-22,548.27,1,Webcam HD,Eletrônicos,Sul,125.26
2023-12-22,9355.68,2,Mesa Escritório,Home Office,Sul,1137.71
2023-12-22,761.69,1,Headset Pro,Eletrônicos,Sul,165.41
2023-12-22,4350.64,1,Smart Monitor 27,Eletrônicos,Sudeste,747.82
2023-12-22,9944.02,2,Mouse Wireless,Acessórios,Nordeste,2375.67
2023-12-22,627.41,3,Smart Monitor 27,Eletrônicos,Norte,199.06
2023-12-22,4847.07,3,Teclado Mecânico,Acessórios,Nordeste,824.77
2023-12-22,6718.18,2,Webcam HD,Eletrônicos,Centro-Oeste,1832.14
2023-12-22,204.02,2,Smart Monitor 27,Eletrônicos,Sudeste,50.81
2023-12-22,9688.44,2,Notebook Pro X,Eletrônicos,Sudeste,3204.28
2023-12-22,9879.69,3,Mouse Wireless,Acessórios,Sul,2748.04
2023-12-23,4993.96,3,Mesa Escritório,Home Office,Sul,814.27
2023-12-23,2468.62,1,Webcam HD,Eletrônicos,Sul,409.49
2023-12-23,12739.05,3,Notebook Pro X,Eletrônicos,Norte,2714.45
2023-12-23,7979.66,2,Notebook Pro X,Eletrônicos,Sul,2117.32
2023-12-23,8200.03,3,Headset Pro,Eletrônicos,Centro-Oeste,866.14
2023-12-23,2696.49,1,Teclado Mecânico,Acessórios,Nordeste,533.69
2023-12-23,3212.27,1,Notebook Pro X,Eletrônicos,Nordeste,1051.66
2023-12-23,2011.08,1,Mesa Escritório,Home Office,Nordeste,405.54
2023-12-23,2752.54,1,Headset Pro,Eletrônicos,Norte,498.14
2023-12-23,1498.27,1,Smart Monitor 27,Eletrônicos,Nordeste,507.87
2023-12-23,8805.53,2,Notebook Pro X,Eletrônicos,Norte,2170.24
2023-12-23,725.12,1,Mesa Escritório,Home Office,Centro-Oeste,228.29
2023-12-23,8201.87,4,Mouse Wireless,Acessórios,Centro-Oeste,1873.38
2023-12-23,16130.26,4,Headset Pro,Eletrônicos,Nordeste,5023.4
2023-12-24,918.57,1,Notebook Pro X,Eletrônicos,Sul,319.85
2023-12-24,1715.04,4,Smart Monitor 27,Eletrônicos,Sudeste,426.06
2023-12-24,4077.78,3,Notebook Pro X,Eletrônicos,Norte,1084.84
2023-12-24,17989.41,4,Cadeira Gamer,Home Office,Sudeste,4749.86
2023-12-24,15924.07,4,Mesa Escritório,Home Office,Centro-Oeste,2757.82
2023-12-25,4980.66,2,Cadeira Gamer,Home Office,Norte,889.77
2023-12-25,4333.87,3,Webcam HD,Eletrônicos,Sul,859.37
2023-12-25,1912.14,2,Notebook Pro X,Eletrônicos,Sul,286.18
2023-12-25,8638.42,2,Smart Monitor 27,Eletrônicos,Centro-Oeste,1014.72
2023-12-25,5133.39,3,Headset Pro,Eletrônicos,Centro-Oeste,1359.49
2023-12-25,401.56,1,Notebook Pro X,Eletrônicos,Nordeste,67.26
2023-12-25,4896.44,3,Headset Pro,Eletrônicos,Nordeste,619.3
2023-12-25,7114.15,3,Cadeira Gamer,Home Office,Norte,1547.9
2023-12-25,11706.86,3,Teclado Mecânico,Acessórios,Sul,3504.87
2023-12-26,2431.98,3,Teclado Mecânico,Acessórios,Sul,691.17
2023-12-26,18181.97,4,Mouse Wireless,Acessórios,Centro-Oeste,5183.28
2023-12-26,13934.5,3,Notebook Pro X,Eletrônicos,Nordeste,1624.38
2023-12-26,2650.55,1,Headset Pro,Eletrônicos,Nordeste,699.34
2023-12-26,5071.48,2,Smart Monitor 27,Eletrônicos,Sudeste,1461.61
2023-12-26,1715.91,2,Webcam HD,Eletrônicos,Nordeste,365.29
2023-12-26,12760.47,4,Smart Monitor 27,Eletrônicos,Sudeste,1529.72
2023-12-27,858.6,1,Smart Monitor 27,Eletrônicos,Norte,165.2
2023-12-27,13691.93,3,Mesa Escritório,Home Office,Sudeste,4768.78
2023-12-27,9048.19,2,Headset Pro,Eletrônicos,Sudeste,1797.16
2023-12-27,9591.61,2,Notebook Pro X,Eletrônicos,Nordeste,1193.45
2023-12-27,9767.19,3,Cadeira Gamer,Home Office,Centro-Oeste,1226.33
2023-12-27,3927.99,4,Teclado Mecânico,Acessórios,Sudeste,886.3
2023-12-27,9655.5,3,Cadeira Gamer,Home Office,Nordeste,2978.99
2023-12-27,5829.7,4,Notebook Pro X,Eletrônicos,Sul,1839.76
2023-12-27,6628.26,3,Smart Monitor 27,Eletrônicos,Norte,1437.07
2023-12-27,2370.64,2,Mesa Escritório,Home Office,Centro-Oeste,257.69
2023-12-27,19577.51,4,Mesa Escritório,Home Office,Sudeste,5922.28
2023-12-27,16087.14,4,Webcam HD,Eletrônicos,Centro-Oeste,3446.77
2023-12-28,5866.04,3,Smart Monitor 27,Eletrônicos,Nordeste,1199.8
2023-12-28,5594.68,4,Mouse Wireless,Acessórios,Sudeste,1309.43
2023-12-28,3198.81,2,Mouse Wireless,Acessórios,Nordeste,1061.37
2023-12-28,3621.16,1,Smart Monitor 27,Eletrônicos,Centro-Oeste,555.61
2023-12-28,11589.11,3,Notebook Pro X,Eletrônicos,Norte,3942.41
2023-12-28,11843.62,4,Cadeira Gamer,Home Office,Centro-Oeste,2284.23
2023-12-28,2446.96,1,Teclado Mecânico,Acessórios,Sul,793.42
2023-12-28,1726.37,2,Notebook Pro X,Eletrônicos,Sudeste,552.62
2023-12-28,14614.57,3,Headset Pro,Eletrônicos,Centro-Oeste,1491.41
2023-12-28,2540.08,1,Webcam HD,Eletrônicos,Sudeste,605.92
2023-12-28,328.15,2,Cadeira Gamer,Home Office,Sudeste,46.9
2023-12-28,4007.68,3,Notebook Pro X,Eletrônicos,Centro-Oeste,1213.06
2023-12-28,4733.15,4,Notebook Pro X,Eletrônicos,Nordeste,1079.68
2023-12-28,3448.39,3,Webcam HD,Eletrônicos,Sul,396.63
2023-12-29,10736.02,3,Smart Monitor 27,Eletrônicos,Sul,2506.12
2023-12-29,4531.57,1,Mouse Wireless,Acessórios,Sul,1584.8
2023-12-29,2890.06,3,Smart Monitor 27,Eletrônicos,Norte,727.01
2023-12-29,6928.43,2,Webcam HD,Eletrônicos,Sudeste,1414.43
2023-12-29,1052.01,2,Cadeira Gamer,Home Office,Sudeste,163.84
2023-12-29,5332.83,2,Notebook Pro X,Eletrônicos,Nordeste,565.92
2023-12-29,1392.65,1,Notebook Pro X,Eletrônicos,Nordeste,143.47
2023-12-29,258.06,2,Smart Monitor 27,Eletrônicos,Nordeste,50.08
2023-12-29,8965.22,3,Notebook Pro X,Eletrônicos,Nordeste,1952.56
2023-12-29,7054.59,3,Mesa Escritório,Home Office,Centro-Oeste,1322.47
2023-12-29,3365.19,2,Webcam HD,Eletrônicos,Norte,536.12
2023-12-29,7532.43,2,Headset Pro,Eletrônicos,Nordeste,2459.29
2023-12-29,10263.1,4,Smart Monitor 27,Eletrônicos,Norte,1200.26
2023-12-29,12898.98,4,Teclado Mecânico,Acessórios,Sul,2921.89
2023-12-30,8362.73,2,Smart Monitor 27,Eletrônicos,Norte,2389.07
2023-12-30,12724.82,3,Cadeira Gamer,Home Office,Sul,2943.99
2023-12-30,1366.65,1,Notebook Pro X,Eletrônicos,Nordeste,444.39
2023-12-30,6539.71,4,Notebook Pro X,Eletrônicos,Sudeste,1886.16
2023-12-30,10982.06,3,Headset Pro,Eletrônicos,Centro-Oeste,3686.13
2023-12-30,14598.68,4,Cadeira Gamer,Home Office,Nordeste,2933.64
2023-12-31,7376.98,4,Mouse Wireless,Acessórios,Nordeste,1261.66
2023-12-31,849.51,1,Mesa Escritório,Home Office,Sul,256.21
2023-12-31,9301.68,4,Notebook Pro X,Eletrônicos,Sul,1827.45
2023-12-31,7365.85,3,Mouse Wireless,Acessórios,Sudeste,1561.55
2023-12-31,1620.44,3,Mouse Wireless,Acessórios,Sul,401.36
2023-12-31,3542.28,4,Notebook Pro X,Eletrônicos,Norte,604.1
2023-12-31,1092.81,3,Mouse Wireless,Acessórios,Norte,250.4
2023-12-31,12502.27,4,Webcam HD,Eletrônicos,Sul,3627.73
2024-01-01,13994.01,3,Mouse Wireless,Acessórios,Norte,3875.92
2024-01-01,4251.06,4,Cadeira Gamer,Home Office,Sul,692.32
2024-01-01,8354.53,2,Mesa Escritório,Home Office,Nordeste,1590.01
2024-01-01,3688.27,3,Smart Monitor 27,Eletrônicos,Sudeste,670.87
2024-01-01,2146.43,1,Notebook Pro X,Eletrônicos,Sudeste,609.94
2024-01-01,6779.41,2,Mouse Wireless,Acessórios,Sul,1564.62
2024-01-01,1319.75,1,Notebook Pro X,Eletrônicos,Centro-Oeste,326.76
2024-01-01,3980.61,1,Cadeira Gamer,Home Office,Sudeste,524.63
2024-01-01,5473.06,2,Mesa Escritório,Home Office,Norte,1789.17
2024-01-02,8476.67,3,Mouse Wireless,Acessórios,Nordeste,1719.52
2024-01-02,10660.5,3,Headset Pro,Eletrônicos,Nordeste,1969.97
2024-01-02,1230.13,1,Cadeira Gamer,Home Office,Sudeste,360.7
2024-01-02,7284.38,4,Teclado Mecânico,Acessórios,Norte,2207.13
2024-01-02,6453.67,4,Teclado Mecânico,Acessórios,Norte,1708.38
2024-01-02,6948.44,3,Notebook Pro X,Eletrônicos,Nordeste,722.83
2024-01-02,7375.93,2,Smart Monitor 27,Eletrônicos,Sudeste,899.44
2024-01-02,7093.91,4,Mesa Escritório,Home Office,Nordeste,2420.13
2024-01-02,3156.81,4,Headset Pro,Eletrônicos,Sudeste,881.25
2024-01-02,6740.36,4,Teclado Mecânico,Acessórios,Sul,713.04
2024-01-02,10332.69,4,Teclado Mecânico,Acessórios,Sudeste,1360.16
2024-01-03,5461.98,4,Notebook Pro X,Eletrônicos,Sul,1202.71
2024-01-03,5611.18,2,Headset Pro,Eletrônicos,Sul,1617.16
2024-01-03,8531.01,4,Mesa Escritório,Home Office,Sudeste,2490.76
2024-01-03,3444.73,4,Webcam HD,Eletrônicos,Nordeste,918.55
2024-01-03,6208.69,3,Mouse Wireless,Acessórios,Norte,1933.61
2024-01-03,6278.83,2,Webcam HD,Eletrônicos,Centro-Oeste,1089.84
2024-01-03,11889.17,4,Smart Monitor 27,Eletrônicos,Sudeste,2250.75
2024-01-04,1532.94,3,Mesa Escritório,Home Office,Nordeste,533.77
2024-01-04,19373.21,4,Cadeira Gamer,Home Office,Nordeste,5341.91
2024-01-04,3157.98,2,Smart Monitor 27,Eletrônicos,Sudeste,829.2
2024-01-04,2717.81,1,Notebook Pro X,Eletrônicos,Centro-Oeste,843.83
2024-01-04,1780.92,1,Webcam HD,Eletrônicos,Norte,360.95
2024-01-04,421.5,3,Smart Monitor 27,Eletrônicos,Norte,124.34
2024-01-04,305.21,1,Teclado Mecânico,Acessórios,Sudeste,68.91
2024-01-05,18435.86,4,Smart Monitor 27,Eletrônicos,Nordeste,2070.16
2024-01-05,6259.38,4,Notebook Pro X,Eletrônicos,Sudeste,1501.98
2024-01-05,4393.83,1,Mesa Escritório,Home Office,Sul,460.3
2024-01-05,2017.04,2,Cadeira Gamer,Home Office,Sul,459.89
2024-01-05,4502.49,2,Cadeira Gamer,Home Office,Norte,500.77
2024-01-05,2675.34,1,Webcam HD,Eletrônicos,Nordeste,599.71
2024-01-05,3480.12,1,Headset Pro,Eletrônicos,Sul,767.23
2024-01-05,9946.68,2,Headset Pro,Eletrônicos,Centro-Oeste,2039.25
2024-01-05,8742.12,3,Headset Pro,Eletrônicos,Centro-Oeste,2233.67
2024-01-06,12311.4,3,Mesa Escritório,Home Office,Sul,3881.2
2024-01-06,8276.96,2,Smart Monitor 27,Eletrônicos,Centro-Oeste,2325.02
2024-01-06,2148.2,1,Headset Pro,Eletrônicos,Nordeste,518.55
2024-01-06,3490.05,1,Webcam HD,Eletrônicos,Sudeste,905.14
2024-01-06,2269.43,3,Headset Pro,Eletrônicos,Sul,607.93
2024-01-06,4592.35,1,Notebook Pro X,Eletrônicos,Nordeste,1102.36
2024-01-06,1694.8,3,Headset Pro,Eletrônicos,Nordeste,310.58
2024-01-06,2792.58,3,Teclado Mecânico,Acessórios,Norte,849.93
2024-01-06,2270.28,1,Teclado Mecânico,Acessórios,Sudeste,246.42
2024-01-06,5554.93,2,Mouse Wireless,Acessórios,Nordeste,1050.17
2024-01-06,14607.47,4,Webcam HD,Eletrônicos,Sul,4010.18
2024-01-07,4020.39,4,Webcam HD,Eletrônicos,Sul,799.54
2024-01-07,14712.92,3,Mouse Wireless,Acessórios,Nordeste,3287.78
2024-01-07,9098.9,3,Notebook Pro X,Eletrônicos,Sul,2053.72
2024-01-07,11740.27,4,Smart Monitor 27,Eletrônicos,Centro-Oeste,1394.43
2024-01-07,5078.35,3,Teclado Mecânico,Acessórios,Norte,708.59
2024-01-07,7849.11,2,Teclado Mecânico,Acessórios,Norte,2267.29
2024-01-07,8112.84,3,Headset Pro,Eletrônicos,Sul,2579.61
2024-01-07,3180.73,1,Teclado Mecânico,Acessórios,Norte,758.39
2024-01-08,7376.45,2,Teclado Mecânico,Acessórios,Sul,2170.42
2024-01-08,8089.15,2,Webcam HD,Eletrônicos,Centro-Oeste,848.39
2024-01-08,4932.37,2,Headset Pro,Eletrônicos,Sudeste,1127.15
2024-01-08,12235.93,4,Webcam HD,Eletrônicos,Sudeste,3471.89
2024-01-08,10730.59,4,Headset Pro,Eletrônicos,Norte,1175.54
2024-01-08,3299.66,1,Cadeira Gamer,Home Office,Nordeste,744.3
2024-01-08,9036.68,3,Mouse Wireless,Acessórios,Nordeste,2244.73
2024-01-08,8504.58,2,Webcam HD,Eletrônicos,Sudeste,1609.28
2024-01-08,6087.67,3,Mesa Escritório,Home Office,Sul,954.88
2024-01-08,1251.55,2,Mesa Escritório,Home Office,Sul,189.63
2024-01-08,6506.81,2,Cadeira Gamer,Home Office,Sul,793.84
2024-01-08,3464.27,1,Teclado Mecânico,Acessórios,Nordeste,663.8
2024-01-08,9462.28,4,Smart Monitor 27,Eletrônicos,Centro-Oeste,1868.96
2024-01-08,4921.46,3,Webcam HD,Eletrônicos,Norte,1488.9
2024-01-09,11788.39,3,Mouse Wireless,Acessórios,Nordeste,3922.02
2024-01-09,11314.86,4,Cadeira Gamer,Home Office,Sudeste,1918.01
2024-01-09,8276.13,2,Mesa Escritório,Home Office,Sudeste,838.63
2024-01-09,11670.07,3,Headset Pro,Eletrônicos,Norte,3720.19
2024-01-09,6520.08,2,Cadeira Gamer,Home Office,Sul,2039.95
2024-01-09,3540.65,2,Mouse Wireless,Acessórios,Sul,1048.88
2024-01-09,7936.68,3,Mouse Wireless,Acessórios,Centro-Oeste,1687.61
2024-01-09,9550.12,2,Mouse Wireless,Acessórios,Norte,2805.73
2024-01-09,3000.38,1,Webcam HD,Eletrônicos,Centro-Oeste,852.32
2024-01-09,4370.52,2,Cadeira Gamer,Home Office,Nordeste,1037.44
2024-01-09,12090.9,4,Mouse Wireless,Acessórios,Centro-Oeste,2040.28
2024-01-10,2816.18,1,Cadeira Gamer,Home Office,Sul,513.07
2024-01-10,6936.25,2,Teclado Mecânico,Acessórios,Sul,1339.61
2024-01-10,3798.88,1,Teclado Mecânico,Acessórios,Sul,995.97
2024-01-10,9330.08,4,Webcam HD,Eletrônicos,Sudeste,2360.29
2024-01-10,14051.54,4,Mouse Wireless,Acessórios,Centro-Oeste,2726.15
2024-01-10,13889.37,4,Smart Monitor 27,Eletrônicos,Sul,3168.8
2024-01-10,4007.08,3,Teclado Mecânico,Acessórios,Nordeste,604.79
2024-01-10,2837.77,1,Webcam HD,Eletrônicos,Nordeste,727.14
2024-01-11,3974.79,1,Mesa Escritório,Home Office,Norte,769.05
2024-01-11,18666.11,4,Mesa Escritório,Home Office,Nordeste,6129.85
2024-01-11,3986.74,3,Webcam HD,Eletrônicos,Norte,1086.09
2024-01-11,9561.51,3,Cadeira Gamer,Home Office,Norte,1770.26
2024-01-11,2071.32,1,Mouse Wireless,Acessórios,Centro-Oeste,290.81
2024-01-11,2939.73,1,Mouse Wireless,Acessórios,Norte,504.65
2024-01-11,4691.18,2,Smart Monitor 27,Eletrônicos,Centro-Oeste,1242.51
2024-01-11,1341.94,1,Mesa Escritório,Home Office,Centro-Oeste,159.1
2024-01-11,9367.21,3,Notebook Pro X,Eletrônicos,Norte,2338.61
2024-01-12,10353.23,3,Mesa Escritório,Home Office,Nordeste,3092.5
2024-01-12,9905.85,4,Mouse Wireless,Acessórios,Nordeste,1747.33
2024-01-12,8751.23,2,Headset Pro,Eletrônicos,Sudeste,1985.73
2024-01-12,2644.84,4,Notebook Pro X,Eletrônicos,Sul,923.71
2024-01-12,303.35,1,Notebook Pro X,Eletrônicos,Sudeste,51.68
2024-01-12,3766.21,2,Mesa Escritório,Home Office,Norte,1161.19
2024-01-12,10603.18,4,Headset Pro,Eletrônicos,Centro-Oeste,2098.83
2024-01-13,3541.85,1,Cadeira Gamer,Home Office,Nordeste,915.65
2024-01-13,811.9,1,Notebook Pro X,Eletrônicos,Sudeste,145.39
2024-01-13,4363.34,2,Cadeira Gamer,Home Office,Norte,891.27
2024-01-13,247.1,1,Smart Monitor 27,Eletrônicos,Nordeste,49.25
2024-01-13,4437.09,2,Mesa Escritório,Home Office,Centro-Oeste,1543.77
2024-01-13,16454.5,4,Mesa Escritório,Home Office,Nordeste,3896.13
2024-01-13,8429.69,2,Headset Pro,Eletrônicos,Nordeste,2944.43
2024-01-13,14273.73,3,Headset Pro,Eletrônicos,Sudeste,4493.12
2024-01-13,7169.07,2,Cadeira Gamer,Home Office,Centro-Oeste,1246.77
2024-01-13,13860.73,3,Cadeira Gamer,Home Office,Centro-Oeste,4340.72
2024-01-14,12422.81,3,Notebook Pro X,Eletrônicos,Sudeste,2099.82
2024-01-14,997.73,4,Teclado Mecânico,Acessórios,Centro-Oeste,132.65
2024-01-14,2809.09,2,Notebook Pro X,Eletrônicos,Centro-Oeste,642.25
2024-01-14,7902.11,3,Teclado Mecânico,Acessórios,Norte,1521.15
2024-01-14,10861.18,3,Notebook Pro X,Eletrônicos,Nordeste,2506.92
2024-01-14,10922.39,3,Headset Pro,Eletrônicos,Centro-Oeste,1650.66
2024-01-14,11264.2,3,Mouse Wireless,Acessórios,Nordeste,3364.28
2024-01-14,11397.62,3,Cadeira Gamer,Home Office,Nordeste,2078.22
2024-01-14,3162.63,1,Cadeira Gamer,Home Office,Sul,991.5
2024-01-14,4827.28,4,Mesa Escritório,Home Office,Centro-Oeste,1221.49
2024-01-14,1080.44,4,Mesa Escritório,Home Office,Sul,135.62
2024-01-14,7081.21,2,Smart Monitor 27,Eletrônicos,Centro-Oeste,1616.68
2024-01-15,6063.17,4,Headset Pro,Eletrônicos,Sul,737.05
2024-01-15,7939.12,3,Mouse Wireless,Acessórios,Nordeste,2325.31
2024-01-15,7961.63,2,Smart Monitor 27,Eletrônicos,Sudeste,1441.68
2024-01-15,2046.01,2,Headset Pro,Eletrônicos,Centro-Oeste,384.1
2024-01-15,3236.33,4,Teclado Mecânico,Acessórios,Sul,979.98
2024-01-15,2516.08,1,Cadeira Gamer,Home Office,Sudeste,418.68
2024-01-15,5372.17,2,Teclado Mecânico,Acessórios,Centro-Oeste,1262.5
2024-01-15,914.78,3,Headset Pro,Eletrônicos,Nordeste,234.16
2024-01-15,12215.03,4,Teclado Mecânico,Acessórios,Centro-Oeste,4232.48
2024-01-15,11192.02,4,Mesa Escritório,Home Office,Centro-Oeste,1820.33
2024-01-15,2392.46,1,Teclado Mecânico,Acessórios,Norte,632.47
2024-01-15,4808.43,1,Cadeira Gamer,Home Office,Sul,1554.33
2024-01-15,6412.06,3,Teclado Mecânico,Acessórios,Norte,1604.75
2024-01-16,14273.7,3,Teclado Mecânico,Acessórios,Nordeste,2300.27
2024-01-16,3479.08,1,Teclado Mecânico,Acessórios,Sudeste,938.7
2024-01-16,7810.75,2,Mouse Wireless,Acessórios,Centro-Oeste,1859.39
2024-01-16,4855.77,2,Notebook Pro X,Eletrônicos,Sul,1448.6
2024-01-16,9375.11,3,Mesa Escritório,Home Office,Sul,1886.53
2024-01-16,6040.29,2,Webcam HD,Eletrônicos,Sudeste,651.39
2024-01-16,3696.21,1,Smart Monitor 27,Eletrônicos,Sudeste,749.45
2024-01-16,7770.01,3,Cadeira Gamer,Home Office,Sudeste,899.32
2024-01-16,5532.97,2,Mouse Wireless,Acessórios,Sudeste,1305.05
2024-01-16,12832.86,4,Smart Monitor 27,Eletrônicos,Norte,3908.62
2024-01-16,3714.44,4,Headset Pro,Eletrônicos,Sul,488.57
2024-01-16,2262.53,2,Notebook Pro X,Eletrônicos,Norte,406.27
2024-01-17,9108.01,2,Cadeira Gamer,Home Office,Norte,2363.37
2024-01-17,5202.63,3,Teclado Mecânico,Acessórios,Sul,805.07
2024-01-17,12360.78,3,Cadeira Gamer,Home Office,Norte,3874.95
2024-01-17,5423.08,3,Notebook Pro X,Eletrônicos,Sul,721.36
2024-01-17,5709.82,4,Webcam HD,Eletrônicos,Centro-Oeste,1792.04
2024-01-17,15504.59,4,Teclado Mecânico,Acessórios,Centro-Oeste,3960.74
2024-01-17,4317.51,4,Webcam HD,Eletrônicos,Nordeste,682.02
2024-01-17,14039.38,3,Mouse Wireless,Acessórios,Nordeste,1434.01
2024-01-17,6611.04,3,Mouse Wireless,Acessórios,Nordeste,1335.24
2024-01-18,6826.19,2,Smart Monitor 27,Eletrônicos,Norte,1880.78
2024-01-18,9919.43,2,Cadeira Gamer,Home Office,Sudeste,1554.59
2024-01-18,4774.21,1,Teclado Mecânico,Acessórios,Norte,1449.22
2024-01-18,7206.05,3,Headset Pro,Eletrônicos,Nordeste,1719.72
2024-01-18,8135.93,2,Mesa Escritório,Home Office,Centro-Oeste,2516.48
2024-01-18,12478.13,3,Webcam HD,Eletrônicos,Sudeste,2925.41
2024-01-18,13699.53,4,Cadeira Gamer,Home Office,Norte,3324.06
2024-01-18,13189.59,3,Mouse Wireless,Acessórios,Sul,1734.61
2024-01-18,9736.23,4,Notebook Pro X,Eletrônicos,Centro-Oeste,3244.22
2024-01-18,893.64,1,Headset Pro,Eletrônicos,Nordeste,245.93
2024-01-19,5818.05,3,Teclado Mecânico,Acessórios,Norte,933.19
2024-01-19,9431.52,2,Headset Pro,Eletrônicos,Sul,1094.81
2024-01-19,9581.25,3,Teclado Mecânico,Acessórios,Sul,2386.97
2024-01-19,5461.31,2,Smart Monitor 27,Eletrônicos,Norte,1789.66
2024-01-19,15881.76,4,Headset Pro,Eletrônicos,Norte,4107.56
2024-01-19,5974.82,2,Headset Pro,Eletrônicos,Centro-Oeste,1392.31
2024-01-19,16525.64,4,Headset Pro,Eletrônicos,Norte,3517.51
2024-01-19,6218.39,3,Webcam HD,Eletrônicos,Norte,2005.9
2024-01-19,5419.33,4,Headset Pro,Eletrônicos,Sudeste,704.97
2024-01-19,2101.97,3,Cadeira Gamer,Home Office,Sudeste,697.82
2024-01-20,8015.67,2,Mesa Escritório,Home Office,Sudeste,1110.29
2024-01-20,2370.4,4,Teclado Mecânico,Acessórios,Norte,531.1
2024-01-20,2130.96,1,Webcam HD,Eletrônicos,Sudeste,220.98
2024-01-20,7046.63,2,Headset Pro,Eletrônicos,Sudeste,1944.76
2024-01-20,1261.2,1,Mesa Escritório,Home Office,Nordeste,267.37
2024-01-20,2306.3,1,Smart Monitor 27,Eletrônicos,Sudeste,345.59
2024-01-20,4179.78,1,Teclado Mecânico,Acessórios,Sudeste,837.88
2024-01-21,13187.26,3,Teclado Mecânico,Acessórios,Sudeste,2031.83
2024-01-21,3406.77,2,Mouse Wireless,Acessórios,Centro-Oeste,546.95
2024-01-21,14845.94,3,Mesa Escritório,Home Office,Norte,2459.13
2024-01-21,9293.57,4,Cadeira Gamer,Home Office,Nordeste,2107.16
2024-01-21,5162.69,3,Webcam HD,Eletrônicos,Sul,746.86
2024-01-21,319.28,1,Notebook Pro X,Eletrônicos,Norte,55.59
2024-01-21,4790.84,1,Mouse Wireless,Acessórios,Sudeste,860.15
2024-01-21,3235.7,2,Teclado Mecânico,Acessórios,Norte,745.74
2024-01-21,3606.12,3,Notebook Pro X,Eletrônicos,Nordeste,429.68
2024-01-21,6988.84,4,Mouse Wireless,Acessórios,Sul,1206.07
2024-01-21,5846.19,4,Mouse Wireless,Acessórios,Sul,2041.3
2024-01-22,8288.15,2,Cadeira Gamer,Home Office,Sul,2519.23
2024-01-22,16987.83,4,Cadeira Gamer,Home Office,Sudeste,4808.83
2024-01-22,6171.18,2,Smart Monitor 27,Eletrônicos,Nordeste,1338.15
2024-01-22,3556.07,3,Headset Pro,Eletrônicos,Centro-Oeste,810.8
2024-01-22,4779.42,2,Smart Monitor 27,Eletrônicos,Nordeste,1163.37
2024-01-22,18994.62,4,Headset Pro,Eletrônicos,Nordeste,6183.91
2024-01-22,187.39,1,Headset Pro,Eletrônicos,Norte,44.09
2024-01-22,2330.49,4,Mesa Escritório,Home Office,Sudeste,387.52
2024-01-23,5307.63,3,Webcam HD,Eletrônicos,Sudeste,615.8
2024-01-23,1561.81,2,Smart Monitor 27,Eletrônicos,Centro-Oeste,254.74
2024-01-23,17661.1,4,Mouse Wireless,Acessórios,Nordeste,3520.04
2024-01-23,5591.38,4,Webcam HD,Eletrônicos,Nordeste,1048.19
2024-01-23,8458.58,3,Notebook Pro X,Eletrônicos,Nordeste,2757.9
2024-01-23,2358.66,4,Mesa Escritório,Home Office,Nordeste,710.56
2024-01-23,4742.92,1,Webcam HD,Eletrônicos,Centro-Oeste,896.23
2024-01-23,4509.35,4,Notebook Pro X,Eletrônicos,Centro-Oeste,1448.26
2024-01-23,9894.02,2,Teclado Mecânico,Acessórios,Nordeste,2133.06
2024-01-24,4889.11,1,Smart Monitor 27,Eletrônicos,Sul,1520.01
2024-01-24,3509.57,2,Teclado Mecânico,Acessórios,Norte,1061.36
2024-01-24,5843.55,3,Mouse Wireless,Acessórios,Centro-Oeste,1908.49
2024-01-24,10832.2,3,Mouse Wireless,Acessórios,Sudeste,2129.86
2024-01-24,3638.28,1,Teclado Mecânico,Acessórios,Norte,522.26
2024-01-24,3243.89,2,Mesa Escritório,Home Office,Centro-Oeste,698.22
2024-01-24,14000.06,4,Mouse Wireless,Acessórios,Norte,4494.75
2024-01-24,3832.54,1,Mouse Wireless,Acessórios,Centro-Oeste,439.11
2024-01-24,9181.82,3,Teclado Mecânico,Acessórios,Nordeste,2937.84
2024-01-24,3290.87,1,Cadeira Gamer,Home Office,Nordeste,1033.57
2024-01-25,17577.85,4,Webcam HD,Eletrônicos,Sul,2643.95
2024-01-25,14225.11,4,Mesa Escritório,Home Office,Norte,3247.65
2024-01-25,2690.99,3,Mouse Wireless,Acessórios,Norte,843.86
2024-01-25,1024.24,1,Mesa Escritório,Home Office,Nordeste,131.48
2024-01-25,2154.32,1,Mouse Wireless,Acessórios,Sul,319.91
2024-01-25,1760.15,4,Mouse Wireless,Acessórios,Centro-Oeste,529.22
2024-01-25,8094.69,2,Webcam HD,Eletrônicos,Sul,2410.91
2024-01-25,9086.33,4,Mouse Wireless,Acessórios,Sul,2345.85
2024-01-25,690.63,2,Cadeira Gamer,Home Office,Norte,219.9
2024-01-25,10063.37,4,Webcam HD,Eletrônicos,Norte,2425.59
2024-01-25,6318.88,3,Smart Monitor 27,Eletrônicos,Sudeste,2016.22
2024-01-25,977.74,4,Mesa Escritório,Home Office,Sul,141.35
2024-01-25,2932.57,1,Cadeira Gamer,Home Office,Sul,568.87
2024-01-25,660.98,2,Notebook Pro X,Eletrônicos,Norte,211.37
2024-01-26,2364.49,1,Mesa Escritório,Home Office,Sudeste,561.06
2024-01-26,2942.19,1,Webcam HD,Eletrônicos,Nordeste,823.59
2024-01-26,3662.2,1,Notebook Pro X,Eletrônicos,Norte,712.33
2024-01-26,3844.8,1,Webcam HD,Eletrônicos,Sudeste,903.16
2024-01-26,9971.36,4,Headset Pro,Eletrônicos,Sudeste,1053.4
2024-01-26,1967.49,2,Cadeira Gamer,Home Office,Norte,610.67
2024-01-26,4723.51,3,Cadeira Gamer,Home Office,Norte,669.72
2024-01-27,2476.28,2,Smart Monitor 27,Eletrônicos,Sudeste,578.71
2024-01-27,3023.49,1,Notebook Pro X,Eletrônicos,Sudeste,368.01
2024-01-27,6775.55,2,Webcam HD,Eletrônicos,Sudeste,1954.64
2024-01-27,3192.19,2,Teclado Mecânico,Acessórios,Sudeste,1034.73
2024-01-27,3031.09,1,Teclado Mecânico,Acessórios,Nordeste,503.47
2024-01-27,8374.43,2,Headset Pro,Eletrônicos,Norte,854.5
2024-01-27,11162.03,4,Mesa Escritório,Home Office,Norte,2743.06
2024-01-27,4922.55,1,Teclado Mecânico,Acessórios,Centro-Oeste,529.59
2024-01-27,5993.94,4,Notebook Pro X,Eletrônicos,Nordeste,1864.43
2024-01-27,783.22,2,Teclado Mecânico,Acessórios,Nordeste,131.84
2024-01-28,10606.77,3,Notebook Pro X,Eletrônicos,Sul,1831.37
2024-01-28,1389.04,1,Cadeira Gamer,Home Office,Sudeste,338.95
2024-01-28,4904.59,4,Mouse Wireless,Acessórios,Norte,491.57
2024-01-28,9343.64,4,Notebook Pro X,Eletrônicos,Nordeste,1835.59
2024-01-28,3791.49,3,Teclado Mecânico,Acessórios,Norte,739.25
2024-01-28,679.83,4,Cadeira Gamer,Home Office,Sudeste,170.18
2024-01-28,14434.84,4,Mesa Escritório,Home Office,Centro-Oeste,2609.8
2024-01-28,15936.48,4,Notebook Pro X,Eletrônicos,Sudeste,5129.8
2024-01-28,1634.46,2,Cadeira Gamer,Home Office,Norte,240.64
2024-01-28,1821.92,4,Headset Pro,Eletrônicos,Centro-Oeste,488.82
2024-01-28,13107.7,3,Mesa Escritório,Home Office,Sudeste,3483.85
2024-01-29,6685.55,2,Webcam HD,Eletrônicos,Sul,1417.72
2024-01-29,9945.51,4,Webcam HD,Eletrônicos,Sudeste,3016.43
2024-01-29,3606.26,1,Webcam HD,Eletrônicos,Sudeste,1011.17
2024-01-29,2609.63,1,Headset Pro,Eletrônicos,Nordeste,495.92
2024-01-29,7305.91,2,Smart Monitor 27,Eletrônicos,Norte,951.59
2024-01-29,1114.23,1,Notebook Pro X,Eletrônicos,Nordeste,367.19
2024-01-30,8168.58,4,Mesa Escritório,Home Office,Nordeste,975.82
2024-01-30,1238.37,2,Smart Monitor 27,Eletrônicos,Sudeste,158.59
2024-01-30,3539.85,4,Teclado Mecânico,Acessórios,Nordeste,360.87
2024-01-30,18025.31,4,Mouse Wireless,Acessórios,Centro-Oeste,4613.37
2024-01-30,113.24,1,Cadeira Gamer,Home Office,Norte,23.57
2024-01-30,1880.29,1,Notebook Pro X,Eletrônicos,Nordeste,423.7
2024-01-30,14324.32,4,Mesa Escritório,Home Office,Norte,2038.82
2024-01-30,13082.58,4,Cadeira Gamer,Home Office,Centro-Oeste,2826.73
2024-01-30,3383.7,3,Smart Monitor 27,Eletrônicos,Sul,401.06
2024-01-31,3116.5,1,Webcam HD,Eletrônicos,Centro-Oeste,385.7
2024-01-31,5657.08,2,Mouse Wireless,Acessórios,Sudeste,1879.59
2024-01-31,4755.34,1,Mesa Escritório,Home Office,Centro-Oeste,688.86
2024-01-31,6168.19,2,Webcam HD,Eletrônicos,Centro-Oeste,1061.26
2024-01-31,402.05,1,Headset Pro,Eletrônicos,Nordeste,136.55
2024-01-31,1887.08,4,Mouse Wireless,Acessórios,Nordeste,518.11
2024-01-31,1171.83,1,Mouse Wireless,Acessórios,Sul,188.36
2024-01-31,3629.58,1,Mesa Escritório,Home Office,Sul,843.37
2024-01-31,2690.94,2,Smart Monitor 27,Eletrônicos,Sul,599.17
2024-01-31,14104.9,3,Mesa Escritório,Home Office,Centro-Oeste,3779.21
2024-02-01,4714.71,2,Mesa Escritório,Home Office,Sudeste,1521.47
2024-02-01,3778.85,4,Notebook Pro X,Eletrônicos,Sul,715.6
2024-02-01,967.09,2,Teclado Mecânico,Acessórios,Sul,322.38
2024-02-01,1214.16,1,Mesa Escritório,Home Office,Sudeste,189.92
2024-02-01,2260.19,1,Teclado Mecânico,Acessórios,Norte,584.4
2024-02-01,9157.13,3,Smart Monitor 27,Eletrônicos,Sul,1078.99
2024-02-01,1014.99,1,Teclado Mecânico,Acessórios,Sul,189.28
2024-02-01,11862.19,3,Mesa Escritório,Home Office,Centro-Oeste,1658.9
2024-02-01,2504.28,4,Notebook Pro X,Eletrônicos,Nordeste,341.6
2024-02-02,4808.44,2,Cadeira Gamer,Home Office,Norte,1628.2
2024-02-02,10647.95,3,Mesa Escritório,Home Office,Norte,1964.4
2024-02-02,6447.49,2,Headset Pro,Eletrônicos,Centro-Oeste,1684.85
2024-02-02,3248.41,1,Webcam HD,Eletrônicos,Sul,548.27
2024-02-02,7031.49,2,Mesa Escritório,Home Office,Centro-Oeste,1734.71
2024-02-02,12628.85,3,Smart Monitor 27,Eletrônicos,Centro-Oeste,3100.95
2024-02-02,10866.94,4,Teclado Mecânico,Acessórios,Centro-Oeste,2116.77
2024-02-02,609.56,4,Cadeira Gamer,Home Office,Centro-Oeste,127.89
2024-02-02,10125.05,4,Mesa Escritório,Home Office,Nordeste,3100.1
2024-02-02,8743.62,2,Mesa Escritório,Home Office,Norte,1215.1
2024-02-03,10404.37,3,Teclado Mecânico,Acessórios,Sudeste,1957.16
2024-02-03,7235.78,2,Notebook Pro X,Eletrônicos,Norte,2067.3
2024-02-03,1735.14,2,Webcam HD,Eletrônicos,Sul,586.87
2024-02-03,11133.19,4,Webcam HD,Eletrônicos,Sul,1515.55
2024-02-03,851.75,1,Mouse Wireless,Acessórios,Norte,174.85
2024-02-04,6276.55,3,Teclado Mecânico,Acessórios,Nordeste,1185.67
2024-02-04,13332.13,4,Mesa Escritório,Home Office,Centro-Oeste,2819.57
2024-02-04,7442.12,2,Notebook Pro X,Eletrônicos,Centro-Oeste,1482.63
2024-02-04,851.15,1,Cadeira Gamer,Home Office,Nordeste,279.76
2024-02-04,1781.27,1,Mesa Escritório,Home Office,Sudeste,285.85
2024-02-04,4556.36,1,Notebook Pro X,Eletrônicos,Nordeste,1047.96
2024-02-04,3750.52,4,Headset Pro,Eletrônicos,Centro-Oeste,416.22
2024-02-04,1855.62,1,Teclado Mecânico,Acessórios,Sudeste,569.6
2024-02-04,10072.78,4,Mesa Escritório,Home Office,Nordeste,1524.44
2024-02-04,8620.05,2,Webcam HD,Eletrônicos,Nordeste,1869.57
2024-02-04,4526.7,1,Teclado Mecânico,Acessórios,Nordeste,570.78
2024-02-04,4266.31,1,Mouse Wireless,Acessórios,Sul,1180.03
2024-02-05,7278.65,2,Headset Pro,Eletrônicos,Norte,1074.43
2024-02-05,1465.9,1,Smart Monitor 27,Eletrônicos,Sudeste,319.17
2024-02-05,3733.85,1,Cadeira Gamer,Home Office,Centro-Oeste,734.12
2024-02-05,12103.6,3,Mouse Wireless,Acessórios,Sudeste,2502.82
2024-02-05,333.16,1,Cadeira Gamer,Home Office,Centro-Oeste,65.42
2024-02-05,12699.14,3,Notebook Pro X,Eletrônicos,Sul,3455.35
2024-02-05,6715.12,2,Teclado Mecânico,Acessórios,Sul,1151.95
2024-02-05,12071.9,3,Teclado Mecânico,Acessórios,Nordeste,3978.47
2024-02-05,4490.22,2,Notebook Pro X,Eletrônicos,Norte,473.3
2024-02-05,4185.89,4,Headset Pro,Eletrônicos,Sul,1117.55
2024-02-06,10353.86,4,Webcam HD,Eletrônicos,Centro-Oeste,1455.33
2024-02-06,11801.22,3,Teclado Mecânico,Acessórios,Sul,2746.0
2024-02-06,4974.01,3,Webcam HD,Eletrônicos,Centro-Oeste,1158.89
2024-02-06,893.29,1,Webcam HD,Eletrônicos,Norte,145.0
2024-02-06,7051.24,2,Notebook Pro X,Eletrônicos,Nordeste,2330.06
2024-02-06,14190.73,3,Webcam HD,Eletrônicos,Nordeste,2112.9
2024-02-07,12313.71,3,Smart Monitor 27,Eletrônicos,Norte,2956.03
2024-02-07,8729.88,2,Headset Pro,Eletrônicos,Centro-Oeste,1656.85
2024-02-07,6386.71,4,Mesa Escritório,Home Office,Sul,1827.56
2024-02-07,2118.77,1,Smart Monitor 27,Eletrônicos,Centro-Oeste,518.52
2024-02-07,7869.99,2,Notebook Pro X,Eletrônicos,Sul,1682.84
2024-02-07,3459.97,1,Notebook Pro X,Eletrônicos,Sul,907.84
2024-02-07,4101.87,2,Teclado Mecânico,Acessórios,Centro-Oeste,1004.92
2024-02-07,7844.61,3,Smart Monitor 27,Eletrônicos,Nordeste,1936.01
2024-02-07,6846.83,4,Cadeira Gamer,Home Office,Nordeste,1554.76
2024-02-07,465.84,1,Notebook Pro X,Eletrônicos,Norte,153.08
2024-02-07,11257.26,4,Webcam HD,Eletrônicos,Nordeste,2393.81
2024-02-07,4244.17,2,Headset Pro,Eletrônicos,Sul,696.51
2024-02-07,4194.3,1,Notebook Pro X,Eletrônicos,Sudeste,1433.62
2024-02-07,6666.24,2,Cadeira Gamer,Home Office,Norte,1198.38
2024-02-08,5609.78,2,Cadeira Gamer,Home Office,Sul,884.86
2024-02-08,2644.32,4,Notebook Pro X,Eletrônicos,Sudeste,529.42
2024-02-08,11776.77,3,Mesa Escritório,Home Office,Nordeste,1810.69
2024-02-08,13569.08,4,Teclado Mecânico,Acessórios,Sudeste,4449.36
2024-02-08,1891.57,2,Webcam HD,Eletrônicos,Nordeste,190.4
2024-02-08,4338.81,1,Notebook Pro X,Eletrônicos,Centro-Oeste,976.21
2024-02-08,2042.8,2,Webcam HD,Eletrônicos,Sul,643.31
2024-02-08,4333.2,2,Notebook Pro X,Eletrônicos,Sul,592.35
2024-02-08,5088.74,2,Webcam HD,Eletrônicos,Sudeste,782.5
2024-02-09,2794.67,3,Cadeira Gamer,Home Office,Nordeste,781.43
2024-02-09,1499.91,2,Webcam HD,Eletrônicos,Nordeste,344.47
2024-02-09,14824.33,4,Mesa Escritório,Home Office,Nordeste,1994.89
2024-02-09,3500.83,2,Notebook Pro X,Eletrônicos,Norte,835.56
2024-02-09,2024.42,2,Teclado Mecânico,Acessórios,Centro-Oeste,266.04
2024-02-09,5658.33,4,Cadeira Gamer,Home Office,Sul,1756.95
2024-02-09,15745.51,4,Mesa Escritório,Home Office,Sudeste,4512.09
2024-02-09,7320.54,2,Teclado Mecânico,Acessórios,Centro-Oeste,1665.53
2024-02-10,6111.74,3,Webcam HD,Eletrônicos,Sudeste,1784.94
2024-02-10,523.17,2,Mouse Wireless,Acessórios,Nordeste,163.74
2024-02-10,4175.94,1,Mesa Escritório,Home Office,Norte,1105.98
2024-02-10,15932.15,4,Headset Pro,Eletrônicos,Centro-Oeste,2815.19
2024-02-10,4661.99,1,Notebook Pro X,Eletrônicos,Sul,1446.87
2024-02-10,1243.52,2,Teclado Mecânico,Acessórios,Norte,277.26
2024-02-10,11674.08,4,Headset Pro,Eletrônicos,Centro-Oeste,4042.94
2024-02-10,3867.91,3,Teclado Mecânico,Acessórios,Centro-Oeste,1345.72
2024-02-10,12944.6,4,Notebook Pro X,Eletrônicos,Centro-Oeste,4334.05
2024-02-10,2459.38,3,Notebook Pro X,Eletrônicos,Norte,842.86
2024-02-10,3688.29,1,Cadeira Gamer,Home Office,Centro-Oeste,696.54
2024-02-10,12827.48,4,Mouse Wireless,Acessórios,Sul,3722.83
2024-02-10,5634.61,4,Cadeira Gamer,Home Office,Centro-Oeste,1235.16
2024-02-11,4288.98,3,Mesa Escritório,Home Office,Centro-Oeste,627.49
2024-02-11,15959.18,4,Smart Monitor 27,Eletrônicos,Norte,3450.57
2024-02-11,5432.68,4,Cadeira Gamer,Home Office,Sudeste,590.64
2024-02-11,12461.85,4,Notebook Pro X,Eletrônicos,Nordeste,2384.09
2024-02-11,1208.51,4,Teclado Mecânico,Acessórios,Centro-Oeste,251.26
2024-02-12,2272.66,4,Cadeira Gamer,Home Office,Centro-Oeste,601.61
2024-02-12,1134.67,1,Mouse Wireless,Acessórios,Sul,255.91
2024-02-12,486.21,1,Teclado Mecânico,Acessórios,Norte,141.37
2024-02-12,693.24,4,Cadeira Gamer,Home Office,Norte,115.17
2024-02-12,7177.89,2,Headset Pro,Eletrônicos,Sul,2277.1
2024-02-12,13048.77,4,Mouse Wireless,Acessórios,Centro-Oeste,2657.83
2024-02-12,5043.75,4,Smart Monitor 27,Eletrônicos,Centro-Oeste,1483.08
2024-02-12,2964.51,4,Smart Monitor 27,Eletrônicos,Sul,797.31
2024-02-12,8812.14,4,Mesa Escritório,Home Office,Nordeste,1552.73
2024-02-12,9490.61,3,Cadeira Gamer,Home Office,Sudeste,3289.4
2024-02-12,4115.42,3,Mesa Escritório,Home Office,Centro-Oeste,1092.01
2024-02-12,2668.16,2,Notebook Pro X,Eletrônicos,Sul,785.31
2024-02-12,8802.49,2,Headset Pro,Eletrônicos,Sudeste,2563.47
2024-02-13,7675.18,3,Headset Pro,Eletrônicos,Sul,1294.59
2024-02-13,9654.68,3,Mouse Wireless,Acessórios,Centro-Oeste,2778.79
2024-02-13,4859.08,2,Notebook Pro X,Eletrônicos,Centro-Oeste,1693.94
2024-02-13,3979.04,1,Teclado Mecânico,Acessórios,Sudeste,871.11
2024-02-13,8200.93,4,Smart Monitor 27,Eletrônicos,Norte,1567.17
2024-02-13,4211.58,2,Mouse Wireless,Acessórios,Nordeste,1363.93
2024-02-13,3057.8,1,Cadeira Gamer,Home Office,Nordeste,1006.34
2024-02-13,693.02,4,Mesa Escritório,Home Office,Sul,223.5
2024-02-13,5570.06,3,Webcam HD,Eletrônicos,Centro-Oeste,721.8
2024-02-13,17236.13,4,Webcam HD,Eletrônicos,Sudeste,5996.43
2024-02-13,16537.61,4,Cadeira Gamer,Home Office,Sudeste,4467.65
2024-02-13,8373.46,4,Headset Pro,Eletrônicos,Centro-Oeste,2612.46
2024-02-13,12610.27,4,Notebook Pro X,Eletrônicos,Nordeste,1282.42
2024-02-14,4867.18,1,Webcam HD,Eletrônicos,Centro-Oeste,554.54
2024-02-14,12625.96,3,Webcam HD,Eletrônicos,Sudeste,4259.96
2024-02-14,484.78,1,Mesa Escritório,Home Office,Sudeste,116.41
2024-02-14,857.02,1,Mouse Wireless,Acessórios,Sul,171.47
2024-02-14,2655.84,1,Notebook Pro X,Eletrônicos,Sudeste,885.24
2024-02-14,19575.18,4,Teclado Mecânico,Acessórios,Sudeste,5522.09
2024-02-14,2196.33,1,Teclado Mecânico,Acessórios,Sudeste,328.07
2024-02-14,1511.81,1,Teclado Mecânico,Acessórios,Sul,441.62
2024-02-14,5265.0,2,Cadeira Gamer,Home Office,Sudeste,873.15
2024-02-14,3768.39,4,Headset Pro,Eletrônicos,Sul,623.32
2024-02-14,1155.07,3,Mouse Wireless,Acessórios,Norte,223.0
2024-02-15,11274.21,4,Headset Pro,Eletrônicos,Centro-Oeste,2319.32
2024-02-15,5714.16,2,Headset Pro,Eletrônicos,Nordeste,1949.09
2024-02-15,1476.14,4,Teclado Mecânico,Acessórios,Norte,396.12
2024-02-15,2933.87,2,Cadeira Gamer,Home Office,Sul,425.7
2024-02-15,6200.16,4,Cadeira Gamer,Home Office,Sudeste,1731.47
2024-02-16,8057.12,2,Webcam HD,Eletrônicos,Sudeste,2312.95
2024-02-16,2364.73,4,Teclado Mecânico,Acessórios,Nordeste,660.8
2024-02-16,1179.19,1,Webcam HD,Eletrônicos,Centro-Oeste,372.1
2024-02-16,213.24,1,Webcam HD,Eletrônicos,Norte,41.21
2024-02-16,6345.41,3,Smart Monitor 27,Eletrônicos,Centro-Oeste,2109.76
2024-02-16,8073.0,4,Mesa Escritório,Home Office,Nordeste,2512.62
2024-02-16,6379.11,2,Mouse Wireless,Acessórios,Centro-Oeste,1562.6
2024-02-16,6831.68,4,Notebook Pro X,Eletrônicos,Norte,2234.28
2024-02-16,7591.47,2,Notebook Pro X,Eletrônicos,Sudeste,1654.07
2024-02-16,9396.99,2,Headset Pro,Eletrônicos,Norte,1227.53
2024-02-16,1898.95,1,Smart Monitor 27,Eletrônicos,Centro-Oeste,620.81
2024-02-16,5845.52,4,Teclado Mecânico,Acessórios,Sudeste,1855.82
2024-02-17,3109.04,1,Cadeira Gamer,Home Office,Sul,724.34
2024-02-17,8810.38,3,Headset Pro,Eletrônicos,Norte,2306.49
2024-02-17,4192.62,1,Teclado Mecânico,Acessórios,Sul,1355.75
2024-02-17,11528.43,4,Webcam HD,Eletrônicos,Norte,3981.86
2024-02-17,230.59,2,Mouse Wireless,Acessórios,Sul,40.56
2024-02-17,11867.84,3,Cadeira Gamer,Home Office,Norte,3026.0
2024-02-17,17540.3,4,Smart Monitor 27,Eletrônicos,Nordeste,5039.4
2024-02-17,1074.7,1,Webcam HD,Eletrônicos,Norte,128.89
2024-02-17,13362.23,4,Notebook Pro X,Eletrônicos,Sul,2302.82
2024-02-17,6582.9,3,Teclado Mecânico,Acessórios,Centro-Oeste,880.13
2024-02-17,5212.08,2,Notebook Pro X,Eletrônicos,Norte,1094.73
2024-02-17,13943.16,3,Cadeira Gamer,Home Office,Sudeste,3242.7
2024-02-18,16024.24,4,Notebook Pro X,Eletrônicos,Sudeste,3376.51
2024-02-18,11204.56,3,Mesa Escritório,Home Office,Nordeste,3240.09
2024-02-18,3979.41,1,Notebook Pro X,Eletrônicos,Sul,1370.58
2024-02-18,5792.76,2,Cadeira Gamer,Home Office,Centro-Oeste,1280.59
2024-02-18,201.81,2,Teclado Mecânico,Acessórios,Centro-Oeste,38.47
2024-02-18,3605.98,1,Mesa Escritório,Home Office,Sul,459.43
2024-02-18,1588.29,1,Notebook Pro X,Eletrônicos,Centro-Oeste,292.56
2024-02-18,9765.58,2,Mouse Wireless,Acessórios,Sul,3312.95
2024-02-18,11326.36,3,Smart Monitor 27,Eletrônicos,Norte,3519.53
2024-02-18,4956.38,2,Mouse Wireless,Acessórios,Centro-Oeste,1524.31
2024-02-18,9355.77,3,Mesa Escritório,Home Office,Sul,1226.16
2024-02-18,12225.18,4,Cadeira Gamer,Home Office,Centro-Oeste,2176.09
2024-02-18,14311.56,3,Mesa Escritório,Home Office,Sul,3607.28
2024-02-18,5074.54,3,Headset Pro,Eletrônicos,Centro-Oeste,879.66
2024-02-19,2958.83,1,Mouse Wireless,Acessórios,Nordeste,997.03
2024-02-19,12335.45,3,Headset Pro,Eletrônicos,Sul,1617.84
2024-02-19,822.32,1,Headset Pro,Eletrônicos,Centro-Oeste,227.82
2024-02-19,2047.69,1,Smart Monitor 27,Eletrônicos,Sul,315.93
2024-02-19,11217.11,3,Cadeira Gamer,Home Office,Nordeste,1626.19
2024-02-19,12302.43,4,Teclado Mecânico,Acessórios,Sul,2696.15
2024-02-19,4960.98,3,Teclado Mecânico,Acessórios,Norte,1661.1
2024-02-19,11515.35,3,Cadeira Gamer,Home Office,Nordeste,3337.97
2024-02-19,10641.57,3,Notebook Pro X,Eletrônicos,Centro-Oeste,2654.83
2024-02-19,3460.03,2,Mouse Wireless,Acessórios,Centro-Oeste,781.28
2024-02-19,6427.47,3,Webcam HD,Eletrônicos,Sul,1542.93
2024-02-20,4833.68,1,Mouse Wireless,Acessórios,Norte,1213.38
2024-02-20,719.24,3,Headset Pro,Eletrônicos,Centro-Oeste,235.43
2024-02-20,636.43,4,Cadeira Gamer,Home Office,Centro-Oeste,69.1
2024-02-20,18279.7,4,Notebook Pro X,Eletrônicos,Nordeste,5907.98
2024-02-20,3273.47,3,Mouse Wireless,Acessórios,Nordeste,548.51
2024-02-20,4925.87,1,Cadeira Gamer,Home Office,Nordeste,1573.61
2024-02-20,4687.13,1,Teclado Mecânico,Acessórios,Nordeste,1592.9
2024-02-20,13436.64,3,Cadeira Gamer,Home Office,Centro-Oeste,2322.92
2024-02-20,8694.29,2,Mesa Escritório,Home Office,Norte,1998.01
2024-02-21,626.82,4,Notebook Pro X,Eletrônicos,Nordeste,109.63
2024-02-21,11532.17,3,Mesa Escritório,Home Office,Nordeste,2938.83
2024-02-21,7608.63,4,Notebook Pro X,Eletrônicos,Sudeste,809.27
2024-02-21,14782.55,3,Teclado Mecânico,Acessórios,Centro-Oeste,4471.4
2024-02-21,14111.07,4,Notebook Pro X,Eletrônicos,Norte,3054.24
2024-02-22,3083.61,4,Mesa Escritório,Home Office,Norte,571.25
2024-02-22,7796.87,2,Mesa Escritório,Home Office,Centro-Oeste,1806.47
2024-02-22,2730.92,1,Mouse Wireless,Acessórios,Sul,769.96
2024-02-22,8872.97,3,Cadeira Gamer,Home Office,Sul,1397.41
2024-02-22,6955.69,3,Headset Pro,Eletrônicos,Nordeste,1118.6
2024-02-22,15142.24,4,Notebook Pro X,Eletrônicos,Nordeste,3420.54
2024-02-22,12330.52,3,Headset Pro,Eletrônicos,Sudeste,4286.01
2024-02-22,6428.82,2,Cadeira Gamer,Home Office,Nordeste,1131.02
2024-02-23,4329.8,3,Webcam HD,Eletrônicos,Norte,652.35
2024-02-23,8800.84,3,Cadeira Gamer,Home Office,Sul,1450.47
2024-02-23,5966.65,2,Smart Monitor 27,Eletrônicos,Sul,1427.45
2024-02-23,10869.19,3,Smart Monitor 27,Eletrônicos,Norte,3170.89
2024-02-23,6200.65,2,Teclado Mecânico,Acessórios,Centro-Oeste,1730.25
2024-02-23,818.33,2,Mesa Escritório,Home Office,Sudeste,103.9
2024-02-23,4737.02,4,Smart Monitor 27,Eletrônicos,Nordeste,664.86
2024-02-23,9941.42,4,Webcam HD,Eletrônicos,Nordeste,3426.26
2024-02-23,7903.35,4,Mouse Wireless,Acessórios,Sudeste,1954.34
2024-02-23,1582.7,1,Mesa Escritório,Home Office,Nordeste,264.62
2024-02-24,12294.45,4,Headset Pro,Eletrônicos,Sul,2731.76
2024-02-24,5265.01,3,Teclado Mecânico,Acessórios,Centro-Oeste,1451.87
2024-02-24,3542.81,2,Teclado Mecânico,Acessórios,Sul,833.97
2024-02-24,4998.39,3,Headset Pro,Eletrônicos,Sul,709.3
2024-02-24,2824.66,1,Mesa Escritório,Home Office,Norte,483.62
2024-02-24,7534.11,3,Mesa Escritório,Home Office,Sul,930.92
2024-02-25,602.42,1,Cadeira Gamer,Home Office,Sul,152.5
2024-02-25,19179.21,4,Webcam HD,Eletrônicos,Sudeste,1968.39
2024-02-25,2643.88,2,Notebook Pro X,Eletrônicos,Nordeste,853.09
2024-02-25,698.18,4,Mouse Wireless,Acessórios,Sul,220.14
2024-02-25,5031.74,2,Mouse Wireless,Acessórios,Sul,1568.37
2024-02-25,6530.45,2,Mouse Wireless,Acessórios,Norte,1362.91
2024-02-25,2476.89,2,Notebook Pro X,Eletrônicos,Centro-Oeste,634.05
2024-02-25,2816.79,4,Notebook Pro X,Eletrônicos,Norte,624.23
2024-02-25,684.22,1,Webcam HD,Eletrônicos,Sul,179.45
2024-02-25,1677.92,4,Headset Pro,Eletrônicos,Centro-Oeste,296.75
2024-02-25,2399.58,1,Webcam HD,Eletrônicos,Norte,794.64
2024-02-26,8962.25,2,Smart Monitor 27,Eletrônicos,Norte,2886.27
2024-02-26,17215.86,4,Mesa Escritório,Home Office,Nordeste,3406.06
2024-02-26,1938.83,2,Mouse Wireless,Acessórios,Nordeste,425.33
2024-02-26,1441.16,4,Headset Pro,Eletrônicos,Sudeste,430.76
2024-02-26,1362.52,1,Mesa Escritório,Home Office,Centro-Oeste,261.0
2024-02-26,13550.58,3,Teclado Mecânico,Acessórios,Sul,4180.07
2024-02-26,16285.2,4,Smart Monitor 27,Eletrônicos,Sudeste,4999.8
2024-02-26,6057.5,3,Headset Pro,Eletrônicos,Sudeste,1992.12
2024-02-27,8330.28,4,Teclado Mecânico,Acessórios,Sul,1760.77
2024-02-27,9369.58,4,Notebook Pro X,Eletrônicos,Centro-Oeste,2152.4
2024-02-27,3644.12,3,Headset Pro,Eletrônicos,Centro-Oeste,797.72
2024-02-27,2006.45,2,Mesa Escritório,Home Office,Sul,233.17
2024-02-27,6958.43,2,Smart Monitor 27,Eletrônicos,Centro-Oeste,1512.28
2024-02-28,9147.22,4,Mouse Wireless,Acessórios,Norte,1854.42
2024-02-28,4001.41,2,Mouse Wireless,Acessórios,Nordeste,776.23
2024-02-28,6928.48,4,Webcam HD,Eletrônicos,Norte,948.38
2024-02-28,13158.12,3,Headset Pro,Eletrônicos,Sudeste,1876.88
2024-02-28,1019.29,1,Webcam HD,Eletrônicos,Sudeste,107.45
2024-02-28,191.0,1,Mouse Wireless,Acessórios,Nordeste,61.53
2024-02-28,9434.05,4,Smart Monitor 27,Eletrônicos,Nordeste,2697.26
2024-02-28,3837.0,1,Webcam HD,Eletrônicos,Sudeste,576.95
2024-02-28,10833.34,3,Webcam HD,Eletrônicos,Sudeste,2702.73
2024-02-28,6386.46,4,Mouse Wireless,Acessórios,Sudeste,1151.9
2024-02-29,4421.58,4,Headset Pro,Eletrônicos,Centro-Oeste,1313.82
2024-02-29,11006.79,3,Mesa Escritório,Home Office,Norte,2416.26
2024-02-29,19529.27,4,Notebook Pro X,Eletrônicos,Centro-Oeste,3570.02
2024-02-29,17985.97,4,Webcam HD,Eletrônicos,Sudeste,5804.19
2024-02-29,7883.81,2,Smart Monitor 27,Eletrônicos,Nordeste,2015.33
2024-02-29,914.93,1,Mouse Wireless,Acessórios,Norte,252.84
2024-02-29,10280.5,3,Teclado Mecânico,Acessórios,Nordeste,2891.64
2024-02-29,17552.39,4,Smart Monitor 27,Eletrônicos,Norte,5563.95
2024-02-29,2773.48,1,Mouse Wireless,Acessórios,Nordeste,767.42
2024-03-01,2137.1,1,Cadeira Gamer,Home Office,Sul,416.54
2024-03-01,1719.94,1,Cadeira Gamer,Home Office,Centro-Oeste,542.0
2024-03-01,6940.6,3,Notebook Pro X,Eletrônicos,Nordeste,2374.89
2024-03-01,15552.57,4,Cadeira Gamer,Home Office,Norte,2848.74
2024-03-01,182.91,1,Webcam HD,Eletrônicos,Centro-Oeste,34.98
2024-03-01,2297.27,2,Teclado Mecânico,Acessórios,Centro-Oeste,502.83
2024-03-02,4220.54,3,Notebook Pro X,Eletrônicos,Sul,1442.35
2024-03-02,15101.2,4,Smart Monitor 27,Eletrônicos,Sudeste,1884.74
2024-03-02,197.52,1,Cadeira Gamer,Home Office,Nordeste,54.27
2024-03-02,4638.1,1,Mesa Escritório,Home Office,Nordeste,1383.32
2024-03-02,9365.13,2,Headset Pro,Eletrônicos,Norte,964.06
2024-03-02,17932.66,4,Mouse Wireless,Acessórios,Sudeste,2619.36
2024-03-02,1534.83,3,Teclado Mecânico,Acessórios,Sul,414.99
2024-03-02,7862.85,3,Teclado Mecânico,Acessórios,Centro-Oeste,2188.74
2024-03-03,1222.67,4,Webcam HD,Eletrônicos,Sul,266.26
2024-03-03,364.6,1,Smart Monitor 27,Eletrônicos,Sul,69.3
2024-03-03,3965.1,2,Teclado Mecânico,Acessórios,Nordeste,825.07
2024-03-03,3623.26,1,Headset Pro,Eletrônicos,Sul,812.31
2024-03-03,9812.64,4,Smart Monitor 27,Eletrônicos,Sul,2511.4
2024-03-03,6116.52,2,Cadeira Gamer,Home Office,Sudeste,1835.58
2024-03-03,8426.56,4,Webcam HD,Eletrônicos,Norte,1632.08
2024-03-03,3769.25,1,Mesa Escritório,Home Office,Sudeste,1005.65
2024-03-03,629.8,1,Headset Pro,Eletrônicos,Centro-Oeste,130.35
2024-03-03,14346.11,3,Headset Pro,Eletrônicos,Nordeste,3829.61
2024-03-04,9966.25,3,Notebook Pro X,Eletrônicos,Centro-Oeste,3196.97
2024-03-04,10254.7,3,Mouse Wireless,Acessórios,Sudeste,2266.39
2024-03-04,11802.93,3,Mouse Wireless,Acessórios,Sudeste,2786.03
2024-03-04,1291.54,4,Cadeira Gamer,Home Office,Norte,402.19
2024-03-04,16199.21,4,Mouse Wireless,Acessórios,Sudeste,2750.89
2024-03-04,9979.57,2,Teclado Mecânico,Acessórios,Norte,1643.1
2024-03-04,235.06,2,Smart Monitor 27,Eletrônicos,Sul,26.24
2024-03-04,13651.4,3,Smart Monitor 27,Eletrônicos,Norte,2421.35
2024-03-04,6231.92,4,Webcam HD,Eletrônicos,Norte,2045.16
2024-03-04,1449.48,4,Mesa Escritório,Home Office,Sul,401.97
2024-03-04,6578.47,3,Mesa Escritório,Home Office,Sul,1570.11
2024-03-05,11915.45,3,Webcam HD,Eletrônicos,Centro-Oeste,2450.88
2024-03-05,1340.9,1,Mesa Escritório,Home Office,Centro-Oeste,454.44
2024-03-05,3954.09,1,Teclado Mecânico,Acessórios,Sul,1358.11
2024-03-05,4257.86,2,Smart Monitor 27,Eletrônicos,Sul,673.52
2024-03-05,8395.93,3,Cadeira Gamer,Home Office,Nordeste,1448.49
2024-03-05,11767.25,4,Mesa Escritório,Home Office,Norte,1438.56
2024-03-05,571.8,2,Webcam HD,Eletrônicos,Sul,78.19
2024-03-05,1325.28,1,Headset Pro,Eletrônicos,Norte,270.7
2024-03-05,6021.53,4,Mouse Wireless,Acessórios,Norte,1207.99
2024-03-06,9691.43,2,Mouse Wireless,Acessórios,Norte,2072.69
2024-03-06,18139.53,4,Mouse Wireless,Acessórios,Centro-Oeste,3784.85
2024-03-06,4852.14,4,Headset Pro,Eletrônicos,Nordeste,494.96
2024-03-06,7467.7,3,Cadeira Gamer,Home Office,Sudeste,1826.47
2024-03-06,4484.71,3,Notebook Pro X,Eletrônicos,Sudeste,1306.34
2024-03-06,2233.97,1,Notebook Pro X,Eletrônicos,Norte,263.8
2024-03-06,6597.05,2,Mouse Wireless,Acessórios,Sudeste,1928.64
2024-03-06,6411.03,2,Webcam HD,Eletrônicos,Centro-Oeste,2051.74
2024-03-06,1528.41,4,Mesa Escritório,Home Office,Norte,449.9
2024-03-06,110.49,1,Webcam HD,Eletrônicos,Sul,21.55
2024-03-06,1796.26,1,Teclado Mecânico,Acessórios,Sul,331.54
2024-03-06,12283.81,4,Mouse Wireless,Acessórios,Sul,2349.36
2024-03-06,2819.17,1,Cadeira Gamer,Home Office,Centro-Oeste,410.84
2024-03-06,19951.27,4,Mesa Escritório,Home Office,Centro-Oeste,4456.62
2024-03-07,1290.71,1,Cadeira Gamer,Home Office,Sudeste,385.75
2024-03-07,7928.1,2,Notebook Pro X,Eletrônicos,Sudeste,2196.13
2024-03-07,8914.7,4,Headset Pro,Eletrônicos,Sudeste,1663.56
2024-03-07,3154.04,3,Webcam HD,Eletrônicos,Sudeste,418.27
2024-03-07,1616.76,1,Mouse Wireless,Acessórios,Nordeste,391.7
2024-03-07,13329.73,3,Smart Monitor 27,Eletrônicos,Nordeste,3138.11
2024-03-08,2772.28,1,Mesa Escritório,Home Office,Nordeste,312.72
2024-03-08,3463.78,2,Headset Pro,Eletrônicos,Sul,692.72
2024-03-08,10251.74,4,Teclado Mecânico,Acessórios,Sul,2285.65
2024-03-08,4849.32,1,Webcam HD,Eletrônicos,Norte,1222.86
2024-03-08,3176.29,3,Teclado Mecânico,Acessórios,Norte,1090.25
2024-03-08,12321.6,3,Mesa Escritório,Home Office,Sul,2981.34
2024-03-09,3417.89,4,Notebook Pro X,Eletrônicos,Nordeste,1020.0
2024-03-09,19026.73,4,Mouse Wireless,Acessórios,Nordeste,2247.16
2024-03-09,18784.56,4,Webcam HD,Eletrônicos,Norte,5755.93
2024-03-09,3951.37,2,Teclado Mecânico,Acessórios,Sul,550.5
2024-03-09,11362.32,4,Headset Pro,Eletrônicos,Norte,1668.59
2024-03-09,4901.76,2,Webcam HD,Eletrônicos,Nordeste,1404.03
2024-03-10,1535.24,1,Mouse Wireless,Acessórios,Centro-Oeste,286.36
2024-03-10,12628.26,3,Mouse Wireless,Acessórios,Sul,1589.82
2024-03-10,1553.44,1,Webcam HD,Eletrônicos,Centro-Oeste,500.77
2024-03-10,12978.8,4,Smart Monitor 27,Eletrônicos,Centro-Oeste,2829.17
2024-03-10,6667.67,2,Notebook Pro X,Eletrônicos,Sudeste,1889.38
2024-03-10,7660.8,3,Smart Monitor 27,Eletrônicos,Centro-Oeste,1639.31
2024-03-10,12394.43,3,Teclado Mecânico,Acessórios,Norte,4124.43
2024-03-10,12838.86,3,Headset Pro,Eletrônicos,Norte,4406.48
2024-03-10,5597.06,4,Mesa Escritório,Home Office,Norte,917.09
2024-03-11,18922.73,4,Mouse Wireless,Acessórios,Sudeste,2120.63
2024-03-11,7343.24,2,Notebook Pro X,Eletrônicos,Centro-Oeste,2482.92
2024-03-11,4414.69,1,Mesa Escritório,Home Office,Norte,802.65
2024-03-11,4699.76,2,Mesa Escritório,Home Office,Centro-Oeste,765.81
2024-03-11,2949.5,1,Smart Monitor 27,Eletrônicos,Nordeste,418.99
2024-03-11,7724.35,3,Smart Monitor 27,Eletrônicos,Sudeste,1786.74
2024-03-11,182.36,1,Cadeira Gamer,Home Office,Norte,41.95
2024-03-11,5722.57,3,Teclado Mecânico,Acessórios,Nordeste,1178.79
2024-03-11,605.97,1,Mouse Wireless,Acessórios,Norte,68.49
2024-03-11,5806.58,2,Notebook Pro X,Eletrônicos,Centro-Oeste,1818.93
2024-03-11,13779.84,4,Teclado Mecânico,Acessórios,Sul,2095.78
2024-03-11,4467.27,2,Teclado Mecânico,Acessórios,Sudeste,775.8
2024-03-11,10175.12,4,Mesa Escritório,Home Office,Centro-Oeste,3455.89
2024-03-12,11291.78,3,Mesa Escritório,Home Office,Sudeste,1841.5
2024-03-12,3898.41,3,Headset Pro,Eletrônicos,Norte,438.03
2024-03-12,1824.83,3,Mesa Escritório,Home Office,Centro-Oeste,563.83
2024-03-12,12701.35,4,Smart Monitor 27,Eletrônicos,Sudeste,2292.11
2024-03-12,450.67,2,Mouse Wireless,Acessórios,Sul,134.83
2024-03-12,3099.47,4,Notebook Pro X,Eletrônicos,Nordeste,784.3
2024-03-12,7789.4,3,Mouse Wireless,Acessórios,Norte,2233.95
2024-03-12,3120.81,2,Smart Monitor 27,Eletrônicos,Norte,339.44
2024-03-12,1154.58,1,Mesa Escritório,Home Office,Sudeste,134.49
2024-03-12,1658.25,1,Smart Monitor 27,Eletrônicos,Nordeste,495.94
2024-03-12,14496.54,4,Headset Pro,Eletrônicos,Sudeste,4645.1
2024-03-12,3593.85,1,Cadeira Gamer,Home Office,Sudeste,605.12
2024-03-12,12176.6,3,Teclado Mecânico,Acessórios,Sudeste,1726.44
2024-03-13,9810.12,3,Notebook Pro X,Eletrônicos,Norte,2192.87
2024-03-13,11332.93,4,Mouse Wireless,Acessórios,Centro-Oeste,3573.52
2024-03-13,3559.09,1,Notebook Pro X,Eletrônicos,Sudeste,831.22
2024-03-13,9922.84,2,Mesa Escritório,Home Office,Nordeste,1214.59
2024-03-13,2122.54,1,Smart Monitor 27,Eletrônicos,Sudeste,617.79
2024-03-13,6848.24,3,Mesa Escritório,Home Office,Sudeste,1907.36
2024-03-13,501.67,2,Mesa Escritório,Home Office,Sudeste,144.03
2024-03-13,8564.11,2,Mouse Wireless,Acessórios,Sudeste,1708.87
2024-03-13,3024.6,1,Cadeira Gamer,Home Office,Sudeste,625.97
2024-03-13,115.55,1,Headset Pro,Eletrônicos,Sudeste,39.28
2024-03-13,7341.9,3,Teclado Mecânico,Acessórios,Nordeste,926.1
2024-03-13,1276.23,3,Mesa Escritório,Home Office,Nordeste,182.14
2024-03-13,4536.33,1,Webcam HD,Eletrônicos,Sudeste,918.01
2024-03-14,7570.47,3,Headset Pro,Eletrônicos,Norte,1156.89
2024-03-14,6700.22,3,Teclado Mecânico,Acessórios,Norte,1343.23
2024-03-14,1447.47,2,Webcam HD,Eletrônicos,Centro-Oeste,379.78
2024-03-14,10393.84,4,Headset Pro,Eletrônicos,Sul,1311.76
2024-03-14,396.23,2,Notebook Pro X,Eletrônicos,Nordeste,96.08
2024-03-14,1355.03,2,Mesa Escritório,Home Office,Centro-Oeste,460.12
2024-03-14,9421.27,2,Webcam HD,Eletrônicos,Sudeste,2169.6
2024-03-14,3555.05,1,Mesa Escritório,Home Office,Centro-Oeste,1111.22
2024-03-14,6060.09,3,Smart Monitor 27,Eletrônicos,Nordeste,1075.73
2024-03-15,8485.11,2,Smart Monitor 27,Eletrônicos,Norte,1478.11
2024-03-15,4807.55,4,Cadeira Gamer,Home Office,Norte,807.12
2024-03-15,14654.3,3,Notebook Pro X,Eletrônicos,Sudeste,4769.38
2024-03-15,6027.78,4,Teclado Mecânico,Acessórios,Centro-Oeste,879.65
2024-03-15,19819.71,4,Teclado Mecânico,Acessórios,Sudeste,4322.09
2024-03-15,3421.56,1,Mesa Escritório,Home Office,Norte,750.31
2024-03-16,4488.69,1,Cadeira Gamer,Home Office,Sudeste,1349.61
2024-03-16,7383.54,3,Teclado Mecânico,Acessórios,Norte,1777.76
2024-03-16,2104.8,1,Cadeira Gamer,Home Office,Sul,344.15
2024-03-16,375.16,2,Mouse Wireless,Acessórios,Nordeste,68.91
2024-03-16,6173.77,2,Teclado Mecânico,Acessórios,Sudeste,757.93
2024-03-17,4196.53,4,Mesa Escritório,Home Office,Norte,638.27
2024-03-17,3488.3,2,Smart Monitor 27,Eletrônicos,Sul,632.45
2024-03-17,4471.89,4,Smart Monitor 27,Eletrônicos,Nordeste,1172.47
2024-03-17,436.87,2,Cadeira Gamer,Home Office,Sudeste,77.15
2024-03-17,8187.35,3,Webcam HD,Eletrônicos,Sudeste,2357.7
2024-03-17,13978.02,3,Smart Monitor 27,Eletrônicos,Norte,3473.96
2024-03-17,10421.4,4,Webcam HD,Eletrônicos,Centro-Oeste,3462.71
2024-03-17,18260.21,4,Smart Monitor 27,Eletrônicos,Centro-Oeste,6085.84
2024-03-18,527.3,4,Webcam HD,Eletrônicos,Nordeste,67.2
2024-03-18,18094.41,4,Headset Pro,Eletrônicos,Norte,6162.47
2024-03-18,3173.03,2,Notebook Pro X,Eletrônicos,Sul,883.96
2024-03-18,2241.6,2,Mesa Escritório,Home Office,Sul,518.2
2024-03-18,6249.45,2,Mesa Escritório,Home Office,Sudeste,1257.95
2024-03-18,7618.88,4,Mouse Wireless,Acessórios,Nordeste,1455.26
2024-03-18,13994.91,4,Notebook Pro X,Eletrônicos,Norte,4660.66
2024-03-19,5604.67,4,Mouse Wireless,Acessórios,Nordeste,1361.75
2024-03-19,2476.77,1,Smart Monitor 27,Eletrônicos,Centro-Oeste,406.37
2024-03-19,2301.69,2,Cadeira Gamer,Home Office,Nordeste,272.84
2024-03-19,2404.41,1,Mouse Wireless,Acessórios,Nordeste,516.23
2024-03-19,10287.08,3,Webcam HD,Eletrônicos,Centro-Oeste,3437.66
2024-03-19,4983.48,3,Webcam HD,Eletrônicos,Norte,1613.09
2024-03-19,7894.35,4,Teclado Mecânico,Acessórios,Sul,2633.87
2024-03-19,11002.47,4,Mesa Escritório,Home Office,Norte,1855.7
2024-03-19,2867.61,1,Notebook Pro X,Eletrônicos,Centro-Oeste,624.07
2024-03-19,7356.39,2,Webcam HD,Eletrônicos,Centro-Oeste,1678.13
2024-03-19,11943.3,4,Smart Monitor 27,Eletrônicos,Sul,1609.92
2024-03-19,5477.17,4,Teclado Mecânico,Acessórios,Sul,643.23
2024-03-19,1172.11,2,Mouse Wireless,Acessórios,Nordeste,383.54
2024-03-20,460.4,1,Cadeira Gamer,Home Office,Nordeste,71.68
2024-03-20,15527.39,4,Mesa Escritório,Home Office,Norte,4949.49
2024-03-20,11522.72,4,Headset Pro,Eletrônicos,Centro-Oeste,3890.97
2024-03-20,4864.08,2,Notebook Pro X,Eletrônicos,Nordeste,1646.91
2024-03-20,2402.99,3,Webcam HD,Eletrônicos,Sul,795.77
2024-03-20,6237.81,4,Webcam HD,Eletrônicos,Nordeste,1334.76
2024-03-20,4248.94,1,Mesa Escritório,Home Office,Centro-Oeste,752.66
2024-03-20,14618.08,4,Notebook Pro X,Eletrônicos,Norte,1711.59
2024-03-20,2401.46,2,Teclado Mecânico,Acessórios,Nordeste,727.11
2024-03-20,4066.42,1,Notebook Pro X,Eletrônicos,Sudeste,1390.57
2024-03-20,14993.31,4,Mesa Escritório,Home Office,Centro-Oeste,1999.18
2024-03-20,4013.62,4,Teclado Mecânico,Acessórios,Sudeste,845.95
2024-03-21,4912.02,1,Webcam HD,Eletrônicos,Centro-Oeste,609.39
2024-03-21,4180.6,1,Cadeira Gamer,Home Office,Sudeste,759.11
2024-03-21,10034.13,3,Headset Pro,Eletrônicos,Sul,1294.86
2024-03-21,4956.18,3,Teclado Mecânico,Acessórios,Norte,1424.6
2024-03-21,7668.3,2,Smart Monitor 27,Eletrônicos,Centro-Oeste,2631.21
2024-03-22,11738.25,4,Smart Monitor 27,Eletrônicos,Norte,2247.21
2024-03-22,6852.0,2,Notebook Pro X,Eletrônicos,Nordeste,1081.06
2024-03-22,4984.56,1,Cadeira Gamer,Home Office,Nordeste,832.23
2024-03-22,8134.73,4,Mouse Wireless,Acessórios,Norte,1570.96
2024-03-22,10679.21,4,Smart Monitor 27,Eletrônicos,Sudeste,3686.75
2024-03-22,5653.05,3,Headset Pro,Eletrônicos,Sul,1769.92
2024-03-22,3248.2,4,Smart Monitor 27,Eletrônicos,Norte,973.28
2024-03-22,1128.67,1,Teclado Mecânico,Acessórios,Centro-Oeste,331.87
2024-03-22,2433.13,3,Mouse Wireless,Acessórios,Sudeste,542.64
2024-03-22,910.46,1,Smart Monitor 27,Eletrônicos,Centro-Oeste,267.94
2024-03-22,7570.8,2,Mouse Wireless,Acessórios,Centro-Oeste,906.85
2024-03-22,11760.37,4,Mouse Wireless,Acessórios,Norte,3754.95
2024-03-22,2868.08,3,Mouse Wireless,Acessórios,Norte,656.43
2024-03-23,6140.7,2,Cadeira Gamer,Home Office,Sul,1470.34
2024-03-23,1495.87,1,Headset Pro,Eletrônicos,Centro-Oeste,430.99
2024-03-23,1989.99,2,Mesa Escritório,Home Office,Sudeste,572.38
2024-03-23,320.79,1,Mouse Wireless,Acessórios,Sul,47.0
2024-03-23,2098.51,1,Cadeira Gamer,Home Office,Sudeste,579.73
2024-03-23,1335.78,1,Headset Pro,Eletrônicos,Sul,220.58
2024-03-23,2979.05,1,Webcam HD,Eletrônicos,Norte,561.22
2024-03-23,2403.17,2,Mouse Wireless,Acessórios,Centro-Oeste,840.89
2024-03-23,14086.94,4,Webcam HD,Eletrônicos,Sul,2936.06
2024-03-23,17819.43,4,Teclado Mecânico,Acessórios,Norte,2984.76
2024-03-24,2268.3,1,Mouse Wireless,Acessórios,Nordeste,506.87
2024-03-24,5123.55,2,Notebook Pro X,Eletrônicos,Nordeste,1686.9
2024-03-24,5602.99,3,Mouse Wireless,Acessórios,Centro-Oeste,1497.86
2024-03-24,2355.91,2,Mouse Wireless,Acessórios,Nordeste,240.78
2024-03-24,4327.66,1,Headset Pro,Eletrônicos,Sul,983.55
2024-03-24,1760.79,1,Mesa Escritório,Home Office,Sudeste,536.75
2024-03-24,10173.49,3,Notebook Pro X,Eletrônicos,Norte,1516.31
2024-03-24,4203.18,2,Mouse Wireless,Acessórios,Centro-Oeste,786.73
2024-03-25,3259.49,1,Mouse Wireless,Acessórios,Norte,660.71
2024-03-25,1709.22,4,Cadeira Gamer,Home Office,Norte,573.59
2024-03-25,9970.89,3,Mouse Wireless,Acessórios,Nordeste,1156.4
2024-03-25,5774.29,3,Notebook Pro X,Eletrônicos,Sudeste,1698.21
2024-03-25,7810.59,2,Mouse Wireless,Acessórios,Nordeste,1408.33
2024-03-25,678.1,1,Smart Monitor 27,Eletrônicos,Norte,209.06
2024-03-25,9498.87,2,Mouse Wireless,Acessórios,Sudeste,2458.92
2024-03-25,10594.5,3,Cadeira Gamer,Home Office,Norte,1593.68
2024-03-25,13462.82,4,Teclado Mecânico,Acessórios,Sudeste,1799.71
2024-03-26,2492.42,4,Mouse Wireless,Acessórios,Sul,758.08
2024-03-26,5161.06,2,Mesa Escritório,Home Office,Sul,549.18
2024-03-26,3008.47,3,Smart Monitor 27,Eletrônicos,Sul,380.91
2024-03-26,3665.45,3,Cadeira Gamer,Home Office,Nordeste,478.0
2024-03-26,14436.5,3,Cadeira Gamer,Home Office,Nordeste,3424.89
2024-03-26,19341.62,4,Webcam HD,Eletrônicos,Centro-Oeste,4714.3
2024-03-26,4102.46,2,Webcam HD,Eletrônicos,Centro-Oeste,1201.98
2024-03-27,4136.57,2,Smart Monitor 27,Eletrônicos,Sudeste,1240.01
2024-03-27,1528.73,1,Notebook Pro X,Eletrônicos,Norte,202.1
2024-03-27,2993.68,4,Mesa Escritório,Home Office,Norte,806.05
2024-03-27,9390.71,2,Mesa Escritório,Home Office,Norte,1064.97
2024-03-27,5033.79,2,Teclado Mecânico,Acessórios,Sul,1582.28
2024-03-27,11965.79,3,Smart Monitor 27,Eletrônicos,Nordeste,2035.95
2024-03-27,1838.18,3,Teclado Mecânico,Acessórios,Norte,534.68
2024-03-27,16355.71,4,Mesa Escritório,Home Office,Centro-Oeste,4113.91
2024-03-27,4711.3,2,Mesa Escritório,Home Office,Centro-Oeste,607.78
2024-03-27,10327.42,4,Mesa Escritório,Home Office,Nordeste,1254.29
2024-03-27,1061.81,1,Teclado Mecânico,Acessórios,Centro-Oeste,160.61
2024-03-27,10692.01,4,Webcam HD,Eletrônicos,Centro-Oeste,2054.52
2024-03-28,6297.24,2,Webcam HD,Eletrônicos,Nordeste,1551.04
2024-03-28,14989.0,4,Mesa Escritório,Home Office,Nordeste,4270.32
2024-03-28,6910.96,3,Cadeira Gamer,Home Office,Nordeste,1630.58
2024-03-28,9627.54,2,Smart Monitor 27,Eletrônicos,Centro-Oeste,1158.74
2024-03-28,991.64,2,Teclado Mecânico,Acessórios,Nordeste,195.18
2024-03-28,4527.35,4,Webcam HD,Eletrônicos,Sul,1123.9
2024-03-28,1115.61,3,Mouse Wireless,Acessórios,Norte,190.92
2024-03-28,7369.76,2,Mouse Wireless,Acessórios,Centro-Oeste,1210.29
2024-03-28,550.29,1,Cadeira Gamer,Home Office,Norte,169.83
2024-03-28,4919.09,2,Headset Pro,Eletrônicos,Sudeste,1145.4
2024-03-28,424.23,1,Smart Monitor 27,Eletrônicos,Centro-Oeste,65.32
2024-03-28,14350.71,3,Cadeira Gamer,Home Office,Sudeste,4306.51
2024-03-28,8954.76,3,Smart Monitor 27,Eletrônicos,Norte,2663.75
2024-03-28,10097.24,4,Mouse Wireless,Acessórios,Sudeste,1766.95
2024-03-29,13092.68,4,Teclado Mecânico,Acessórios,Nordeste,4351.44
2024-03-29,1227.0,1,Notebook Pro X,Eletrônicos,Norte,124.46
2024-03-29,8107.61,2,Notebook Pro X,Eletrônicos,Sudeste,1406.51
2024-03-29,8618.65,2,Cadeira Gamer,Home Office,Norte,1027.19
2024-03-29,790.16,2,Teclado Mecânico,Acessórios,Sudeste,95.11
2024-03-29,5788.2,4,Headset Pro,Eletrônicos,Sul,1616.06
2024-03-29,6849.61,2,Teclado Mecânico,Acessórios,Sudeste,702.21
2024-03-29,15102.95,4,Webcam HD,Eletrônicos,Centro-Oeste,2321.15
2024-03-29,13871.17,3,Mesa Escritório,Home Office,Sul,4178.73
2024-03-29,13132.35,3,Cadeira Gamer,Home Office,Sul,4148.58
2024-03-29,4661.75,3,Mouse Wireless,Acessórios,Sudeste,1147.51
2024-03-29,8888.37,4,Webcam HD,Eletrônicos,Norte,1315.57
2024-03-29,2998.01,1,Mouse Wireless,Acessórios,Norte,943.11
2024-03-30,458.07,4,Webcam HD,Eletrônicos,Centro-Oeste,73.61
2024-03-30,1624.1,1,Smart Monitor 27,Eletrônicos,Norte,292.34
2024-03-30,4750.94,1,Smart Monitor 27,Eletrônicos,Sudeste,1455.87
2024-03-30,13958.01,3,Webcam HD,Eletrônicos,Centro-Oeste,2172.29
2024-03-30,5446.05,3,Mesa Escritório,Home Office,Norte,899.35
2024-03-30,4778.89,4,Webcam HD,Eletrônicos,Centro-Oeste,574.48
2024-03-30,14203.72,3,Smart Monitor 27,Eletrônicos,Centro-Oeste,4707.61
2024-03-30,3541.74,1,Headset Pro,Eletrônicos,Centro-Oeste,847.42
2024-03-31,3287.55,2,Notebook Pro X,Eletrônicos,Sul,759.15
2024-03-31,17982.13,4,Mouse Wireless,Acessórios,Sul,5961.79
2024-03-31,1825.6,2,Webcam HD,Eletrônicos,Sudeste,250.8
2024-03-31,1107.04,2,Teclado Mecânico,Acessórios,Nordeste,310.44
2024-03-31,4029.03,2,Cadeira Gamer,Home Office,Sudeste,1356.34
2024-03-31,2633.74,3,Notebook Pro X,Eletrônicos,Centro-Oeste,870.9
2024-03-31,4591.66,2,Teclado Mecânico,Acessórios,Nordeste,1535.37
2024-03-31,6612.49,4,Mouse Wireless,Acessórios,Sudeste,1825.52
2024-04-01,7635.98,2,Mesa Escritório,Home Office,Centro-Oeste,1834.77
2024-04-01,7395.02,4,Mesa Escritório,Home Office,Nordeste,1293.92
2024-04-01,18159.51,4,Cadeira Gamer,Home Office,Nordeste,2409.43
2024-04-01,8726.54,2,Webcam HD,Eletrônicos,Nordeste,2352.66
2024-04-01,444.16,1,Cadeira Gamer,Home Office,Sul,120.92
2024-04-01,7359.92,3,Webcam HD,Eletrônicos,Centro-Oeste,2337.53
2024-04-01,15199.58,4,Mesa Escritório,Home Office,Norte,4381.06
2024-04-01,1360.17,1,Cadeira Gamer,Home Office,Centro-Oeste,327.83
2024-04-02,775.7,1,Webcam HD,Eletrônicos,Norte,192.23
2024-04-02,3568.59,3,Cadeira Gamer,Home Office,Norte,842.89
2024-04-02,6486.61,2,Cadeira Gamer,Home Office,Nordeste,2070.72
2024-04-02,14906.44,3,Smart Monitor 27,Eletrônicos,Nordeste,1833.86
2024-04-02,6822.32,2,Mesa Escritório,Home Office,Sul,2320.02
2024-04-02,7154.65,3,Mouse Wireless,Acessórios,Nordeste,2254.88
2024-04-02,6770.07,2,Smart Monitor 27,Eletrônicos,Nordeste,2253.19
2024-04-03,4769.78,1,Cadeira Gamer,Home Office,Norte,1315.01
2024-04-03,10087.99,3,Headset Pro,Eletrônicos,Centro-Oeste,1189.57
2024-04-03,7066.81,3,Smart Monitor 27,Eletrônicos,Sudeste,1707.46
2024-04-03,2383.13,1,Smart Monitor 27,Eletrônicos,Nordeste,293.99
2024-04-03,527.59,3,Teclado Mecânico,Acessórios,Sudeste,88.76
2024-04-03,530.38,3,Mouse Wireless,Acessórios,Sudeste,108.46
2024-04-03,16055.93,4,Webcam HD,Eletrônicos,Centro-Oeste,5399.57
2024-04-03,6378.49,2,Mesa Escritório,Home Office,Centro-Oeste,1482.86
2024-04-03,15596.19,4,Headset Pro,Eletrônicos,Centro-Oeste,3799.34
2024-04-03,5480.82,4,Mesa Escritório,Home Office,Sul,715.71
2024-04-03,1905.04,1,Smart Monitor 27,Eletrônicos,Norte,530.09
2024-04-03,10011.02,4,Mesa Escritório,Home Office,Sul,2935.09
2024-04-03,3670.03,4,Headset Pro,Eletrônicos,Sudeste,388.18
2024-04-03,2742.81,1,Webcam HD,Eletrônicos,Nordeste,867.99
2024-04-04,4603.56,2,Cadeira Gamer,Home Office,Norte,946.37
2024-04-04,3674.02,4,Notebook Pro X,Eletrônicos,Sul,1026.56
2024-04-04,3998.5,3,Teclado Mecânico,Acessórios,Norte,671.71
2024-04-04,4084.21,1,Notebook Pro X,Eletrônicos,Norte,442.53
2024-04-04,2369.82,2,Notebook Pro X,Eletrônicos,Norte,285.48
2024-04-04,7786.55,3,Cadeira Gamer,Home Office,Centro-Oeste,1814.94
2024-04-04,7404.58,4,Teclado Mecânico,Acessórios,Sul,2528.65
2024-04-04,646.39,2,Smart Monitor 27,Eletrônicos,Sudeste,113.16
2024-04-04,660.06,4,Notebook Pro X,Eletrônicos,Sul,156.4
2024-04-04,2230.45,3,Mouse Wireless,Acessórios,Nordeste,679.82
2024-04-04,3456.01,4,Smart Monitor 27,Eletrônicos,Nordeste,727.36
2024-04-04,12513.54,4,Cadeira Gamer,Home Office,Norte,3498.91
2024-04-04,9616.61,4,Cadeira Gamer,Home Office,Nordeste,2811.5
2024-04-04,6920.73,3,Mouse Wireless,Acessórios,Nordeste,1810.94
2024-04-05,3698.9,1,Mesa Escritório,Home Office,Sul,805.06
2024-04-05,7217.01,3,Cadeira Gamer,Home Office,Norte,1289.17
2024-04-05,11935.1,4,Teclado Mecânico,Acessórios,Centro-Oeste,1226.47
2024-04-05,14843.2,3,Mesa Escritório,Home Office,Nordeste,2495.69
2024-04-05,1302.49,4,Smart Monitor 27,Eletrônicos,Sudeste,245.2
2024-04-05,11091.63,3,Notebook Pro X,Eletrônicos,Nordeste,1397.76
2024-04-05,9620.93,3,Webcam HD,Eletrônicos,Sudeste,1020.09
2024-04-05,6626.62,2,Webcam HD,Eletrônicos,Norte,1725.6
2024-04-05,8635.12,2,Smart Monitor 27,Eletrônicos,Nordeste,2921.0
2024-04-05,11562.43,4,Mesa Escritório,Home Office,Norte,3690.17
2024-04-05,8303.9,4,Smart Monitor 27,Eletrônicos,Norte,2772.56
2024-04-06,15023.21,4,Teclado Mecânico,Acessórios,Sudeste,2271.52
2024-04-06,9799.91,3,Webcam HD,Eletrônicos,Centro-Oeste,1065.13
2024-04-06,10920.18,3,Webcam HD,Eletrônicos,Sul,3373.07
2024-04-06,4520.66,1,Teclado Mecânico,Acessórios,Norte,1026.58
2024-04-06,3900.71,1,Notebook Pro X,Eletrônicos,Norte,671.07
2024-04-06,14249.94,3,Notebook Pro X,Eletrônicos,Sudeste,4774.16
2024-04-06,2684.77,3,Notebook Pro X,Eletrônicos,Centro-Oeste,476.5
2024-04-06,10011.52,3,Teclado Mecânico,Acessórios,Nordeste,1913.56
2024-04-06,11575.08,3,Teclado Mecânico,Acessórios,Sul,3883.37
2024-04-07,7760.55,2,Smart Monitor 27,Eletrônicos,Sul,815.28
2024-04-07,3288.11,4,Teclado Mecânico,Acessórios,Sudeste,460.31
2024-04-07,12977.34,3,Cadeira Gamer,Home Office,Nordeste,4069.27
2024-04-07,893.91,1,Webcam HD,Eletrônicos,Centro-Oeste,254.66
2024-04-07,6410.22,3,Cadeira Gamer,Home Office,Sul,1974.41
2024-04-08,11426.19,3,Headset Pro,Eletrônicos,Sudeste,1278.63
2024-04-08,13573.26,4,Smart Monitor 27,Eletrônicos,Sudeste,2213.1
2024-04-08,13562.26,3,Webcam HD,Eletrônicos,Nordeste,1396.59
2024-04-08,3425.14,2,Teclado Mecânico,Acessórios,Nordeste,799.73
2024-04-08,3614.22,3,Smart Monitor 27,Eletrônicos,Norte,420.06
2024-04-08,1563.81,3,Headset Pro,Eletrônicos,Sul,486.09
2024-04-08,4526.57,4,Headset Pro,Eletrônicos,Sul,835.99
2024-04-08,9415.93,2,Cadeira Gamer,Home Office,Sudeste,2246.91
2024-04-08,4416.78,3,Webcam HD,Eletrônicos,Norte,743.9
2024-04-09,5083.45,3,Webcam HD,Eletrônicos,Sudeste,761.81
2024-04-09,15993.37,4,Smart Monitor 27,Eletrônicos,Sudeste,3933.7
2024-04-09,6786.27,4,Teclado Mecânico,Acessórios,Centro-Oeste,1081.76
2024-04-09,13478.0,4,Notebook Pro X,Eletrônicos,Norte,2302.71
2024-04-09,3747.63,1,Notebook Pro X,Eletrônicos,Centro-Oeste,1156.5
2024-04-09,3339.18,3,Webcam HD,Eletrônicos,Nordeste,852.85
2024-04-09,1024.49,1,Smart Monitor 27,Eletrônicos,Centro-Oeste,248.19
2024-04-09,1702.75,1,Smart Monitor 27,Eletrônicos,Norte,378.04
2024-04-09,7832.77,3,Teclado Mecânico,Acessórios,Nordeste,1999.25
2024-04-09,3071.64,1,Teclado Mecânico,Acessórios,Sul,887.2
2024-04-09,279.23,2,Mouse Wireless,Acessórios,Sul,58.46
2024-04-09,4875.28,4,Headset Pro,Eletrônicos,Nordeste,517.77
2024-04-09,19960.06,4,Teclado Mecânico,Acessórios,Sul,2897.18
2024-04-10,2895.53,2,Headset Pro,Eletrônicos,Norte,893.9
2024-04-10,1318.84,1,Cadeira Gamer,Home Office,Norte,274.39
2024-04-10,2194.37,1,Teclado Mecânico,Acessórios,Centro-Oeste,730.63
2024-04-10,1264.73,3,Mouse Wireless,Acessórios,Sul,253.4
2024-04-10,5037.01,2,Notebook Pro X,Eletrônicos,Sudeste,1380.83
2024-04-10,6526.71,3,Mouse Wireless,Acessórios,Norte,1799.13
2024-04-11,2817.2,2,Teclado Mecânico,Acessórios,Sudeste,591.71
2024-04-11,3124.13,2,Notebook Pro X,Eletrônicos,Nordeste,826.01
2024-04-11,3175.89,1,Mesa Escritório,Home Office,Centro-Oeste,465.86
2024-04-11,7082.6,3,Notebook Pro X,Eletrônicos,Sudeste,1527.65
2024-04-11,4732.44,2,Mesa Escritório,Home Office,Centro-Oeste,803.86
2024-04-11,7679.59,3,Headset Pro,Eletrônicos,Nordeste,1897.45
2024-04-11,8747.02,4,Mesa Escritório,Home Office,Nordeste,1284.0
2024-04-12,14452.5,3,Teclado Mecânico,Acessórios,Centro-Oeste,2702.87
2024-04-12,8551.7,2,Webcam HD,Eletrônicos,Nordeste,2039.1
2024-04-12,14751.28,3,Mouse Wireless,Acessórios,Sudeste,3612.8
2024-04-12,5129.08,3,Teclado Mecânico,Acessórios,Centro-Oeste,1734.21
2024-04-12,1893.38,1,Mouse Wireless,Acessórios,Nordeste,581.83
2024-04-12,5782.88,4,Smart Monitor 27,Eletrônicos,Centro-Oeste,973.09
2024-04-12,2774.71,1,Headset Pro,Eletrônicos,Norte,512.03
2024-04-12,7322.0,2,Teclado Mecânico,Acessórios,Norte,2370.33
2024-04-12,5060.61,3,Headset Pro,Eletrônicos,Sudeste,1311.37
2024-04-12,5584.06,4,Smart Monitor 27,Eletrônicos,Centro-Oeste,767.66
2024-04-13,11442.32,4,Mesa Escritório,Home Office,Centro-Oeste,1469.66
2024-04-13,13041.79,3,Teclado Mecânico,Acessórios,Centro-Oeste,2726.63
2024-04-13,9182.32,3,Headset Pro,Eletrônicos,Sul,2793.14
2024-04-13,877.51,2,Mouse Wireless,Acessórios,Norte,120.08
2024-04-13,9664.76,2,Cadeira Gamer,Home Office,Norte,986.38
2024-04-13,4756.9,4,Smart Monitor 27,Eletrônicos,Nordeste,539.21
2024-04-13,7109.22,4,Notebook Pro X,Eletrônicos,Nordeste,1493.56
2024-04-13,2410.68,2,Headset Pro,Eletrônicos,Sul,786.28
2024-04-13,5627.54,2,Notebook Pro X,Eletrônicos,Centro-Oeste,1590.78
2024-04-13,4034.32,3,Notebook Pro X,Eletrônicos,Nordeste,712.66
2024-04-13,746.0,1,Mesa Escritório,Home Office,Nordeste,198.5
2024-04-13,1803.56,1,Mouse Wireless,Acessórios,Sudeste,232.84
2024-04-13,11150.28,4,Smart Monitor 27,Eletrônicos,Sudeste,1438.53
2024-04-13,5934.37,4,Webcam HD,Eletrônicos,Nordeste,1031.99
2024-04-14,19758.35,4,Teclado Mecânico,Acessórios,Centro-Oeste,4314.41
2024-04-14,1889.96,3,Headset Pro,Eletrônicos,Norte,429.43
2024-04-14,1547.83,4,Webcam HD,Eletrônicos,Sudeste,209.95
2024-04-14,3920.08,1,Cadeira Gamer,Home Office,Nordeste,982.08
2024-04-14,2220.54,3,Cadeira Gamer,Home Office,Sudeste,577.3
2024-04-15,8633.9,2,Headset Pro,Eletrônicos,Centro-Oeste,891.95
2024-04-15,1315.28,4,Cadeira Gamer,Home Office,Sul,442.32
2024-04-15,6429.09,2,Headset Pro,Eletrônicos,Sul,881.34
2024-04-15,4200.93,1,Mouse Wireless,Acessórios,Norte,449.11
2024-04-15,4150.36,3,Cadeira Gamer,Home Office,Norte,1129.78
2024-04-15,14703.54,4,Mesa Escritório,Home Office,Sudeste,2075.66
2024-04-15,4738.56,2,Mesa Escritório,Home Office,Norte,660.57
2024-04-15,8619.99,2,Mesa Escritório,Home Office,Sudeste,1731.59
2024-04-15,8537.87,2,Webcam HD,Eletrônicos,Sul,1942.41
2024-04-15,17483.69,4,Mesa Escritório,Home Office,Sul,3335.58
2024-04-15,665.6,1,Mouse Wireless,Acessórios,Norte,139.43
2024-04-15,968.83,1,Cadeira Gamer,Home Office,Norte,305.83
2024-04-16,242.87,2,Cadeira Gamer,Home Office,Norte,40.91
2024-04-16,9908.44,3,Notebook Pro X,Eletrônicos,Sudeste,1037.59
2024-04-16,1924.96,3,Smart Monitor 27,Eletrônicos,Nordeste,636.24
2024-04-16,5004.81,3,Mesa Escritório,Home Office,Nordeste,547.0
2024-04-16,4402.77,2,Cadeira Gamer,Home Office,Nordeste,1275.1
2024-04-17,3888.19,3,Smart Monitor 27,Eletrônicos,Nordeste,1097.45
2024-04-17,2833.71,1,Notebook Pro X,Eletrônicos,Nordeste,463.23
2024-04-17,4616.46,1,Notebook Pro X,Eletrônicos,Norte,1538.39
2024-04-17,838.32,2,Smart Monitor 27,Eletrônicos,Sudeste,174.84
2024-04-17,18383.48,4,Headset Pro,Eletrônicos,Centro-Oeste,3907.06
2024-04-17,8853.16,2,Headset Pro,Eletrônicos,Sudeste,2452.35
2024-04-17,2153.63,2,Teclado Mecânico,Acessórios,Centro-Oeste,444.42
2024-04-17,1964.88,1,Teclado Mecânico,Acessórios,Sudeste,205.6
2024-04-17,2966.8,2,Headset Pro,Eletrônicos,Sul,653.76
2024-04-17,12123.56,4,Smart Monitor 27,Eletrônicos,Sul,2534.58
2024-04-18,9324.27,3,Smart Monitor 27,Eletrônicos,Norte,1658.91
2024-04-18,3099.19,1,Headset Pro,Eletrônicos,Centro-Oeste,920.35
2024-04-18,2883.74,4,Teclado Mecânico,Acessórios,Sudeste,816.84
2024-04-18,5045.37,3,Headset Pro,Eletrônicos,Nordeste,1192.59
2024-04-18,4855.71,1,Mouse Wireless,Acessórios,Centro-Oeste,1000.97
2024-04-18,2163.84,1,Webcam HD,Eletrônicos,Sudeste,670.56
2024-04-19,2080.39,2,Smart Monitor 27,Eletrônicos,Sul,510.27
2024-04-19,12726.46,3,Notebook Pro X,Eletrônicos,Sudeste,2217.41
2024-04-19,4283.74,2,Mouse Wireless,Acessórios,Norte,506.3
2024-04-19,3409.73,1,Mouse Wireless,Acessórios,Nordeste,415.87
2024-04-19,13905.5,3,Smart Monitor 27,Eletrônicos,Sul,2696.64
2024-04-19,3050.47,2,Webcam HD,Eletrônicos,Nordeste,508.28
2024-04-19,1374.57,1,Mouse Wireless,Acessórios,Sul,461.14
2024-04-19,14017.86,4,Mesa Escritório,Home Office,Centro-Oeste,1680.8
2024-04-19,2364.14,4,Mesa Escritório,Home Office,Sul,634.6
2024-04-20,2428.94,1,Notebook Pro X,Eletrônicos,Nordeste,359.97
2024-04-20,16240.1,4,Mesa Escritório,Home Office,Norte,2154.29
2024-04-20,4105.74,1,Teclado Mecânico,Acessórios,Nordeste,931.78
2024-04-20,6565.6,3,Teclado Mecânico,Acessórios,Sul,1201.96
2024-04-20,7900.84,2,Notebook Pro X,Eletrônicos,Sudeste,1375.25
2024-04-20,4700.4,3,Mouse Wireless,Acessórios,Nordeste,1597.87
2024-04-20,2472.64,1,Teclado Mecânico,Acessórios,Sul,761.35
2024-04-20,2145.63,1,Teclado Mecânico,Acessórios,Nordeste,621.2
2024-04-21,1409.75,1,Mouse Wireless,Acessórios,Nordeste,238.79
2024-04-21,2057.58,1,Cadeira Gamer,Home Office,Norte,712.93
2024-04-21,7540.1,4,Cadeira Gamer,Home Office,Sudeste,1188.6
2024-04-21,18139.73,4,Cadeira Gamer,Home Office,Sudeste,5756.37
2024-04-21,11311.69,4,Headset Pro,Eletrônicos,Centro-Oeste,2034.0
2024-04-21,6992.83,4,Cadeira Gamer,Home Office,Nordeste,1874.23
2024-04-22,753.66,1,Mouse Wireless,Acessórios,Centro-Oeste,204.69
2024-04-22,17032.02,4,Cadeira Gamer,Home Office,Sul,3413.35
2024-04-22,4623.45,4,Teclado Mecânico,Acessórios,Sudeste,1616.54
2024-04-22,8242.33,3,Mesa Escritório,Home Office,Centro-Oeste,1283.69
2024-04-22,12353.43,4,Notebook Pro X,Eletrônicos,Norte,3477.82
2024-04-23,4161.6,1,Notebook Pro X,Eletrônicos,Sudeste,1043.95
2024-04-23,5555.81,4,Mesa Escritório,Home Office,Sudeste,654.2
2024-04-23,3644.49,4,Teclado Mecânico,Acessórios,Sul,731.39
2024-04-23,5293.74,4,Headset Pro,Eletrônicos,Sudeste,1288.47
2024-04-23,9857.75,4,Mesa Escritório,Home Office,Sul,3303.13
2024-04-23,14531.93,3,Teclado Mecânico,Acessórios,Centro-Oeste,4355.48
2024-04-23,8326.56,3,Mesa Escritório,Home Office,Sul,1971.37
2024-04-23,2499.56,1,Teclado Mecânico,Acessórios,Sul,319.72
2024-04-23,9993.48,2,Teclado Mecânico,Acessórios,Nordeste,1769.73
2024-04-23,5061.41,3,Notebook Pro X,Eletrônicos,Sudeste,1156.64
2024-04-24,8437.25,2,Cadeira Gamer,Home Office,Nordeste,2707.03
2024-04-24,2493.36,1,Teclado Mecânico,Acessórios,Sudeste,562.74
2024-04-24,918.06,3,Webcam HD,Eletrônicos,Nordeste,229.11
2024-04-24,3742.22,2,Smart Monitor 27,Eletrônicos,Nordeste,745.57
2024-04-24,6351.46,2,Cadeira Gamer,Home Office,Centro-Oeste,1231.63
2024-04-24,16079.84,4,Smart Monitor 27,Eletrônicos,Sul,5369.85
2024-04-24,6921.37,2,Teclado Mecânico,Acessórios,Sul,723.07
2024-04-24,16158.85,4,Mesa Escritório,Home Office,Sudeste,4494.35
2024-04-24,7613.48,2,Teclado Mecânico,Acessórios,Sudeste,971.82
2024-04-24,11699.71,4,Notebook Pro X,Eletrônicos,Sul,3989.14
2024-04-25,2266.95,4,Headset Pro,Eletrônicos,Centro-Oeste,294.36
2024-04-25,717.9,1,Cadeira Gamer,Home Office,Nordeste,142.32
2024-04-25,3657.87,2,Smart Monitor 27,Eletrônicos,Sudeste,955.92
2024-04-25,9033.34,3,Teclado Mecânico,Acessórios,Sul,2502.57
2024-04-25,4629.88,2,Teclado Mecânico,Acessórios,Sudeste,581.01
2024-04-26,7095.15,3,Cadeira Gamer,Home Office,Sul,1244.48
2024-04-26,2595.14,1,Mouse Wireless,Acessórios,Sul,872.65
2024-04-26,8678.87,2,Smart Monitor 27,Eletrônicos,Nordeste,2096.62
2024-04-26,10944.8,3,Mesa Escritório,Home Office,Centro-Oeste,3316.93
2024-04-26,7658.39,2,Headset Pro,Eletrônicos,Sul,1770.21
2024-04-26,4318.56,1,Smart Monitor 27,Eletrônicos,Sul,1318.94
2024-04-26,6610.96,4,Mesa Escritório,Home Office,Nordeste,1215.64
2024-04-26,1343.11,1,Smart Monitor 27,Eletrônicos,Centro-Oeste,426.36
2024-04-26,655.66,2,Headset Pro,Eletrônicos,Centro-Oeste,83.75
2024-04-26,238.51,2,Notebook Pro X,Eletrônicos,Centro-Oeste,53.39
2024-04-26,13353.73,3,Headset Pro,Eletrônicos,Norte,4034.1
2024-04-26,6821.59,3,Notebook Pro X,Eletrônicos,Sul,830.59
2024-04-26,840.63,3,Cadeira Gamer,Home Office,Sul,274.12
2024-04-26,6542.16,2,Webcam HD,Eletrônicos,Sudeste,2154.7
2024-04-27,8148.01,2,Cadeira Gamer,Home Office,Nordeste,1036.78
2024-04-27,428.21,2,Mesa Escritório,Home Office,Sudeste,80.87
2024-04-27,3233.81,1,Webcam HD,Eletrônicos,Sul,860.01
2024-04-27,6968.15,4,Webcam HD,Eletrônicos,Sudeste,2200.29
2024-04-27,10277.08,3,Mouse Wireless,Acessórios,Centro-Oeste,2242.47
2024-04-27,1672.32,1,Mouse Wireless,Acessórios,Norte,367.72
2024-04-27,4376.7,1,Mouse Wireless,Acessórios,Sudeste,1309.71
2024-04-27,1680.69,2,Mesa Escritório,Home Office,Sul,462.49
2024-04-28,13863.33,3,Mesa Escritório,Home Office,Nordeste,1834.28
2024-04-28,4754.78,1,Notebook Pro X,Eletrônicos,Sudeste,1433.13
2024-04-28,4467.19,1,Cadeira Gamer,Home Office,Centro-Oeste,1156.86
2024-04-28,2756.37,3,Webcam HD,Eletrônicos,Centro-Oeste,298.65
2024-04-28,4208.22,1,Mouse Wireless,Acessórios,Sudeste,1320.87
2024-04-28,2223.83,2,Notebook Pro X,Eletrônicos,Sudeste,761.56
2024-04-28,3496.69,3,Webcam HD,Eletrônicos,Sudeste,1161.6
2024-04-28,567.38,2,Smart Monitor 27,Eletrônicos,Sudeste,186.92
2024-04-28,4612.33,3,Webcam HD,Eletrônicos,Nordeste,1405.76
2024-04-28,419.44,1,Headset Pro,Eletrônicos,Norte,47.18
2024-04-29,899.4,2,Headset Pro,Eletrônicos,Norte,260.95
2024-04-29,9495.78,4,Mouse Wireless,Acessórios,Nordeste,2017.92
2024-04-29,18607.36,4,Webcam HD,Eletrônicos,Nordeste,6097.41
2024-04-29,2432.81,3,Smart Monitor 27,Eletrônicos,Nordeste,668.52
2024-04-29,3934.87,2,Cadeira Gamer,Home Office,Sul,997.21
2024-04-29,7727.25,2,Notebook Pro X,Eletrônicos,Sudeste,2387.69
2024-04-29,4932.28,1,Headset Pro,Eletrônicos,Sul,1505.73
2024-04-29,17756.27,4,Cadeira Gamer,Home Office,Sudeste,5711.24
2024-04-29,1181.66,2,Smart Monitor 27,Eletrônicos,Sul,222.28
2024-04-29,13695.86,4,Cadeira Gamer,Home Office,Sul,2349.48
2024-04-29,1860.05,1,Teclado Mecânico,Acessórios,Norte,455.91
2024-04-30,4459.5,1,Smart Monitor 27,Eletrônicos,Nordeste,1124.56
2024-04-30,2777.25,3,Smart Monitor 27,Eletrônicos,Norte,594.28
2024-04-30,1564.14,1,Teclado Mecânico,Acessórios,Sul,492.06
2024-04-30,4469.84,1,Mesa Escritório,Home Office,Nordeste,1468.12
2024-04-30,7861.11,2,Headset Pro,Eletrônicos,Norte,1484.45
2024-04-30,10528.29,3,Mouse Wireless,Acessórios,Norte,3556.23
2024-05-01,239.57,1,Smart Monitor 27,Eletrônicos,Norte,76.91
2024-05-01,3724.69,3,Smart Monitor 27,Eletrônicos,Nordeste,1215.64
2024-05-01,4277.3,2,Webcam HD,Eletrônicos,Nordeste,611.99
2024-05-01,9368.2,3,Headset Pro,Eletrônicos,Sudeste,2187.71
2024-05-01,493.55,1,Mesa Escritório,Home Office,Nordeste,158.8
2024-05-01,7687.19,3,Notebook Pro X,Eletrônicos,Nordeste,1289.87
2024-05-01,4083.23,1,Notebook Pro X,Eletrônicos,Sudeste,529.18
2024-05-02,1711.34,1,Webcam HD,Eletrônicos,Sudeste,450.72
2024-05-02,948.77,1,Teclado Mecânico,Acessórios,Nordeste,162.63
2024-05-02,18588.97,4,Headset Pro,Eletrônicos,Norte,3072.42
2024-05-02,2770.93,3,Mouse Wireless,Acessórios,Norte,358.47
2024-05-02,13550.39,3,Mesa Escritório,Home Office,Sudeste,1659.51
2024-05-02,9575.0,4,Mouse Wireless,Acessórios,Sul,3314.07
2024-05-02,3586.69,2,Notebook Pro X,Eletrônicos,Centro-Oeste,491.72
2024-05-02,3944.73,2,Headset Pro,Eletrônicos,Nordeste,980.67
2024-05-02,7754.73,4,Mouse Wireless,Acessórios,Sul,1936.77
2024-05-02,711.51,4,Smart Monitor 27,Eletrônicos,Sudeste,166.65
2024-05-02,4206.67,2,Notebook Pro X,Eletrônicos,Nordeste,637.46
2024-05-02,3295.09,1,Webcam HD,Eletrônicos,Nordeste,440.44
2024-05-02,1338.44,1,Notebook Pro X,Eletrônicos,Centro-Oeste,238.04
2024-05-03,8673.66,2,Smart Monitor 27,Eletrônicos,Sul,1937.36
2024-05-03,384.09,2,Mouse Wireless,Acessórios,Norte,131.93
2024-05-03,1043.4,1,Teclado Mecânico,Acessórios,Norte,298.71
2024-05-03,2791.83,2,Mesa Escritório,Home Office,Nordeste,369.9
2024-05-03,3369.9,3,Notebook Pro X,Eletrônicos,Sudeste,595.44
2024-05-03,4530.43,1,Cadeira Gamer,Home Office,Centro-Oeste,1365.07
2024-05-03,3154.82,1,Cadeira Gamer,Home Office,Sul,823.72
2024-05-03,18611.07,4,Mesa Escritório,Home Office,Norte,3995.15
2024-05-03,8984.76,4,Notebook Pro X,Eletrônicos,Nordeste,1589.09
2024-05-03,14918.14,3,Mouse Wireless,Acessórios,Sul,1634.68
2024-05-03,127.41,1,Teclado Mecânico,Acessórios,Nordeste,14.1
2024-05-03,17781.69,4,Headset Pro,Eletrônicos,Norte,4957.63
2024-05-03,17216.71,4,Notebook Pro X,Eletrônicos,Sul,4892.77
2024-05-03,2957.19,1,Teclado Mecânico,Acessórios,Sul,987.61
2024-05-04,8423.39,2,Mouse Wireless,Acessórios,Sudeste,2758.07
2024-05-04,2634.71,1,Mesa Escritório,Home Office,Centro-Oeste,312.47
2024-05-04,8609.75,3,Teclado Mecânico,Acessórios,Norte,1396.27
2024-05-04,6878.38,3,Webcam HD,Eletrônicos,Nordeste,1826.51
2024-05-04,711.41,2,Headset Pro,Eletrônicos,Sudeste,72.96
2024-05-04,2620.17,1,Headset Pro,Eletrônicos,Sul,785.07
2024-05-05,1682.18,2,Smart Monitor 27,Eletrônicos,Norte,175.9
2024-05-05,4798.29,3,Mouse Wireless,Acessórios,Centro-Oeste,632.68
2024-05-05,3537.88,4,Notebook Pro X,Eletrônicos,Norte,693.53
2024-05-05,4652.41,3,Mouse Wireless,Acessórios,Nordeste,1118.46
2024-05-05,14206.35,4,Webcam HD,Eletrônicos,Centro-Oeste,3950.05
2024-05-05,4366.97,1,Mouse Wireless,Acessórios,Sul,1386.63
2024-05-05,13331.0,4,Teclado Mecânico,Acessórios,Centro-Oeste,2094.42
2024-05-05,4109.24,1,Webcam HD,Eletrônicos,Sudeste,416.73
2024-05-05,7381.13,2,Mesa Escritório,Home Office,Nordeste,1821.99
2024-05-05,4372.95,1,Mouse Wireless,Acessórios,Sul,683.32
2024-05-05,6796.98,2,Cadeira Gamer,Home Office,Sul,2374.19
2024-05-05,967.96,1,Smart Monitor 27,Eletrônicos,Nordeste,184.79
2024-05-05,10108.11,3,Teclado Mecânico,Acessórios,Sul,3274.66
2024-05-05,1324.91,2,Headset Pro,Eletrônicos,Sudeste,372.95
2024-05-06,14165.05,4,Mesa Escritório,Home Office,Centro-Oeste,4840.73
2024-05-06,14130.69,3,Headset Pro,Eletrônicos,Nordeste,2098.15
2024-05-06,11346.07,4,Notebook Pro X,Eletrônicos,Sudeste,3450.49
2024-05-06,2891.55,1,Headset Pro,Eletrônicos,Centro-Oeste,449.34
2024-05-06,11580.98,4,Headset Pro,Eletrônicos,Centro-Oeste,1425.68
2024-05-06,13271.77,4,Mouse Wireless,Acessórios,Centro-Oeste,2774.96
2024-05-06,3070.77,3,Webcam HD,Eletrônicos,Sul,925.8
2024-05-06,5293.8,3,Notebook Pro X,Eletrônicos,Sudeste,1768.07
2024-05-06,13198.94,3,Cadeira Gamer,Home Office,Sul,1976.6
2024-05-06,8051.86,2,Cadeira Gamer,Home Office,Sudeste,2358.53
2024-05-06,8423.1,2,Notebook Pro X,Eletrônicos,Norte,2399.96
2024-05-06,8953.73,3,Cadeira Gamer,Home Office,Sudeste,2637.76
2024-05-07,946.02,1,Notebook Pro X,Eletrônicos,Sul,97.51
2024-05-07,8919.93,4,Mesa Escritório,Home Office,Sudeste,1842.95
2024-05-07,4912.0,1,Smart Monitor 27,Eletrônicos,Nordeste,568.6
2024-05-07,999.14,4,Teclado Mecânico,Acessórios,Sudeste,342.18
2024-05-07,4870.28,1,Headset Pro,Eletrônicos,Norte,837.61
2024-05-07,10825.06,4,Mesa Escritório,Home Office,Sul,3664.64
2024-05-08,11916.59,3,Notebook Pro X,Eletrônicos,Sul,2405.16
2024-05-08,3696.6,2,Mouse Wireless,Acessórios,Centro-Oeste,1101.79
2024-05-08,12678.41,4,Mouse Wireless,Acessórios,Sudeste,3892.06
2024-05-08,8129.21,2,Smart Monitor 27,Eletrônicos,Sudeste,2720.16
2024-05-08,19778.04,4,Headset Pro,Eletrônicos,Sul,4954.34
2024-05-08,808.57,4,Cadeira Gamer,Home Office,Norte,207.95
2024-05-08,7220.42,2,Webcam HD,Eletrônicos,Sul,1542.3
2024-05-08,1726.34,1,Notebook Pro X,Eletrônicos,Centro-Oeste,442.13
2024-05-09,14070.58,3,Webcam HD,Eletrônicos,Nordeste,4232.16
2024-05-09,4342.05,3,Smart Monitor 27,Eletrônicos,Norte,584.49
2024-05-09,10015.95,4,Smart Monitor 27,Eletrônicos,Centro-Oeste,1544.18
2024-05-09,2409.39,1,Mouse Wireless,Acessórios,Sul,312.54
2024-05-09,644.38,1,Teclado Mecânico,Acessórios,Sul,103.72
2024-05-09,9062.5,4,Headset Pro,Eletrônicos,Sudeste,2366.48
2024-05-09,10217.71,3,Mouse Wireless,Acessórios,Centro-Oeste,1163.9
2024-05-09,1660.74,4,Smart Monitor 27,Eletrônicos,Centro-Oeste,496.44
2024-05-09,1549.49,1,Notebook Pro X,Eletrônicos,Nordeste,180.91
2024-05-09,11389.95,4,Webcam HD,Eletrônicos,Norte,3467.89
2024-05-09,1256.18,3,Mouse Wireless,Acessórios,Centro-Oeste,431.77
2024-05-09,570.18,1,Webcam HD,Eletrônicos,Centro-Oeste,114.32
2024-05-09,11418.08,3,Notebook Pro X,Eletrônicos,Sul,3368.22
2024-05-10,6619.28,3,Mouse Wireless,Acessórios,Sudeste,680.18
2024-05-10,17188.81,4,Headset Pro,Eletrônicos,Centro-Oeste,4820.88
2024-05-10,4606.06,1,Smart Monitor 27,Eletrônicos,Centro-Oeste,1514.16
2024-05-10,2650.0,4,Smart Monitor 27,Eletrônicos,Sudeste,296.8
2024-05-10,3896.89,3,Notebook Pro X,Eletrônicos,Sul,1210.23
2024-05-10,3462.62,1,Mesa Escritório,Home Office,Nordeste,621.64
2024-05-10,9798.32,2,Webcam HD,Eletrônicos,Norte,1704.97
2024-05-10,4614.32,2,Teclado Mecânico,Acessórios,Centro-Oeste,834.65
2024-05-10,7148.31,3,Webcam HD,Eletrônicos,Centro-Oeste,1141.43
2024-05-10,11227.67,3,Mouse Wireless,Acessórios,Sul,3412.04
2024-05-11,6768.09,3,Mouse Wireless,Acessórios,Norte,1318.59
2024-05-11,3981.89,1,Webcam HD,Eletrônicos,Centro-Oeste,812.38
2024-05-11,13388.86,3,Headset Pro,Eletrônicos,Centro-Oeste,4404.57
2024-05-11,2927.17,4,Headset Pro,Eletrônicos,Centro-Oeste,468.06
2024-05-11,3781.72,1,Headset Pro,Eletrônicos,Norte,728.04
2024-05-11,1736.98,1,Mouse Wireless,Acessórios,Centro-Oeste,292.01
2024-05-11,3068.27,4,Cadeira Gamer,Home Office,Sul,426.78
2024-05-11,2978.79,4,Notebook Pro X,Eletrônicos,Sul,334.59
2024-05-11,12712.17,3,Mesa Escritório,Home Office,Nordeste,3956.39
2024-05-11,6848.94,2,Mesa Escritório,Home Office,Norte,2318.39
2024-05-11,7458.58,4,Cadeira Gamer,Home Office,Sudeste,830.63
2024-05-11,4251.07,1,Cadeira Gamer,Home Office,Sudeste,754.31
2024-05-12,8357.36,3,Cadeira Gamer,Home Office,Norte,1782.24
2024-05-12,6505.68,3,Cadeira Gamer,Home Office,Sul,1656.8
2024-05-12,3783.81,1,Notebook Pro X,Eletrônicos,Centro-Oeste,468.23
2024-05-12,8757.79,2,Notebook Pro X,Eletrônicos,Sudeste,1692.16
2024-05-12,2624.55,3,Webcam HD,Eletrônicos,Nordeste,827.13
2024-05-12,477.58,2,Mouse Wireless,Acessórios,Sul,130.77
2024-05-12,1447.7,1,Notebook Pro X,Eletrônicos,Nordeste,196.1
2024-05-12,2424.55,4,Smart Monitor 27,Eletrônicos,Norte,589.69
2024-05-13,2202.58,1,Headset Pro,Eletrônicos,Sul,753.17
2024-05-13,2875.8,3,Teclado Mecânico,Acessórios,Norte,844.57
2024-05-13,1068.28,4,Smart Monitor 27,Eletrônicos,Nordeste,289.72
2024-05-13,14412.19,3,Notebook Pro X,Eletrônicos,Nordeste,1577.36
2024-05-13,1010.26,4,Headset Pro,Eletrônicos,Sudeste,345.36
2024-05-13,6423.57,4,Smart Monitor 27,Eletrônicos,Norte,2149.63
2024-05-13,2750.77,1,Smart Monitor 27,Eletrônicos,Centro-Oeste,888.73
2024-05-13,3862.25,3,Notebook Pro X,Eletrônicos,Norte,1133.26
2024-05-13,1865.72,3,Webcam HD,Eletrônicos,Centro-Oeste,245.97
2024-05-13,8724.16,2,Cadeira Gamer,Home Office,Centro-Oeste,1851.61
2024-05-14,4803.19,1,Mouse Wireless,Acessórios,Centro-Oeste,875.55
2024-05-14,3604.03,3,Notebook Pro X,Eletrônicos,Norte,1148.05
2024-05-14,3159.02,1,Mesa Escritório,Home Office,Centro-Oeste,373.3
2024-05-14,13676.34,3,Webcam HD,Eletrônicos,Centro-Oeste,4498.12
2024-05-14,4122.15,2,Teclado Mecânico,Acessórios,Centro-Oeste,1006.75
2024-05-14,12156.47,3,Notebook Pro X,Eletrônicos,Centro-Oeste,2116.77
2024-05-14,792.38,2,Headset Pro,Eletrônicos,Sudeste,227.63
2024-05-15,4013.15,3,Headset Pro,Eletrônicos,Sul,1362.17
2024-05-15,15237.43,4,Mesa Escritório,Home Office,Norte,3595.63
2024-05-15,1017.68,3,Smart Monitor 27,Eletrônicos,Centro-Oeste,176.18
2024-05-15,17081.4,4,Notebook Pro X,Eletrônicos,Nordeste,4087.66
2024-05-15,2128.54,2,Mouse Wireless,Acessórios,Norte,554.79
2024-05-15,12712.76,3,Headset Pro,Eletrônicos,Norte,2711.95
2024-05-15,9273.05,3,Mesa Escritório,Home Office,Nordeste,2621.2
2024-05-15,4917.88,1,Teclado Mecânico,Acessórios,Nordeste,1485.77
2024-05-15,630.11,1,Notebook Pro X,Eletrônicos,Sudeste,163.97
2024-05-15,9860.37,3,Cadeira Gamer,Home Office,Nordeste,2852.1
2024-05-16,5196.77,2,Webcam HD,Eletrônicos,Centro-Oeste,1573.09
2024-05-16,1208.89,1,Teclado Mecânico,Acessórios,Sul,126.13
2024-05-16,9532.55,2,Notebook Pro X,Eletrônicos,Sudeste,2843.07
2024-05-16,1428.74,2,Mouse Wireless,Acessórios,Sul,210.59
2024-05-16,2198.88,1,Smart Monitor 27,Eletrônicos,Centro-Oeste,402.06
2024-05-16,5702.94,2,Teclado Mecânico,Acessórios,Sul,1478.43
2024-05-16,4745.05,2,Smart Monitor 27,Eletrônicos,Norte,966.9
2024-05-16,3914.7,3,Mouse Wireless,Acessórios,Centro-Oeste,858.02
2024-05-16,13167.34,3,Cadeira Gamer,Home Office,Centro-Oeste,1940.06
2024-05-16,4524.21,2,Mesa Escritório,Home Office,Nordeste,1211.48
2024-05-16,5892.96,2,Cadeira Gamer,Home Office,Centro-Oeste,1510.94
2024-05-16,5395.61,3,Notebook Pro X,Eletrônicos,Norte,811.38
2024-05-16,4547.04,3,Headset Pro,Eletrônicos,Nordeste,1167.95
2024-05-17,3099.53,1,Notebook Pro X,Eletrônicos,Centro-Oeste,735.56
2024-05-17,3207.53,1,Headset Pro,Eletrônicos,Norte,940.24
2024-05-17,8520.89,2,Smart Monitor 27,Eletrônicos,Norte,2165.33
2024-05-17,5375.54,3,Teclado Mecânico,Acessórios,Nordeste,994.33
2024-05-17,3739.38,1,Smart Monitor 27,Eletrônicos,Sudeste,990.37
2024-05-17,681.5,1,Mesa Escritório,Home Office,Nordeste,73.09
2024-05-17,8012.95,2,Headset Pro,Eletrônicos,Norte,1405.83
2024-05-17,6069.94,4,Smart Monitor 27,Eletrônicos,Centro-Oeste,1896.36
2024-05-17,6570.33,3,Teclado Mecânico,Acessórios,Nordeste,962.48
2024-05-18,7283.07,2,Smart Monitor 27,Eletrônicos,Sul,1215.38
2024-05-18,13465.07,3,Headset Pro,Eletrônicos,Norte,2142.54
2024-05-18,4835.74,2,Webcam HD,Eletrônicos,Centro-Oeste,1453.22
2024-05-18,8405.81,2,Notebook Pro X,Eletrônicos,Nordeste,2684.9
2024-05-18,6971.64,3,Webcam HD,Eletrônicos,Norte,1734.14
2024-05-18,5212.69,3,Teclado Mecânico,Acessórios,Sul,1196.27
2024-05-18,5679.4,4,Mouse Wireless,Acessórios,Sudeste,1972.28
2024-05-18,1113.82,1,Mouse Wireless,Acessórios,Nordeste,332.93
2024-05-19,6628.11,4,Mesa Escritório,Home Office,Centro-Oeste,1047.55
2024-05-19,658.85,1,Mesa Escritório,Home Office,Nordeste,123.15
2024-05-19,548.93,2,Mesa Escritório,Home Office,Nordeste,165.3
2024-05-19,8551.92,2,Mesa Escritório,Home Office,Centro-Oeste,2140.9
2024-05-19,4631.39,2,Webcam HD,Eletrônicos,Nordeste,1359.95
2024-05-19,2421.54,1,Webcam HD,Eletrônicos,Norte,634.74
2024-05-19,9583.77,2,Smart Monitor 27,Eletrônicos,Centro-Oeste,2824.19
2024-05-19,1333.16,1,Headset Pro,Eletrônicos,Nordeste,276.48
2024-05-19,4624.08,1,Teclado Mecânico,Acessórios,Sudeste,546.7
2024-05-19,6042.15,2,Mesa Escritório,Home Office,Norte,1049.01
2024-05-20,11805.03,3,Headset Pro,Eletrônicos,Sul,3655.24
2024-05-20,3892.83,2,Teclado Mecânico,Acessórios,Centro-Oeste,1000.64
2024-05-20,3923.86,3,Mouse Wireless,Acessórios,Centro-Oeste,1180.19
2024-05-20,12435.01,4,Headset Pro,Eletrônicos,Sudeste,3919.69
2024-05-20,2288.34,1,Mouse Wireless,Acessórios,Centro-Oeste,387.14
2024-05-20,3777.5,2,Cadeira Gamer,Home Office,Sul,1208.25
2024-05-21,16815.38,4,Cadeira Gamer,Home Office,Nordeste,2453.21
2024-05-21,1144.76,4,Mesa Escritório,Home Office,Centro-Oeste,287.77
2024-05-21,12200.93,3,Teclado Mecânico,Acessórios,Centro-Oeste,2908.84
2024-05-21,4462.54,1,Mesa Escritório,Home Office,Centro-Oeste,1059.84
2024-05-21,4486.36,2,Webcam HD,Eletrônicos,Sudeste,1371.81
2024-05-21,3543.97,1,Mouse Wireless,Acessórios,Sul,898.43
2024-05-21,1556.47,4,Headset Pro,Eletrônicos,Sudeste,508.23
2024-05-21,1243.64,1,Smart Monitor 27,Eletrônicos,Norte,417.01
2024-05-21,4830.46,1,Webcam HD,Eletrônicos,Sudeste,1511.95
2024-05-21,16191.42,4,Cadeira Gamer,Home Office,Centro-Oeste,2273.34
2024-05-21,18512.01,4,Webcam HD,Eletrônicos,Norte,6337.92
2024-05-21,15933.03,4,Cadeira Gamer,Home Office,Nordeste,2112.93
2024-05-22,17494.08,4,Notebook Pro X,Eletrônicos,Sudeste,5518.57
2024-05-22,2948.56,1,Mesa Escritório,Home Office,Nordeste,554.2
2024-05-22,14478.15,4,Mesa Escritório,Home Office,Centro-Oeste,2406.15
2024-05-22,9917.66,2,Webcam HD,Eletrônicos,Sudeste,3429.57
2024-05-22,2509.39,1,Webcam HD,Eletrônicos,Sudeste,331.08
2024-05-22,6888.29,2,Cadeira Gamer,Home Office,Centro-Oeste,863.75
2024-05-22,1721.72,1,Smart Monitor 27,Eletrônicos,Centro-Oeste,244.9
2024-05-22,2119.22,2,Notebook Pro X,Eletrônicos,Sudeste,469.01
2024-05-22,5874.42,3,Webcam HD,Eletrônicos,Sudeste,1271.25
2024-05-23,11185.79,4,Mouse Wireless,Acessórios,Sul,1877.17
2024-05-23,4899.91,4,Cadeira Gamer,Home Office,Nordeste,705.35
2024-05-23,1139.41,1,Smart Monitor 27,Eletrônicos,Nordeste,248.7
2024-05-23,12260.79,4,Notebook Pro X,Eletrônicos,Norte,3123.89
2024-05-23,1735.2,1,Mesa Escritório,Home Office,Nordeste,603.87
2024-05-24,1078.7,3,Cadeira Gamer,Home Office,Sul,338.61
2024-05-24,753.64,1,Webcam HD,Eletrônicos,Norte,241.15
2024-05-24,1050.21,4,Teclado Mecânico,Acessórios,Sudeste,132.46
2024-05-24,144.64,1,Mouse Wireless,Acessórios,Norte,42.52
2024-05-24,11744.73,3,Webcam HD,Eletrônicos,Sudeste,3453.36
2024-05-24,138.25,1,Mouse Wireless,Acessórios,Centro-Oeste,37.8
2024-05-24,3282.55,2,Mouse Wireless,Acessórios,Sul,788.72
2024-05-24,4702.16,3,Webcam HD,Eletrônicos,Norte,1634.28
2024-05-24,2114.11,1,Notebook Pro X,Eletrônicos,Sudeste,614.88
2024-05-24,11184.66,3,Mesa Escritório,Home Office,Centro-Oeste,2366.89
2024-05-24,293.01,1,Smart Monitor 27,Eletrônicos,Nordeste,55.91
2024-05-24,6554.06,2,Headset Pro,Eletrônicos,Centro-Oeste,1589.07
2024-05-24,961.19,2,Smart Monitor 27,Eletrônicos,Centro-Oeste,319.6
2024-05-24,1201.39,4,Teclado Mecânico,Acessórios,Nordeste,143.58
2024-05-25,9141.63,3,Mesa Escritório,Home Office,Nordeste,2449.14
2024-05-25,9802.53,3,Headset Pro,Eletrônicos,Sul,1509.55
2024-05-25,3444.67,3,Smart Monitor 27,Eletrônicos,Sudeste,704.31
2024-05-25,3444.27,3,Webcam HD,Eletrônicos,Sul,859.25
2024-05-25,3065.97,2,Webcam HD,Eletrônicos,Norte,368.98
2024-05-26,2194.51,1,Cadeira Gamer,Home Office,Norte,444.57
2024-05-26,4457.27,1,Mouse Wireless,Acessórios,Sul,679.54
2024-05-26,17868.1,4,Mesa Escritório,Home Office,Sul,3980.42
2024-05-26,4423.02,2,Mouse Wireless,Acessórios,Sul,1497.6
2024-05-26,4726.7,1,Smart Monitor 27,Eletrônicos,Norte,1169.27
2024-05-26,4548.39,3,Notebook Pro X,Eletrônicos,Norte,987.61
2024-05-26,5770.22,4,Mouse Wireless,Acessórios,Sul,1305.68
2024-05-27,3778.96,4,Cadeira Gamer,Home Office,Sul,1057.79
2024-05-27,16475.01,4,Smart Monitor 27,Eletrônicos,Sudeste,5271.17
2024-05-27,3276.02,2,Mesa Escritório,Home Office,Centro-Oeste,887.97
2024-05-27,482.11,3,Teclado Mecânico,Acessórios,Nordeste,96.35
2024-05-27,281.39,2,Headset Pro,Eletrônicos,Nordeste,96.38
2024-05-27,4833.88,1,Smart Monitor 27,Eletrônicos,Norte,1553.01
2024-05-27,5956.19,2,Webcam HD,Eletrônicos,Sudeste,894.88
2024-05-27,5742.85,4,Mouse Wireless,Acessórios,Centro-Oeste,1404.57
2024-05-27,13707.35,3,Teclado Mecânico,Acessórios,Sudeste,2037.7
2024-05-27,1822.98,3,Headset Pro,Eletrônicos,Norte,240.9
2024-05-27,9574.33,2,Notebook Pro X,Eletrônicos,Norte,1777.47
2024-05-27,16684.41,4,Headset Pro,Eletrônicos,Sul,3373.65
2024-05-27,7973.65,2,Mouse Wireless,Acessórios,Nordeste,1096.68
2024-05-28,6742.12,4,Smart Monitor 27,Eletrônicos,Sudeste,1249.32
2024-05-28,4337.1,1,Notebook Pro X,Eletrônicos,Norte,506.43
2024-05-28,864.0,1,Mouse Wireless,Acessórios,Nordeste,257.03
2024-05-28,353.74,1,Notebook Pro X,Eletrônicos,Norte,116.39
2024-05-28,12867.41,3,Teclado Mecânico,Acessórios,Nordeste,2099.57
2024-05-28,9559.28,2,Cadeira Gamer,Home Office,Sudeste,2142.97
2024-05-28,8149.33,2,Teclado Mecânico,Acessórios,Norte,2391.09
2024-05-28,2438.66,1,Cadeira Gamer,Home Office,Norte,721.4
2024-05-28,5258.74,3,Cadeira Gamer,Home Office,Sul,1358.21
2024-05-28,1444.0,3,Cadeira Gamer,Home Office,Sul,323.96
2024-05-28,8339.72,2,Smart Monitor 27,Eletrônicos,Centro-Oeste,1575.06
2024-05-28,3848.51,1,Headset Pro,Eletrônicos,Centro-Oeste,1303.16
2024-05-28,2043.38,1,Notebook Pro X,Eletrônicos,Sudeste,393.35
2024-05-29,18270.38,4,Teclado Mecânico,Acessórios,Norte,5256.98
2024-05-29,8671.25,2,Cadeira Gamer,Home Office,Sul,2370.01
2024-05-29,4514.25,1,Cadeira Gamer,Home Office,Centro-Oeste,804.6
2024-05-29,1097.04,2,Smart Monitor 27,Eletrônicos,Nordeste,180.94
2024-05-29,4669.83,2,Cadeira Gamer,Home Office,Nordeste,707.05
2024-05-30,2311.55,1,Mouse Wireless,Acessórios,Sul,785.07
2024-05-30,11004.93,4,Notebook Pro X,Eletrônicos,Sudeste,3743.71
2024-05-30,3350.95,1,Cadeira Gamer,Home Office,Norte,1064.99
2024-05-30,5913.12,3,Teclado Mecânico,Acessórios,Centro-Oeste,1456.82
2024-05-30,3462.72,4,Cadeira Gamer,Home Office,Centro-Oeste,809.87
2024-05-31,14977.24,4,Mesa Escritório,Home Office,Nordeste,3474.94
2024-05-31,1588.88,1,Cadeira Gamer,Home Office,Nordeste,373.6
2024-05-31,1354.14,3,Notebook Pro X,Eletrônicos,Sudeste,150.16
2024-05-31,3458.82,1,Smart Monitor 27,Eletrônicos,Norte,449.99
2024-05-31,13236.58,4,Teclado Mecânico,Acessórios,Sul,4236.06
2024-05-31,8091.02,4,Webcam HD,Eletrônicos,Sudeste,1619.72
2024-06-01,319.33,3,Smart Monitor 27,Eletrônicos,Nordeste,100.04
2024-06-01,3926.77,1,Headset Pro,Eletrônicos,Centro-Oeste,752.63
2024-06-01,3534.75,1,Mouse Wireless,Acessórios,Sudeste,1180.33
2024-06-01,9532.95,4,Webcam HD,Eletrônicos,Centro-Oeste,2571.6
2024-06-01,2267.39,1,Teclado Mecânico,Acessórios,Sul,542.14
2024-06-02,8616.0,2,Webcam HD,Eletrônicos,Sul,2265.58
2024-06-02,1021.09,3,Mesa Escritório,Home Office,Centro-Oeste,328.42
2024-06-02,352.98,2,Webcam HD,Eletrônicos,Sudeste,63.39
2024-06-02,7405.31,3,Teclado Mecânico,Acessórios,Sul,1354.6
2024-06-02,3178.23,2,Teclado Mecânico,Acessórios,Sul,528.56
2024-06-02,12442.44,4,Webcam HD,Eletrônicos,Sudeste,4084.99
2024-06-02,3119.84,1,Smart Monitor 27,Eletrônicos,Centro-Oeste,433.0
2024-06-02,10354.1,4,Notebook Pro X,Eletrônicos,Norte,3619.55
2024-06-02,6470.28,3,Notebook Pro X,Eletrônicos,Norte,1392.81
2024-06-02,15721.76,4,Mesa Escritório,Home Office,Nordeste,1632.76
2024-06-02,3976.9,1,Headset Pro,Eletrônicos,Norte,954.22
2024-06-03,1041.25,2,Webcam HD,Eletrônicos,Sul,294.13
2024-06-03,3031.1,2,Headset Pro,Eletrônicos,Nordeste,433.61
2024-06-03,4007.35,1,Teclado Mecânico,Acessórios,Centro-Oeste,1045.39
2024-06-03,4650.27,3,Teclado Mecânico,Acessórios,Norte,749.63
2024-06-03,3617.26,2,Headset Pro,Eletrônicos,Nordeste,657.17
2024-06-03,12265.85,4,Mesa Escritório,Home Office,Sudeste,3389.98
2024-06-03,3268.49,3,Teclado Mecânico,Acessórios,Centro-Oeste,1028.9
2024-06-03,3439.42,1,Smart Monitor 27,Eletrônicos,Norte,644.42
2024-06-04,5802.74,3,Webcam HD,Eletrônicos,Sul,974.98
2024-06-04,11993.19,3,Mouse Wireless,Acessórios,Centro-Oeste,2362.62
2024-06-04,2353.55,2,Cadeira Gamer,Home Office,Norte,273.47
2024-06-04,896.62,4,Webcam HD,Eletrônicos,Centro-Oeste,217.51
2024-06-04,828.53,2,Mouse Wireless,Acessórios,Centro-Oeste,129.72
2024-06-04,1684.79,1,Cadeira Gamer,Home Office,Nordeste,385.92
2024-06-04,3491.96,2,Cadeira Gamer,Home Office,Sudeste,466.38
2024-06-04,13774.41,3,Notebook Pro X,Eletrônicos,Sudeste,2407.53
2024-06-04,2756.27,1,Smart Monitor 27,Eletrônicos,Norte,803.11
2024-06-04,14472.4,4,Headset Pro,Eletrônicos,Nordeste,2572.51
2024-06-04,4061.43,4,Notebook Pro X,Eletrônicos,Centro-Oeste,1071.11
2024-06-04,9382.7,2,Teclado Mecânico,Acessórios,Sudeste,1465.67
2024-06-04,14361.27,3,Cadeira Gamer,Home Office,Nordeste,2159.38
2024-06-05,3349.25,2,Smart Monitor 27,Eletrônicos,Centro-Oeste,1163.5
2024-06-05,1555.27,1,Headset Pro,Eletrônicos,Nordeste,295.66
2024-06-05,6659.84,3,Webcam HD,Eletrônicos,Norte,1445.33
2024-06-05,8749.65,2,Cadeira Gamer,Home Office,Sudeste,2260.26
2024-06-05,367.24,1,Headset Pro,Eletrônicos,Nordeste,114.05
2024-06-05,13474.54,3,Mouse Wireless,Acessórios,Nordeste,2265.65
2024-06-05,2999.18,1,Notebook Pro X,Eletrônicos,Nordeste,309.41
2024-06-06,3765.57,3,Mesa Escritório,Home Office,Nordeste,688.03
2024-06-06,3301.03,1,Teclado Mecânico,Acessórios,Norte,374.42
2024-06-06,8312.11,4,Mouse Wireless,Acessórios,Nordeste,1654.57
2024-06-06,3342.65,1,Mouse Wireless,Acessórios,Norte,936.89
2024-06-06,1027.43,3,Mouse Wireless,Acessórios,Sudeste,331.15
2024-06-06,6564.43,3,Webcam HD,Eletrônicos,Centro-Oeste,2208.67
2024-06-06,6206.89,4,Webcam HD,Eletrônicos,Sudeste,1264.88
2024-06-06,3067.29,1,Webcam HD,Eletrônicos,Nordeste,828.07
2024-06-06,784.79,4,Mesa Escritório,Home Office,Nordeste,222.4
2024-06-07,1518.09,1,Teclado Mecânico,Acessórios,Sudeste,403.21
2024-06-07,4746.28,3,Teclado Mecânico,Acessórios,Sul,1228.09
2024-06-07,3223.22,1,Webcam HD,Eletrônicos,Nordeste,1032.5
2024-06-07,7608.09,2,Webcam HD,Eletrônicos,Nordeste,1488.34
2024-06-07,10269.28,3,Notebook Pro X,Eletrônicos,Sul,3343.15
2024-06-07,13470.59,4,Smart Monitor 27,Eletrônicos,Sul,4377.53
2024-06-07,783.36,2,Notebook Pro X,Eletrônicos,Nordeste,192.22
2024-06-07,6663.4,2,Cadeira Gamer,Home Office,Centro-Oeste,1578.61
2024-06-07,2550.59,4,Mouse Wireless,Acessórios,Sudeste,332.69
2024-06-07,2678.07,3,Headset Pro,Eletrônicos,Norte,515.07
2024-06-07,2754.04,1,Cadeira Gamer,Home Office,Sul,542.44
2024-06-07,885.69,1,Smart Monitor 27,Eletrônicos,Nordeste,107.49
2024-06-07,11421.93,3,Webcam HD,Eletrônicos,Norte,3490.61
2024-06-08,4174.52,3,Headset Pro,Eletrônicos,Sul,635.08
2024-06-08,10861.89,4,Mouse Wireless,Acessórios,Nordeste,2897.37
2024-06-08,4419.19,1,Webcam HD,Eletrônicos,Norte,1147.55
2024-06-08,539.57,1,Webcam HD,Eletrônicos,Nordeste,138.34
2024-06-08,508.28,2,Mesa Escritório,Home Office,Sudeste,139.2
2024-06-08,15595.84,4,Smart Monitor 27,Eletrônicos,Centro-Oeste,4685.22
2024-06-08,1459.14,1,Teclado Mecânico,Acessórios,Sul,319.51
2024-06-09,8013.17,4,Webcam HD,Eletrônicos,Norte,2445.37
2024-06-09,10794.52,4,Smart Monitor 27,Eletrônicos,Sul,2695.48
2024-06-09,17378.18,4,Headset Pro,Eletrônicos,Nordeste,5606.3
2024-06-09,2860.48,3,Webcam HD,Eletrônicos,Nordeste,357.91
2024-06-09,2931.33,2,Notebook Pro X,Eletrônicos,Sul,959.54
2024-06-09,2657.91,1,Mesa Escritório,Home Office,Norte,814.93
2024-06-09,862.81,1,Headset Pro,Eletrônicos,Sudeste,222.27
2024-06-09,13000.53,4,Cadeira Gamer,Home Office,Centro-Oeste,3136.78
2024-06-09,4353.41,4,Notebook Pro X,Eletrônicos,Centro-Oeste,772.48
2024-06-09,591.86,2,Notebook Pro X,Eletrônicos,Norte,130.07
2024-06-10,486.36,1,Smart Monitor 27,Eletrônicos,Norte,83.52
2024-06-10,482.81,2,Mouse Wireless,Acessórios,Centro-Oeste,56.03
2024-06-10,2274.71,4,Smart Monitor 27,Eletrônicos,Sul,321.22
2024-06-10,7274.71,2,Webcam HD,Eletrônicos,Sudeste,2201.81
2024-06-10,10805.97,3,Smart Monitor 27,Eletrônicos,Norte,2614.61
2024-06-10,6847.84,2,Headset Pro,Eletrônicos,Norte,1992.72
2024-06-10,354.99,1,Teclado Mecânico,Acessórios,Nordeste,56.88
2024-06-10,911.54,1,Mouse Wireless,Acessórios,Centro-Oeste,137.66
2024-06-10,17164.04,4,Webcam HD,Eletrônicos,Norte,4217.86
2024-06-11,4490.96,3,Teclado Mecânico,Acessórios,Norte,960.0
2024-06-11,12793.11,3,Mouse Wireless,Acessórios,Centro-Oeste,3981.66
2024-06-11,138.44,1,Headset Pro,Eletrônicos,Nordeste,32.51
2024-06-11,8266.42,4,Mouse Wireless,Acessórios,Sudeste,2312.25
2024-06-11,10132.83,3,Notebook Pro X,Eletrônicos,Norte,2672.6
2024-06-11,4665.74,1,Mouse Wireless,Acessórios,Centro-Oeste,591.96
2024-06-11,11449.16,3,Mesa Escritório,Home Office,Centro-Oeste,2064.44
2024-06-11,1170.27,1,Headset Pro,Eletrônicos,Centro-Oeste,293.43
2024-06-11,8868.18,3,Notebook Pro X,Eletrônicos,Sul,1001.36
2024-06-11,6666.17,2,Webcam HD,Eletrônicos,Sudeste,1868.54
2024-06-11,15360.84,4,Webcam HD,Eletrônicos,Sul,4398.83
2024-06-11,2383.29,2,Smart Monitor 27,Eletrônicos,Nordeste,314.63
2024-06-11,6142.57,3,Smart Monitor 27,Eletrônicos,Sul,937.39
2024-06-12,16982.9,4,Teclado Mecânico,Acessórios,Nordeste,4321.36
2024-06-12,10336.53,3,Webcam HD,Eletrônicos,Nordeste,2137.6
2024-06-12,3645.88,3,Mouse Wireless,Acessórios,Sul,1264.49
2024-06-12,16354.09,4,Notebook Pro X,Eletrônicos,Centro-Oeste,4587.96
2024-06-12,1328.21,1,Mesa Escritório,Home Office,Nordeste,179.22
2024-06-13,2984.53,2,Cadeira Gamer,Home Office,Norte,845.31
2024-06-13,5474.22,4,Mouse Wireless,Acessórios,Norte,1580.03
2024-06-13,2179.77,2,Webcam HD,Eletrônicos,Centro-Oeste,649.55
2024-06-13,2960.3,3,Mesa Escritório,Home Office,Nordeste,886.06
2024-06-13,9265.44,3,Webcam HD,Eletrônicos,Sudeste,1868.66
2024-06-13,2763.93,3,Teclado Mecânico,Acessórios,Sul,733.75
2024-06-13,1658.59,3,Headset Pro,Eletrônicos,Centro-Oeste,545.66
2024-06-13,1362.97,3,Teclado Mecânico,Acessórios,Sul,389.73
2024-06-13,1525.65,3,Mouse Wireless,Acessórios,Sul,471.92
2024-06-13,514.91,1,Headset Pro,Eletrônicos,Norte,167.83
2024-06-13,1018.99,4,Smart Monitor 27,Eletrônicos,Nordeste,231.15
2024-06-13,4076.12,1,Notebook Pro X,Eletrônicos,Norte,1251.92
2024-06-14,2337.15,2,Smart Monitor 27,Eletrônicos,Centro-Oeste,462.37
2024-06-14,9538.88,3,Webcam HD,Eletrônicos,Nordeste,1365.63
2024-06-14,13983.4,3,Headset Pro,Eletrônicos,Nordeste,3391.42
2024-06-14,8953.06,3,Teclado Mecânico,Acessórios,Norte,2961.62
2024-06-14,382.83,3,Cadeira Gamer,Home Office,Norte,41.14
2024-06-14,4981.89,2,Webcam HD,Eletrônicos,Norte,730.55
2024-06-14,2771.67,1,Notebook Pro X,Eletrônicos,Centro-Oeste,634.97
2024-06-14,15100.3,4,Smart Monitor 27,Eletrônicos,Sudeste,2172.99
2024-06-14,642.46,1,Teclado Mecânico,Acessórios,Norte,194.64
2024-06-14,948.7,1,Teclado Mecânico,Acessórios,Norte,107.77
2024-06-14,3987.23,1,Notebook Pro X,Eletrônicos,Sul,1067.56
2024-06-14,8770.85,2,Mesa Escritório,Home Office,Nordeste,1344.89
2024-06-14,7521.61,4,Teclado Mecânico,Acessórios,Norte,2125.22
2024-06-14,2157.36,1,Cadeira Gamer,Home Office,Norte,546.5
2024-06-15,19503.92,4,Notebook Pro X,Eletrônicos,Nordeste,3212.06
2024-06-15,4696.25,3,Mesa Escritório,Home Office,Centro-Oeste,891.31
2024-06-15,8922.86,3,Teclado Mecânico,Acessórios,Norte,2259.8
2024-06-15,3886.24,2,Smart Monitor 27,Eletrônicos,Centro-Oeste,843.16
2024-06-15,2144.37,2,Smart Monitor 27,Eletrônicos,Sudeste,607.19
2024-06-15,7670.72,2,Notebook Pro X,Eletrônicos,Sudeste,1690.16
2024-06-15,1382.74,2,Mouse Wireless,Acessórios,Nordeste,355.29
2024-06-15,3980.48,3,Notebook Pro X,Eletrônicos,Sul,938.1
2024-06-16,10517.08,3,Notebook Pro X,Eletrônicos,Sudeste,2182.6
2024-06-16,3720.47,2,Headset Pro,Eletrônicos,Sul,644.31
2024-06-16,896.06,1,Mesa Escritório,Home Office,Centro-Oeste,224.16
2024-06-16,6380.58,3,Mesa Escritório,Home Office,Sul,2157.31
2024-06-16,1449.99,1,Mesa Escritório,Home Office,Norte,283.37
2024-06-17,3889.81,3,Headset Pro,Eletrônicos,Sudeste,807.82
2024-06-17,3511.69,1,Teclado Mecânico,Acessórios,Sul,397.55
2024-06-17,3507.7,4,Teclado Mecânico,Acessórios,Centro-Oeste,870.59
2024-06-17,1685.95,1,Cadeira Gamer,Home Office,Centro-Oeste,371.46
2024-06-17,7553.46,2,Mouse Wireless,Acessórios,Sudeste,1910.06
2024-06-17,4677.47,3,Cadeira Gamer,Home Office,Sul,532.64
2024-06-17,4979.64,1,Mesa Escritório,Home Office,Sul,720.32
2024-06-17,9622.03,2,Teclado Mecânico,Acessórios,Norte,1989.27
2024-06-18,6217.15,2,Smart Monitor 27,Eletrônicos,Nordeste,953.55
2024-06-18,6189.9,2,Smart Monitor 27,Eletrônicos,Centro-Oeste,2063.18
2024-06-18,6636.18,4,Headset Pro,Eletrônicos,Sudeste,910.58
2024-06-18,7759.75,4,Teclado Mecânico,Acessórios,Nordeste,990.82
2024-06-18,14217.54,3,Teclado Mecânico,Acessórios,Nordeste,1699.17
2024-06-18,2145.86,1,Notebook Pro X,Eletrônicos,Sudeste,375.84
2024-06-18,3434.25,3,Webcam HD,Eletrônicos,Nordeste,934.21
2024-06-18,3127.44,3,Smart Monitor 27,Eletrônicos,Sudeste,524.41
2024-06-18,2550.15,2,Cadeira Gamer,Home Office,Nordeste,823.62
2024-06-18,3332.88,4,Notebook Pro X,Eletrônicos,Centro-Oeste,708.01
2024-06-18,4788.3,1,Mouse Wireless,Acessórios,Nordeste,663.0
2024-06-18,1533.37,3,Teclado Mecânico,Acessórios,Sudeste,351.39
2024-06-18,4031.85,1,Notebook Pro X,Eletrônicos,Centro-Oeste,1078.93
2024-06-18,2684.82,1,Notebook Pro X,Eletrônicos,Norte,492.81
2024-06-19,4584.44,3,Headset Pro,Eletrônicos,Sudeste,592.85
2024-06-19,1165.67,1,Teclado Mecânico,Acessórios,Nordeste,213.97
2024-06-19,19462.54,4,Smart Monitor 27,Eletrônicos,Sudeste,5746.88
2024-06-19,7964.9,3,Mesa Escritório,Home Office,Sul,2347.63
2024-06-19,3676.57,1,Smart Monitor 27,Eletrônicos,Centro-Oeste,855.97
2024-06-19,10078.5,3,Cadeira Gamer,Home Office,Nordeste,2803.63
2024-06-19,2828.44,1,Webcam HD,Eletrônicos,Centro-Oeste,403.96
2024-06-19,19183.63,4,Webcam HD,Eletrônicos,Nordeste,4004.64
2024-06-19,4545.6,1,Cadeira Gamer,Home Office,Centro-Oeste,1164.34
2024-06-19,2211.52,2,Cadeira Gamer,Home Office,Norte,638.66
2024-06-20,5619.16,2,Webcam HD,Eletrônicos,Sul,1248.24
2024-06-20,904.48,2,Mouse Wireless,Acessórios,Nordeste,151.12
2024-06-20,1623.15,1,Smart Monitor 27,Eletrônicos,Centro-Oeste,549.3
2024-06-20,1768.33,3,Teclado Mecânico,Acessórios,Centro-Oeste,425.14
2024-06-20,1840.2,2,Mesa Escritório,Home Office,Sul,634.16
2024-06-20,8736.56,4,Smart Monitor 27,Eletrônicos,Sul,1803.01
2024-06-21,8146.42,4,Cadeira Gamer,Home Office,Centro-Oeste,1493.64
2024-06-21,4442.85,1,Smart Monitor 27,Eletrônicos,Sul,745.83
2024-06-21,2455.47,3,Notebook Pro X,Eletrônicos,Sul,803.31
2024-06-21,9064.6,3,Mouse Wireless,Acessórios,Centro-Oeste,2208.21
2024-06-21,2951.74,1,Headset Pro,Eletrônicos,Centro-Oeste,789.2
2024-06-22,2913.72,1,Notebook Pro X,Eletrônicos,Sudeste,504.37
2024-06-22,2684.27,4,Teclado Mecânico,Acessórios,Nordeste,838.53
2024-06-22,12631.04,3,Mesa Escritório,Home Office,Centro-Oeste,2450.05
2024-06-22,1122.69,3,Notebook Pro X,Eletrônicos,Centro-Oeste,254.42
2024-06-22,9790.38,3,Headset Pro,Eletrônicos,Sudeste,2720.77
2024-06-22,4703.46,1,Webcam HD,Eletrônicos,Sudeste,974.28
2024-06-22,8247.72,4,Smart Monitor 27,Eletrônicos,Sul,849.22
2024-06-22,9590.27,3,Mesa Escritório,Home Office,Norte,2878.74
2024-06-23,8211.31,2,Smart Monitor 27,Eletrônicos,Nordeste,1916.77
2024-06-23,923.93,2,Notebook Pro X,Eletrônicos,Centro-Oeste,158.43
2024-06-23,11337.76,4,Teclado Mecânico,Acessórios,Sudeste,1294.25
2024-06-23,5395.9,2,Mouse Wireless,Acessórios,Centro-Oeste,1755.64
2024-06-23,3399.76,1,Teclado Mecânico,Acessórios,Sul,355.57
2024-06-23,2224.57,2,Webcam HD,Eletrônicos,Nordeste,283.9
2024-06-23,8060.27,3,Cadeira Gamer,Home Office,Centro-Oeste,1241.13
2024-06-23,1027.49,1,Mesa Escritório,Home Office,Norte,257.73
2024-06-23,8524.34,2,Mouse Wireless,Acessórios,Sul,2164.85
2024-06-23,9097.27,4,Notebook Pro X,Eletrônicos,Sudeste,1183.93
2024-06-23,14606.93,3,Mesa Escritório,Home Office,Nordeste,4722.2
2024-06-23,10861.34,4,Mouse Wireless,Acessórios,Norte,2314.65
2024-06-23,235.39,1,Teclado Mecânico,Acessórios,Nordeste,72.02
2024-06-24,1591.08,4,Teclado Mecânico,Acessórios,Nordeste,253.44
2024-06-24,5764.06,2,Notebook Pro X,Eletrônicos,Sul,1975.64
2024-06-24,3793.03,3,Notebook Pro X,Eletrônicos,Nordeste,856.53
2024-06-24,8707.85,2,Webcam HD,Eletrônicos,Sul,1151.81
2024-06-24,4913.1,1,Headset Pro,Eletrônicos,Centro-Oeste,1361.69
2024-06-24,3200.03,1,Mesa Escritório,Home Office,Norte,361.97
2024-06-25,9227.35,2,Cadeira Gamer,Home Office,Norte,1318.89
2024-06-25,1670.92,3,Mouse Wireless,Acessórios,Sudeste,551.78
2024-06-25,475.69,1,Mouse Wireless,Acessórios,Nordeste,89.85
2024-06-25,260.06,2,Teclado Mecânico,Acessórios,Centro-Oeste,56.18
2024-06-25,15657.04,4,Cadeira Gamer,Home Office,Sudeste,3691.97
2024-06-26,1293.63,2,Teclado Mecânico,Acessórios,Sudeste,427.08
2024-06-26,4707.15,1,Cadeira Gamer,Home Office,Sudeste,1286.12
2024-06-26,19800.89,4,Teclado Mecânico,Acessórios,Centro-Oeste,4367.34
2024-06-26,4874.16,1,Smart Monitor 27,Eletrônicos,Sudeste,508.34
2024-06-26,16314.96,4,Teclado Mecânico,Acessórios,Sul,2422.47
2024-06-26,6953.74,2,Cadeira Gamer,Home Office,Sudeste,2399.98
2024-06-26,9379.0,3,Smart Monitor 27,Eletrônicos,Sul,3270.22
2024-06-26,2871.14,1,Mouse Wireless,Acessórios,Sul,744.56
2024-06-26,8528.76,4,Mouse Wireless,Acessórios,Norte,929.96
2024-06-26,3229.82,1,Mouse Wireless,Acessórios,Norte,1006.94
2024-06-27,3923.79,3,Cadeira Gamer,Home Office,Norte,945.26
2024-06-27,13043.04,3,Headset Pro,Eletrônicos,Sul,4412.76
2024-06-27,6387.62,2,Notebook Pro X,Eletrônicos,Centro-Oeste,1025.37
2024-06-27,888.29,3,Mesa Escritório,Home Office,Sul,133.43
2024-06-27,1303.03,2,Cadeira Gamer,Home Office,Sul,351.73
2024-06-27,1864.32,1,Mouse Wireless,Acessórios,Sul,382.44
2024-06-27,1683.9,1,Webcam HD,Eletrônicos,Norte,278.01
2024-06-27,8198.82,3,Mesa Escritório,Home Office,Sudeste,1730.25
2024-06-27,9338.97,4,Smart Monitor 27,Eletrônicos,Norte,2211.58
2024-06-27,9724.46,3,Webcam HD,Eletrônicos,Nordeste,3290.69
2024-06-28,8749.62,4,Teclado Mecânico,Acessórios,Nordeste,2285.22
2024-06-28,12566.02,3,Notebook Pro X,Eletrônicos,Sul,1728.5
2024-06-28,10558.98,4,Teclado Mecânico,Acessórios,Nordeste,3504.63
2024-06-28,8605.62,3,Mesa Escritório,Home Office,Nordeste,1568.96
2024-06-28,614.24,2,Mouse Wireless,Acessórios,Sul,151.53
2024-06-28,5958.78,3,Mesa Escritório,Home Office,Centro-Oeste,962.48
2024-06-28,1451.08,1,Mesa Escritório,Home Office,Centro-Oeste,434.07
2024-06-28,2563.62,3,Teclado Mecânico,Acessórios,Sudeste,709.78
2024-06-28,1872.06,1,Mouse Wireless,Acessórios,Centro-Oeste,468.66
2024-06-28,1587.82,3,Cadeira Gamer,Home Office,Norte,310.25
2024-06-28,13619.04,4,Cadeira Gamer,Home Office,Nordeste,2736.52
2024-06-28,4424.81,1,Teclado Mecânico,Acessórios,Nordeste,1487.22
2024-06-29,5728.18,4,Cadeira Gamer,Home Office,Norte,1974.98
2024-06-29,6604.9,2,Smart Monitor 27,Eletrônicos,Norte,2046.48
2024-06-29,7384.77,4,Webcam HD,Eletrônicos,Nordeste,1091.61
2024-06-29,4943.11,2,Mouse Wireless,Acessórios,Nordeste,1361.66
2024-06-29,16542.36,4,Cadeira Gamer,Home Office,Centro-Oeste,3135.78
2024-06-29,9694.82,2,Mouse Wireless,Acessórios,Sudeste,2653.88
2024-06-30,3130.87,3,Teclado Mecânico,Acessórios,Centro-Oeste,591.8
2024-06-30,4326.26,1,Smart Monitor 27,Eletrônicos,Sudeste,1308.47
2024-06-30,4988.49,1,Smart Monitor 27,Eletrônicos,Centro-Oeste,703.52
2024-06-30,19556.82,4,Mesa Escritório,Home Office,Centro-Oeste,2210.36
2024-06-30,1103.62,1,Headset Pro,Eletrônicos,Nordeste,193.53
